frame,task_id,family,split,method,scope,direction,draw,k,gap,n_features,closed_pct,proj_pct,pred_pct
6,0,cover,test,sel_capped,all,inject,,,0.39580032229423523,129,-1.789907351597475,-1.7093067370859765,-1.8926367163658142
6,0,cover,test,rand_sel_same_norm,all,inject,0,,0.39580032229423523,129,0.26492270264226736,0.27000626807806766,
6,0,cover,test,rand_sel_same_norm,all,inject,1,,0.39580032229423523,129,-0.11924684065898195,-0.07993436264538549,
6,0,cover,test,rand_sel_same_norm,all,inject,2,,0.39580032229423523,129,-0.013365103376261622,0.020856004522017194,
6,0,cover,test,rand_sel_same_norm,all,inject,3,,0.39580032229423523,129,0.25058627626007857,0.25798285833926154,
6,0,cover,test,rand_sel_same_norm,all,inject,4,,0.39580032229423523,129,-0.018937033797894465,-0.011720496115226537,
6,0,cover,test,sel_uncapped,all,inject,,,0.39580032229423523,457,-2.294084228763893,-2.022889899241134,-3.3463802188634872
6,0,cover,test,sel_target,all,inject,,,0.39580032229423523,129,-1.5489514794039927,-1.4696062351179346,
6,0,cover,test,sel_xtask,all,inject,,,0.39580032229423523,132,-0.9253771688644941,-0.8957221073787215,-1.0561703704297543
6,0,cover,test,color,all,inject,,,0.39580032229423523,130,-0.23557218266443414,-0.23278444529574543,
6,0,cover,test,sel_capped,all,remove,,,0.39580032229423523,129,0.22978189280735695,0.2588489043147336,-0.16071556601673365
6,0,cover,test,attr,all,inject,,,0.39580032229423523,100,2.7935400243433106,3.3021172319749814,2.4748174473643303
6,0,cover,test,rand_attr_same_norm,all,inject,0,,0.39580032229423523,100,0.1861401242615801,0.2275940940050823,
6,0,cover,test,rand_attr_same_norm,all,inject,1,,0.39580032229423523,100,-0.05487598501752178,-0.047743427350518404,
6,0,cover,test,rand_attr_same_norm,all,inject,2,,0.39580032229423523,100,-0.3571080325777132,-0.33534799247569735,
6,0,cover,test,rand_attr_same_norm,all,inject,3,,0.39580032229423523,100,0.10399932835649661,0.13512602793871328,
6,0,cover,test,rand_attr_same_norm,all,inject,4,,0.39580032229423523,100,-0.6330917700705374,-0.6235812575986587,
6,0,cover,test,attr,all,remove,,,0.39580032229423523,100,6.575103786616143,8.03028766630083,5.408753827214241
6,0,cover,test,rand_attr_same_norm,all,remove,0,,0.39580032229423523,100,1.325343887874686,1.3595458067579578,
6,0,cover,test,rand_attr_same_norm,all,remove,1,,0.39580032229423523,100,0.17022247438135407,0.1796170574993434,
6,0,cover,test,rand_attr_same_norm,all,remove,2,,0.39580032229423523,100,-0.126543057657047,-0.11590284837730047,
6,0,cover,test,attr_xtask,all,inject,,,0.39580032229423523,100,-0.4200331981638161,-0.34632957611007814,-0.5259128287434578
6,0,cover,test,rand_attr_raw,all,inject,0,,0.39580032229423523,100,0.32052153268746775,0.3400225263811513,0.3517267294228077
6,0,cover,test,rand_attr_raw,all,inject,1,,0.39580032229423523,100,-0.2207086817829218,-0.20142140301893946,0.044174783397465944
6,0,cover,test,single_attr_0,all,inject,,,0.39580032229423523,1,0.0,0.0,0.0
6,0,cover,test,single_attr_1,all,inject,,,0.39580032229423523,1,0.0,0.0,0.0
6,0,cover,test,single_attr_2,all,inject,,,0.39580032229423523,1,0.0,0.0,0.0
6,0,cover,test,mlp_ceiling,all,inject,,,0.39580032229423523,,94.34699422589887,102.31935672951992,
6,0,cover,test,mlp_ceiling,all,remove,,,0.39580032229423523,,88.86141743133254,102.49128513211012,
6,0,cover,test,all_tc,all,inject,,,0.39580032229423523,73728,69.17276598532248,90.37630905647053,10.404928773641586
6,0,cover,test,tc_error,all,inject,,,0.39580032229423523,,-76.62379417590208,17.862520589212384,
6,0,cover,test,k_attr_10,all,inject,,10,0.39580032229423523,10,0.024546612398068657,0.027121398871745948,0.05653203697875142
6,0,cover,test,k_random_10,all,inject,,10,0.39580032229423523,10,0.013131684669398513,0.014279490826277488,0.010072209988720715
6,0,cover,test,k_magnitude_10,all,inject,,10,0.39580032229423523,10,2.0026647380759766,2.213147918815453,1.7054127529263496
6,0,cover,test,k_oracle_10,all,inject,,10,0.39580032229423523,10,11.064114471545693,14.087189552942322,11.915411055088043
6,0,cover,test,k_attr_30,all,inject,,30,0.39580032229423523,30,-0.2355646530287414,-0.21970578406851532,-0.0012595028238138184
6,0,cover,test,k_random_30,all,inject,,30,0.39580032229423523,30,-0.08601855829313276,-0.08474738319154969,-0.010593130718916655
6,0,cover,test,k_magnitude_30,all,inject,,30,0.39580032229423523,30,2.248861236720079,2.577828092469262,2.1944016218185425
6,0,cover,test,k_oracle_30,all,inject,,30,0.39580032229423523,30,-50.93257173578056,28.72477854095318,23.157240450382233
6,0,cover,test,k_attr_100,all,inject,,100,0.39580032229423523,100,2.7935400243433106,3.3021172319749814,2.4748174473643303
6,0,cover,test,k_random_100,all,inject,,100,0.39580032229423523,100,-0.188481840965804,-0.16445553219309247,-0.05018971860408783
6,0,cover,test,k_magnitude_100,all,inject,,100,0.39580032229423523,100,2.0668473528247966,2.4089152376695186,1.3478935696184635
6,0,cover,test,k_oracle_100,all,inject,,100,0.39580032229423523,100,-50.161537039595714,40.420553904166894,43.23970079421997
6,0,cover,test,k_attr_300,all,inject,,300,0.39580032229423523,300,2.3813602362197317,3.402265378641486,1.7079437151551247
6,0,cover,test,k_random_300,all,inject,,300,0.39580032229423523,300,0.21540028861093408,0.23750088596663635,0.20334541331976652
6,0,cover,test,k_magnitude_300,all,inject,,300,0.39580032229423523,300,5.815657199781188,6.259248404607809,4.175127297639847
6,0,cover,test,k_oracle_300,all,inject,,300,0.39580032229423523,300,-40.47753702604238,55.883949023980016,72.70755171775818
6,0,cover,test,k_attr_1000,all,inject,,1000,0.39580032229423523,1000,5.7692068771174725,8.444412170376928,2.702324464917183
6,0,cover,test,k_random_1000,all,inject,,1000,0.39580032229423523,1000,0.19767552616153372,0.2375203717972578,-0.08728101383894682
6,0,cover,test,k_magnitude_1000,all,inject,,1000,0.39580032229423523,1000,6.459636823081039,7.819121921184408,2.812682092189789
6,0,cover,test,k_oracle_1000,all,inject,,1000,0.39580032229423523,1000,-22.367437939801317,85.17505744107615,121.01047039031982
6,0,cover,test,k_attr_3000,all,inject,,3000,0.39580032229423523,3000,24.28601923596033,31.273249069028434,2.538750506937504
6,0,cover,test,k_random_3000,all,inject,,3000,0.39580032229423523,3000,0.922764385274899,1.558216813320416,0.379597139544785
6,0,cover,test,k_magnitude_3000,all,inject,,3000,0.39580032229423523,3000,13.70392945333715,18.605669838608403,4.153284430503845
6,0,cover,test,k_oracle_3000,all,inject,,3000,0.39580032229423523,3000,-18.782021187641917,100.59148045785886,175.13023614883423
6,0,cover,test,k_attr_30,all,remove,,30,0.39580032229423523,30,-0.35664119516400916,-0.3283724184128,-0.05978996632620692
6,0,cover,test,k_attr_100,all,remove,,100,0.39580032229423523,100,6.575103786616143,8.03028766630083,5.408753827214241
6,0,cover,test,k_attr_300,all,remove,,300,0.39580032229423523,300,11.764792251703671,15.192193231606245,8.278301358222961
6,0,cover,test,k_attr_1000,all,remove,,1000,0.39580032229423523,1000,25.036686267563347,36.709782115257845,14.200395345687866
6,0,cover,test,mlp_ceiling,occluder_tokens,inject,,,0.39580032229423523,,75.36722786296515,92.08491365140877,
6,0,cover,test,attr,occluder_tokens,inject,,,0.39580032229423523,,-0.4016157092295636,-0.22974465571880048,
6,0,cover,test,mlp_ceiling,other_tokens,inject,,,0.39580032229423523,,13.67576861580071,28.324689487717784,
6,0,cover,test,attr,other_tokens,inject,,,0.39580032229423523,,2.901537589259129,3.1083749175996673,
6,0,paint,test,sel_capped,all,inject,,,0.3423612713813782,12,0.06002051927019858,0.06381211201710517,-0.06257172208279371
6,0,paint,test,rand_sel_same_norm,all,inject,0,,0.3423612713813782,12,0.303401766300726,0.31093657434240213,
6,0,paint,test,rand_sel_same_norm,all,inject,1,,0.3423612713813782,12,0.004100023868924829,0.00600945755380885,
6,0,paint,test,rand_sel_same_norm,all,inject,2,,0.3423612713813782,12,-0.020030052913821983,-0.015826732624126864,
6,0,paint,test,sel_capped,all,remove,,,0.3423612713813782,12,-0.10468553513320877,-0.09848027559507332,0.0864608446136117
6,0,paint,test,attr,all,inject,,,0.3423612713813782,100,11.543099259401634,12.97718542717208,7.212492078542709
6,0,paint,test,rand_attr_same_norm,all,inject,0,,0.3423612713813782,100,0.5263177137222352,0.5781681184123865,
6,0,paint,test,rand_attr_same_norm,all,inject,1,,0.3423612713813782,100,-0.5331162671014855,-0.45060753242995116,
6,0,paint,test,rand_attr_same_norm,all,inject,2,,0.3423612713813782,100,-0.061552587637359046,0.21075037579577205,
6,0,paint,test,attr,all,remove,,,0.3423612713813782,100,55.49307444163507,66.20830841666296,45.65439820289612
6,0,paint,test,rand_attr_same_norm,all,remove,0,,0.3423612713813782,100,2.7001747428431977,2.8238682260170673,
6,0,paint,test,rand_attr_same_norm,all,remove,1,,0.3423612713813782,100,0.44888732664342124,0.5847227287759484,
6,0,paint,test,rand_attr_same_norm,all,remove,2,,0.3423612713813782,100,7.654683628752679,8.255588362440312,
6,0,paint,test,mlp_ceiling,all,inject,,,0.3423612713813782,,94.3673675139527,96.931378955102,
6,0,paint,test,mlp_ceiling,all,remove,,,0.3423612713813782,,95.5496052617147,99.65681248191981,
6,0,paint,test,all_tc,all,inject,,,0.3423612713813782,73728,81.42124454788227,88.80304112475717,62.75146007537842
6,0,paint,test,k_attr_10,all,inject,,10,0.3423612713813782,10,0.6479082304975958,0.6779477889479057,0.751747190952301
6,0,paint,test,k_random_10,all,inject,,10,0.3423612713813782,10,0.05191622580529298,0.054109306891302444,-0.00570075681025628
6,0,paint,test,k_attr_30,all,inject,,30,0.3423612713813782,30,4.06644023392595,4.40113210873652,2.397277392446995
6,0,paint,test,k_random_30,all,inject,,30,0.3423612713813782,30,-0.23263065365870528,-0.22967011024853687,0.011485122377052903
6,0,paint,test,k_attr_100,all,inject,,100,0.3423612713813782,100,11.543099259401634,12.97718542717208,7.212492078542709
6,0,paint,test,k_random_100,all,inject,,100,0.3423612713813782,100,0.23382322960360247,0.2428429871889802,0.15707523562014103
6,0,paint,test,k_attr_300,all,inject,,300,0.3423612713813782,300,26.753047466785883,31.688788144590117,9.055434912443161
6,0,paint,test,k_random_300,all,inject,,300,0.3423612713813782,300,0.7131865298459994,0.7979542621291685,0.5423541180789471
6,0,paint,test,k_attr_1000,all,inject,,1000,0.3423612713813782,1000,50.8341285290455,56.69616899625718,16.979584097862244
6,0,paint,test,k_random_1000,all,inject,,1000,0.3423612713813782,1000,4.842998682595301,5.032151338563362,4.922427237033844
6,0,paint,test,k_attr_3000,all,inject,,3000,0.3423612713813782,3000,63.62037722308778,70.01517270634979,29.749953746795654
6,0,paint,test,k_random_3000,all,inject,,3000,0.3423612713813782,3000,1.7624096231999675,2.190829577739035,1.5726463869214058
7,0,cover,test,sel_capped,all,inject,,,0.8347117900848389,129,0.3137000915443555,0.324895334909518,0.30756897758692503
7,0,cover,test,rand_sel_same_norm,all,inject,0,,0.8347117900848389,129,0.0971498428321893,0.09828981432510325,
7,0,cover,test,rand_sel_same_norm,all,inject,1,,0.8347117900848389,129,0.11324508323966587,0.1154180367944321,
7,0,cover,test,rand_sel_same_norm,all,inject,2,,0.8347117900848389,129,0.061353285528420454,0.06232038582148692,
7,0,cover,test,rand_sel_same_norm,all,inject,3,,0.8347117900848389,129,0.08761694755978766,0.08961626958576815,
7,0,cover,test,rand_sel_same_norm,all,inject,4,,0.8347117900848389,129,0.0037917358723937866,0.004862102381863583,
7,0,cover,test,sel_uncapped,all,inject,,,0.8347117900848389,457,0.06051067755677986,0.10851389415535212,0.226093758828938
7,0,cover,test,sel_target,all,inject,,,0.8347117900848389,129,0.35857253640708686,0.37394786917072914,
7,0,cover,test,sel_xtask,all,inject,,,0.8347117900848389,132,0.2991972373883711,0.30662821939939794,0.2238341374322772
7,0,cover,test,color,all,inject,,,0.8347117900848389,130,0.13715229924865513,0.13857990783793644,
7,0,cover,test,sel_capped,all,remove,,,0.8347117900848389,129,3.8303601649226637,6.101394225745434,1.4131822623312473
7,0,cover,test,attr,all,inject,,,0.8347117900848389,100,0.48078639602289197,0.5241552136734489,0.6401432678103447
7,0,cover,test,rand_attr_same_norm,all,inject,0,,0.8347117900848389,100,-0.1366453063165629,-0.1294826221965469,
7,0,cover,test,rand_attr_same_norm,all,inject,1,,0.8347117900848389,100,-0.015424010328368709,-0.01464719706215042,
7,0,cover,test,rand_attr_same_norm,all,inject,2,,0.8347117900848389,100,-0.22384094989054137,-0.21526734424930374,
7,0,cover,test,rand_attr_same_norm,all,inject,3,,0.8347117900848389,100,-0.19874837012483493,-0.1850927708680216,
7,0,cover,test,rand_attr_same_norm,all,inject,4,,0.8347117900848389,100,-0.028363041214962692,-0.026578259915642208,
7,0,cover,test,attr,all,remove,,,0.8347117900848389,100,4.86245495974762,7.235303126151713,2.0727576687932014
7,0,cover,test,rand_attr_same_norm,all,remove,0,,0.8347117900848389,100,-1.3020078348259911,0.05963389685532702,
7,0,cover,test,rand_attr_same_norm,all,remove,1,,0.8347117900848389,100,0.07809833377844244,0.15918238285534705,
7,0,cover,test,rand_attr_same_norm,all,remove,2,,0.8347117900848389,100,-1.5355316356448823,-0.2628249492542375,
7,0,cover,test,attr_xtask,all,inject,,,0.8347117900848389,100,0.2900856461018009,0.31389087912966324,0.3055970650166273
7,0,cover,test,rand_attr_raw,all,inject,0,,0.8347117900848389,100,-0.07499210947619073,-0.07275865199411762,-0.0407801620895043
7,0,cover,test,rand_attr_raw,all,inject,1,,0.8347117900848389,100,-0.09259404718890973,-0.09138142486678455,-0.02611628151498735
7,0,cover,test,single_attr_0,all,inject,,,0.8347117900848389,1,0.0,0.0,0.0
7,0,cover,test,single_attr_1,all,inject,,,0.8347117900848389,1,0.0,0.0,0.0
7,0,cover,test,single_attr_2,all,inject,,,0.8347117900848389,1,0.0,0.0,0.0
7,0,cover,test,mlp_ceiling,all,inject,,,0.8347117900848389,,67.17465335250861,84.64345626822796,
7,0,cover,test,mlp_ceiling,all,remove,,,0.8347117900848389,,82.6188184351199,95.34062545560121,
7,0,cover,test,all_tc,all,inject,,,0.8347117900848389,73728,32.90557649380826,57.70264985486462,2.764660120010376
7,0,cover,test,tc_error,all,inject,,,0.8347117900848389,,2.948728019000091,4.511633825836288,
7,0,cover,test,k_attr_10,all,inject,,10,0.8347117900848389,10,0.04984954449184231,0.05052084604323839,0.03187474503647536
7,0,cover,test,k_random_10,all,inject,,10,0.8347117900848389,10,0.002956268646270299,0.0032569654929841714,-0.007260685379151255
7,0,cover,test,k_magnitude_10,all,inject,,10,0.8347117900848389,10,0.0037774543813484662,0.041208793558995545,0.09405821328982711
7,0,cover,test,k_oracle_10,all,inject,,10,0.8347117900848389,10,2.2818466539180515,2.4630540658243247,2.5807544589042664
7,0,cover,test,k_attr_30,all,inject,,30,0.8347117900848389,30,0.23478771277636312,0.23767067838199232,0.24457264225929976
7,0,cover,test,k_random_30,all,inject,,30,0.8347117900848389,30,-0.0061053374216468725,-0.005663244972020219,0.0037623027310473844
7,0,cover,test,k_magnitude_30,all,inject,,30,0.8347117900848389,30,0.145656927165827,0.20018010033238162,0.24235863238573074
7,0,cover,test,k_oracle_30,all,inject,,30,0.8347117900848389,30,4.749759713913171,5.407369273346961,5.844365432858467
7,0,cover,test,k_attr_100,all,inject,,100,0.8347117900848389,100,0.48078639602289197,0.5241552136734489,0.6401432678103447
7,0,cover,test,k_random_100,all,inject,,100,0.8347117900848389,100,0.09068746813442052,0.09323655772088016,0.09140976471826434
7,0,cover,test,k_magnitude_100,all,inject,,100,0.8347117900848389,100,0.5951311540730142,0.7050069947495968,1.0060601867735386
7,0,cover,test,k_oracle_100,all,inject,,100,0.8347117900848389,100,8.762080356237512,11.305372167920293,12.698166072368622
7,0,cover,test,k_attr_300,all,inject,,300,0.8347117900848389,300,0.5063002797744076,0.5453137837004111,0.708913104608655
7,0,cover,test,k_random_300,all,inject,,300,0.8347117900848389,300,0.27170536712715077,0.27657655324425606,0.2962057711556554
7,0,cover,test,k_magnitude_300,all,inject,,300,0.8347117900848389,300,1.6078174025681014,1.9354510459821683,2.3659124970436096
7,0,cover,test,k_oracle_300,all,inject,,300,0.8347117900848389,300,13.258679219145197,21.12357907172172,24.101080000400543
7,0,cover,test,k_attr_1000,all,inject,,1000,0.8347117900848389,1000,0.764138319097063,0.8660758086002491,1.1660254560410976
7,0,cover,test,k_random_1000,all,inject,,1000,0.8347117900848389,1000,-0.20728870176962566,-0.18311176106958427,-0.23433857131749392
7,0,cover,test,k_magnitude_1000,all,inject,,1000,0.8347117900848389,1000,1.9280155725378334,2.3771143806983392,3.0389340594410896
7,0,cover,test,k_oracle_1000,all,inject,,1000,0.8347117900848389,1000,15.45068101290047,27.138345713171937,44.705694913864136
7,0,cover,test,k_attr_3000,all,inject,,3000,0.8347117900848389,3000,2.1065342105977214,3.4241239003781216,2.985544130206108
7,0,cover,test,k_random_3000,all,inject,,3000,0.8347117900848389,3000,-1.1582717682056876,-0.9407635125453411,-0.6987327709794044
7,0,cover,test,k_magnitude_3000,all,inject,,3000,0.8347117900848389,3000,2.243293768842647,2.8353598397034596,3.753870353102684
7,0,cover,test,k_oracle_3000,all,inject,,3000,0.8347117900848389,3000,17.014218652484193,33.577820284914615,69.457346200943
7,0,cover,test,k_attr_30,all,remove,,30,0.8347117900848389,30,0.7917944265053101,0.8198387871731482,0.7697442080825567
7,0,cover,test,k_attr_100,all,remove,,100,0.8347117900848389,100,4.86245495974762,7.235303126151713,2.0727576687932014
7,0,cover,test,k_attr_300,all,remove,,300,0.8347117900848389,300,36.94300399738935,61.76163507727309,6.350149214267731
7,0,cover,test,k_attr_1000,all,remove,,1000,0.8347117900848389,1000,46.987173078818124,70.41502024511892,14.687028527259827
7,0,cover,test,mlp_ceiling,occluder_tokens,inject,,,0.8347117900848389,,7.255925747671766,19.86706925388712,
7,0,cover,test,attr,occluder_tokens,inject,,,0.8347117900848389,,0.5220099199236827,0.540766033017283,
7,0,cover,test,mlp_ceiling,other_tokens,inject,,,0.8347117900848389,,4.363116906857545,7.503618216665009,
7,0,cover,test,attr,other_tokens,inject,,,0.8347117900848389,,0.0634312424754424,0.07871499012655468,
7,0,paint,test,sel_capped,all,inject,,,0.2145417481660843,12,0.014127302554101107,0.0466711834023308,-0.7506597321480513
7,0,paint,test,rand_sel_same_norm,all,inject,0,,0.2145417481660843,12,0.550124384856332,0.5622988297464755,
7,0,paint,test,rand_sel_same_norm,all,inject,1,,0.2145417481660843,12,-0.4790780830736807,-0.4698608540594094,
7,0,paint,test,rand_sel_same_norm,all,inject,2,,0.2145417481660843,12,-0.20028958886562087,-0.19418935306618215,
7,0,paint,test,sel_capped,all,remove,,,0.2145417481660843,12,-2.1624079980257838,-2.1218289304875895,-2.415371686220169
7,0,paint,test,attr,all,inject,,,0.2145417481660843,100,0.6727902110156392,0.9619776381200359,-0.07295031100511551
7,0,paint,test,rand_attr_same_norm,all,inject,0,,0.2145417481660843,100,-0.33522130308321074,-0.3189862856956214,
7,0,paint,test,rand_attr_same_norm,all,inject,1,,0.2145417481660843,100,-0.603376119705068,-0.5683813514035417,
7,0,paint,test,rand_attr_same_norm,all,inject,2,,0.2145417481660843,100,1.0026773113645637,1.0499517001957328,
7,0,paint,test,attr,all,remove,,,0.2145417481660843,100,27.117926789873326,37.76012573222243,24.637190997600555
7,0,paint,test,rand_attr_same_norm,all,remove,0,,0.2145417481660843,100,1.2129963126629062,1.2753156995142434,
7,0,paint,test,rand_attr_same_norm,all,remove,1,,0.2145417481660843,100,-1.2469462904822093,-1.1658806281496397,
7,0,paint,test,rand_attr_same_norm,all,remove,2,,0.2145417481660843,100,23.33213614746792,33.91773393112456,
7,0,paint,test,mlp_ceiling,all,inject,,,0.2145417481660843,,47.60668978478645,65.38978338671431,
7,0,paint,test,mlp_ceiling,all,remove,,,0.2145417481660843,,91.88599610644874,96.28779982107939,
7,0,paint,test,all_tc,all,inject,,,0.2145417481660843,73728,42.41336070538719,56.17199158343796,25.642666220664978
7,0,paint,test,k_attr_10,all,inject,,10,0.2145417481660843,10,-0.29925710808560435,-0.2837922903738768,-0.23437594063580036
7,0,paint,test,k_random_10,all,inject,,10,0.2145417481660843,10,-0.08399980191216017,-0.07661361699069191,0.044777849689126015
7,0,paint,test,k_attr_30,all,inject,,30,0.2145417481660843,30,0.10246808976435151,0.17162790489964486,-0.5339122842997313
7,0,paint,test,k_random_30,all,inject,,30,0.2145417481660843,30,0.31362056023992446,0.3241966977487757,-0.016666211013216525
7,0,paint,test,k_attr_100,all,inject,,100,0.2145417481660843,100,0.6727902110156392,0.9619776381200359,-0.07295031100511551
7,0,paint,test,k_random_100,all,inject,,100,0.2145417481660843,100,0.055682686615654564,0.06800177745714228,0.29663832392543554
7,0,paint,test,k_attr_300,all,inject,,300,0.2145417481660843,300,3.523921572495181,4.154417327594739,2.830328419804573
7,0,paint,test,k_random_300,all,inject,,300,0.2145417481660843,300,0.15395564818794227,0.24260445506052186,0.4275646526366472
7,0,paint,test,k_attr_1000,all,inject,,1000,0.2145417481660843,1000,26.85871787575378,37.11804143020936,5.8875881135463715
7,0,paint,test,k_random_1000,all,inject,,1000,0.2145417481660843,1000,1.6200904411295403,1.6704401320403817,1.177806407213211
7,0,paint,test,k_attr_3000,all,inject,,3000,0.2145417481660843,3000,32.644792870060144,44.53661372611886,8.605004101991653
7,0,paint,test,k_random_3000,all,inject,,3000,0.2145417481660843,3000,1.2329787361870737,1.4429945763209129,-0.4646296612918377
8,0,cover,test,sel_capped,all,inject,,,0.6542420983314514,129,0.788467143163385,0.8282529818312079,0.9034673683345318
8,0,cover,test,rand_sel_same_norm,all,inject,0,,0.6542420983314514,129,0.3690567392963806,0.373231801568622,
8,0,cover,test,rand_sel_same_norm,all,inject,1,,0.6542420983314514,129,0.08676828322246033,0.09778141813430455,
8,0,cover,test,rand_sel_same_norm,all,inject,2,,0.6542420983314514,129,-0.04055989047735409,-0.03210448258902181,
8,0,cover,test,rand_sel_same_norm,all,inject,3,,0.6542420983314514,129,-0.589648973826562,-0.5706887110100546,
8,0,cover,test,rand_sel_same_norm,all,inject,4,,0.6542420983314514,129,0.7395711565973406,0.7588523838098505,
8,0,cover,test,sel_uncapped,all,inject,,,0.6542420983314514,457,0.4600796201947088,0.6235875257459632,0.8218574337661266
8,0,cover,test,sel_target,all,inject,,,0.6542420983314514,129,0.8991960085860895,0.9404952185486233,
8,0,cover,test,sel_xtask,all,inject,,,0.6542420983314514,132,1.8351710553251688,1.9063800730063951,1.4843208715319633
8,0,cover,test,color,all,inject,,,0.6542420983314514,130,0.1018188086197247,0.1074024253997283,
8,0,cover,test,sel_capped,all,remove,,,0.6542420983314514,129,0.9649555075675775,1.0109470538378114,0.4785347729921341
8,0,cover,test,attr,all,inject,,,0.6542420983314514,100,2.926151936875987,3.1168644691345855,3.260737657546997
8,0,cover,test,rand_attr_same_norm,all,inject,0,,0.6542420983314514,100,0.5126835751848913,0.52951718762668,
8,0,cover,test,rand_attr_same_norm,all,inject,1,,0.6542420983314514,100,0.016526424376894777,0.01956552303245178,
8,0,cover,test,rand_attr_same_norm,all,inject,2,,0.6542420983314514,100,0.320698271494535,0.33029704271415977,
8,0,cover,test,rand_attr_same_norm,all,inject,3,,0.6542420983314514,100,0.15959752052615572,0.16649689369135035,
8,0,cover,test,rand_attr_same_norm,all,inject,4,,0.6542420983314514,100,0.05188422647541824,0.05342498540665279,
8,0,cover,test,attr,all,remove,,,0.6542420983314514,100,0.2142695561853314,0.2721308815432076,-0.2085303422063589
8,0,cover,test,rand_attr_same_norm,all,remove,0,,0.6542420983314514,100,-0.2952982322647735,-0.29354342531210903,
8,0,cover,test,rand_attr_same_norm,all,remove,1,,0.6542420983314514,100,-0.052294198414215565,-0.050998818357111154,
8,0,cover,test,rand_attr_same_norm,all,remove,2,,0.6542420983314514,100,-0.13960911088839456,-0.13434177291321978,
8,0,cover,test,attr_xtask,all,inject,,,0.6542420983314514,100,1.9871157663272965,2.0797372228623137,2.2202283143997192
8,0,cover,test,rand_attr_raw,all,inject,0,,0.6542420983314514,100,0.29353990817174713,0.30201958776743104,0.11700295144692063
8,0,cover,test,rand_attr_raw,all,inject,1,,0.6542420983314514,100,0.41672281004606626,0.42398091526682913,0.30308214481920004
8,0,cover,test,single_attr_0,all,inject,,,0.6542420983314514,1,0.0,0.0,0.0
8,0,cover,test,single_attr_1,all,inject,,,0.6542420983314514,1,0.0,0.0,0.0
8,0,cover,test,single_attr_2,all,inject,,,0.6542420983314514,1,-0.04391254988789228,-0.04284310084765866,-0.00229048036999302
8,0,cover,test,mlp_ceiling,all,inject,,,0.6542420983314514,,62.72600272531123,77.86907453256474,
8,0,cover,test,mlp_ceiling,all,remove,,,0.6542420983314514,,72.90203009904648,85.04221411107956,
8,0,cover,test,all_tc,all,inject,,,0.6542420983314514,73728,57.201580742470114,76.75433619975628,24.822600185871124
8,0,cover,test,tc_error,all,inject,,,0.6542420983314514,,5.648556930662174,10.732662228851286,
8,0,cover,test,k_attr_10,all,inject,,10,0.6542420983314514,10,0.05044476944590093,0.05230777227782082,-0.11495532235130668
8,0,cover,test,k_random_10,all,inject,,10,0.6542420983314514,10,0.015588044161451986,0.015868073602462847,0.007366432691924274
8,0,cover,test,k_magnitude_10,all,inject,,10,0.6542420983314514,10,2.4609157807400805,2.63620482857889,3.5236015915870667
8,0,cover,test,k_oracle_10,all,inject,,10,0.6542420983314514,10,12.06230370885214,15.236858787758539,10.312013328075409
8,0,cover,test,k_attr_30,all,inject,,30,0.6542420983314514,30,0.21433332959803764,0.2256896643249409,-0.23275534622371197
8,0,cover,test,k_random_30,all,inject,,30,0.6542420983314514,30,0.07422314189556856,0.07649853836721449,0.049046159256249666
8,0,cover,test,k_magnitude_30,all,inject,,30,0.6542420983314514,30,3.016527973159777,3.2882768578955237,5.06899431347847
8,0,cover,test,k_oracle_30,all,inject,,30,0.6542420983314514,30,16.393657242140634,21.421906950101263,22.10249751806259
8,0,cover,test,k_attr_100,all,inject,,100,0.6542420983314514,100,2.926151936875987,3.1168644691345855,3.260737657546997
8,0,cover,test,k_random_100,all,inject,,100,0.6542420983314514,100,-0.0073248319730101485,-0.004694237713935179,-0.13702389551326632
8,0,cover,test,k_magnitude_100,all,inject,,100,0.6542420983314514,100,3.406557054747017,3.584851333422421,5.371510609984398
8,0,cover,test,k_oracle_100,all,inject,,100,0.6542420983314514,100,20.445819885114936,27.839506524924925,45.239078998565674
8,0,cover,test,k_attr_300,all,inject,,300,0.6542420983314514,300,3.264123692724752,3.4698055055569115,3.5961393266916275
8,0,cover,test,k_random_300,all,inject,,300,0.6542420983314514,300,-0.0068693075965686745,0.008231003396972452,0.048448488814756274
8,0,cover,test,k_magnitude_300,all,inject,,300,0.6542420983314514,300,3.8316706238069265,4.111023157973217,3.062880039215088
8,0,cover,test,k_oracle_300,all,inject,,300,0.6542420983314514,300,25.164132265693517,35.852833823111816,83.6269736289978
8,0,cover,test,k_attr_1000,all,inject,,1000,0.6542420983314514,1000,10.434186703589654,12.441034588967009,6.038050353527069
8,0,cover,test,k_random_1000,all,inject,,1000,0.6542420983314514,1000,-0.2701623971733458,-0.21569007915425925,-0.5491099786013365
8,0,cover,test,k_magnitude_1000,all,inject,,1000,0.6542420983314514,1000,3.0724754770729557,3.438434376541804,0.5350218620151281
8,0,cover,test,k_oracle_1000,all,inject,,1000,0.6542420983314514,1000,34.45497556066168,49.34475237633891,153.08717489242554
8,0,cover,test,k_attr_3000,all,inject,,3000,0.6542420983314514,3000,11.065935240285917,13.52984616895178,9.249857068061829
8,0,cover,test,k_random_3000,all,inject,,3000,0.6542420983314514,3000,0.3690385183213296,0.5174134369967175,-0.6073589436709881
8,0,cover,test,k_magnitude_3000,all,inject,,3000,0.6542420983314514,3000,9.906051741556244,12.081530700005011,0.9553808718919754
8,0,cover,test,k_oracle_3000,all,inject,,3000,0.6542420983314514,3000,37.908638391175366,55.56092944786151,232.2261095046997
8,0,cover,test,k_attr_30,all,remove,,30,0.6542420983314514,30,0.187584938214036,0.19404824614251068,0.27759657241404057
8,0,cover,test,k_attr_100,all,remove,,100,0.6542420983314514,100,0.2142695561853314,0.2721308815432076,-0.2085303422063589
8,0,cover,test,k_attr_300,all,remove,,300,0.6542420983314514,300,-0.5878542077834448,-0.4924501525583915,-1.2696048244833946
8,0,cover,test,k_attr_1000,all,remove,,1000,0.6542420983314514,1000,-1.7083166269768357,-1.5663638997238147,-3.1074227765202522
8,0,cover,test,mlp_ceiling,occluder_tokens,inject,,,0.6542420983314514,,39.315548203999484,56.7243027226197,
8,0,cover,test,attr,occluder_tokens,inject,,,0.6542420983314514,,2.1518607123071076,2.223995685902406,
8,0,cover,test,mlp_ceiling,other_tokens,inject,,,0.6542420983314514,,-0.6067675798928196,3.614368096129942,
8,0,cover,test,attr,other_tokens,inject,,,0.6542420983314514,,0.9440560491769556,1.0091547543736819,
8,0,paint,test,sel_capped,all,inject,,,0.1556071639060974,12,-0.530211766778832,-0.47987637971666,-0.8123286999762058
8,0,paint,test,rand_sel_same_norm,all,inject,0,,0.1556071639060974,12,-0.18988529698484857,-0.147116824405841,
8,0,paint,test,rand_sel_same_norm,all,inject,1,,0.1556071639060974,12,0.0,0.0,
8,0,paint,test,rand_sel_same_norm,all,inject,2,,0.1556071639060974,12,-0.3483608519700976,-0.31241756651521096,
8,0,paint,test,sel_capped,all,remove,,,0.1556071639060974,12,0.8953404413834853,1.0820103253546476,0.027651828713715076
8,0,paint,test,attr,all,inject,,,0.1556071639060974,100,-3.2237599376401693,-1.6001613725247923,-3.5771209746599197
8,0,paint,test,rand_attr_same_norm,all,inject,0,,0.1556071639060974,100,-0.5353158498537791,-0.4758915451498724,
8,0,paint,test,rand_attr_same_norm,all,inject,1,,0.1556071639060974,100,2.9390421177826975,5.298345617236896,
8,0,paint,test,rand_attr_same_norm,all,inject,2,,0.1556071639060974,100,-0.8724343124618228,-0.5314048903771887,
8,0,paint,test,attr,all,remove,,,0.1556071639060974,100,7.541555663233934,8.98435715325824,7.363497465848923
8,0,paint,test,rand_attr_same_norm,all,remove,0,,0.1556071639060974,100,-5.205829571505993,-4.810176920395219,
8,0,paint,test,rand_attr_same_norm,all,remove,1,,0.1556071639060974,100,4.8482756243165,5.769304428462016,
8,0,paint,test,rand_attr_same_norm,all,remove,2,,0.1556071639060974,100,-3.4567474446068225,-2.719763617566837,
8,0,paint,test,mlp_ceiling,all,inject,,,0.1556071639060974,,84.23595443480659,88.78811909309772,
8,0,paint,test,mlp_ceiling,all,remove,,,0.1556071639060974,,72.28045739479172,97.78071634198045,
8,0,paint,test,all_tc,all,inject,,,0.1556071639060974,73728,21.495501129027005,40.63045705888959,45.66952586174011
8,0,paint,test,k_attr_10,all,inject,,10,0.1556071639060974,10,0.2708707201832472,0.30979367788017365,-0.39690127596259117
8,0,paint,test,k_random_10,all,inject,,10,0.1556071639060974,10,-0.11052781773157605,-0.06890872056929861,-0.26058582589030266
8,0,paint,test,k_attr_30,all,inject,,30,0.1556071639060974,30,0.5665915258814325,0.7660441364447305,-0.14796187169849873
8,0,paint,test,k_random_30,all,inject,,30,0.1556071639060974,30,0.8315346148763392,0.8900848819874266,0.24399408139288425
8,0,paint,test,k_attr_100,all,inject,,100,0.1556071639060974,100,-3.2237599376401693,-1.6001613725247923,-3.5771209746599197
8,0,paint,test,k_random_100,all,inject,,100,0.1556071639060974,100,0.3659617988589048,0.42169626532083876,0.6723110098391771
8,0,paint,test,k_attr_300,all,inject,,300,0.1556071639060974,300,-1.478326320406187,0.263511977424895,-1.7445597797632217
8,0,paint,test,k_random_300,all,inject,,300,0.1556071639060974,300,2.801605344252689,2.9614964159944615,2.743471786379814
8,0,paint,test,k_attr_1000,all,inject,,1000,0.1556071639060974,1000,13.791979407466703,15.897599046005672,15.857259929180145
8,0,paint,test,k_random_1000,all,inject,,1000,0.1556071639060974,1000,1.9785073094683137,2.3782794891332015,2.0267993211746216
8,0,paint,test,k_attr_3000,all,inject,,3000,0.1556071639060974,3000,24.647698566068666,30.91732266717801,29.67611849308014
8,0,paint,test,k_random_3000,all,inject,,3000,0.1556071639060974,3000,2.6366180134870354,3.2117938921676723,0.8437886834144592
9,0,cover,test,sel_capped,all,inject,,,0.40147513151168823,129,0.32753407807875057,0.34366691622931217,0.18352317856624722
9,0,cover,test,rand_sel_same_norm,all,inject,0,,0.40147513151168823,129,0.1704961744512623,0.17330231633613816,
9,0,cover,test,rand_sel_same_norm,all,inject,1,,0.40147513151168823,129,-0.02258881308145888,-0.019384595300681515,
9,0,cover,test,rand_sel_same_norm,all,inject,2,,0.40147513151168823,129,-0.16704438408554623,-0.16267619990985585,
9,0,cover,test,rand_sel_same_norm,all,inject,3,,0.40147513151168823,129,0.11034594362669958,0.11545017214091752,
9,0,cover,test,rand_sel_same_norm,all,inject,4,,0.40147513151168823,129,0.046172335644667495,0.050002106810059586,
9,0,cover,test,sel_uncapped,all,inject,,,0.40147513151168823,457,-0.31501855430111636,-0.27484183929303896,-0.9168162941932678
9,0,cover,test,sel_target,all,inject,,,0.40147513151168823,129,0.30997077484157254,0.3257902653223733,
9,0,cover,test,sel_xtask,all,inject,,,0.40147513151168823,132,0.03916483004200444,0.05236705795816327,-0.05539273261092603
9,0,cover,test,color,all,inject,,,0.40147513151168823,130,-0.08926404117799436,-0.08786220217475182,
9,0,cover,test,sel_capped,all,remove,,,0.40147513151168823,129,4.059357432521205,4.277231883909011,3.4176699817180634
9,0,cover,test,attr,all,inject,,,0.40147513151168823,100,0.24518104083728343,0.32177232039434867,0.030124286422505975
9,0,cover,test,rand_attr_same_norm,all,inject,0,,0.40147513151168823,100,0.10031719355338975,0.10827094235498465,
9,0,cover,test,rand_attr_same_norm,all,inject,1,,0.40147513151168823,100,-0.05721064160988387,-0.055492327275691485,
9,0,cover,test,rand_attr_same_norm,all,inject,2,,0.40147513151168823,100,-0.12969081608489308,-0.12490291097825221,
9,0,cover,test,rand_attr_same_norm,all,inject,3,,0.40147513151168823,100,-0.4671794121860806,-0.4514410501565469,
9,0,cover,test,rand_attr_same_norm,all,inject,4,,0.40147513151168823,100,-0.01884751771732418,-0.015929469131452514,
9,0,cover,test,attr,all,remove,,,0.40147513151168823,100,36.38824698784896,46.46967468995245,21.18796408176422
9,0,cover,test,rand_attr_same_norm,all,remove,0,,0.40147513151168823,100,0.9280491000477342,0.9787141610955729,
9,0,cover,test,rand_attr_same_norm,all,remove,1,,0.40147513151168823,100,2.425584224798405,2.474522413912721,
9,0,cover,test,rand_attr_same_norm,all,remove,2,,0.40147513151168823,100,-0.38546477058214457,-0.3579129576568015,
9,0,cover,test,attr_xtask,all,inject,,,0.40147513151168823,100,-0.2063576782292964,-0.1622562563317618,-0.36714489106088877
9,0,cover,test,rand_attr_raw,all,inject,0,,0.40147513151168823,100,-0.023991798843026046,-0.01893197755797429,-0.10061281500384212
9,0,cover,test,rand_attr_raw,all,inject,1,,0.40147513151168823,100,0.2802408384658617,0.2846210028080531,0.19755256362259388
9,0,cover,test,single_attr_0,all,inject,,,0.40147513151168823,1,0.0,0.0,0.0
9,0,cover,test,single_attr_1,all,inject,,,0.40147513151168823,1,0.0,0.0,0.0
9,0,cover,test,single_attr_2,all,inject,,,0.40147513151168823,1,0.0,0.0,0.0
9,0,cover,test,mlp_ceiling,all,inject,,,0.40147513151168823,,91.61876719863828,97.48616124190234,
9,0,cover,test,mlp_ceiling,all,remove,,,0.40147513151168823,,89.40579655815672,104.19558714999414,
9,0,cover,test,all_tc,all,inject,,,0.40147513151168823,73728,35.62947665661812,48.432103295133025,-8.307075500488281
9,0,cover,test,tc_error,all,inject,,,0.40147513151168823,,2.012104278215787,8.965707090180246,
9,0,cover,test,k_attr_10,all,inject,,10,0.40147513151168823,10,-0.09848366189675328,-0.0970818701470862,-0.06040359730832279
9,0,cover,test,k_random_10,all,inject,,10,0.40147513151168823,10,0.009768937895238139,0.010663137350971576,-0.020077665976714343
9,0,cover,test,k_magnitude_10,all,inject,,10,0.40147513151168823,10,0.23598368973377637,0.33242526027589747,-0.08728397078812122
9,0,cover,test,k_oracle_10,all,inject,,10,0.40147513151168823,10,4.24286648549097,4.416280449764541,4.436568170785904
9,0,cover,test,k_attr_30,all,inject,,30,0.40147513151168823,30,-0.42277379935224957,-0.4176011548183465,-0.3827621228992939
9,0,cover,test,k_random_30,all,inject,,30,0.40147513151168823,30,0.06285970068152791,0.06387644659752709,0.013505165406968445
9,0,cover,test,k_magnitude_30,all,inject,,30,0.40147513151168823,30,-0.276492119896643,-0.09313437806107,-0.8285319432616234
9,0,cover,test,k_oracle_30,all,inject,,30,0.40147513151168823,30,9.460073177955753,10.198631534773755,9.556897729635239
9,0,cover,test,k_attr_100,all,inject,,100,0.40147513151168823,100,0.24518104083728343,0.32177232039434867,0.030124286422505975
9,0,cover,test,k_random_100,all,inject,,100,0.40147513151168823,100,-0.03136304149498059,-0.019708152404395045,-0.1339423470199108
9,0,cover,test,k_magnitude_100,all,inject,,100,0.40147513151168823,100,-0.9615351781977477,-0.7127188848890945,-1.577656902372837
9,0,cover,test,k_oracle_100,all,inject,,100,0.40147513151168823,100,19.4519224987696,22.955687032754692,20.87920308113098
9,0,cover,test,k_attr_300,all,inject,,300,0.40147513151168823,300,0.7077432194588895,0.7881630291141694,0.29325620271265507
9,0,cover,test,k_random_300,all,inject,,300,0.40147513151168823,300,0.5048967172360141,0.5266778970138901,0.3147392300888896
9,0,cover,test,k_magnitude_300,all,inject,,300,0.40147513151168823,300,-1.247001953045257,-0.9026113035987736,-2.144266478717327
9,0,cover,test,k_oracle_300,all,inject,,300,0.40147513151168823,300,41.49535641405747,56.72431581810183,39.49795663356781
9,0,cover,test,k_attr_1000,all,inject,,1000,0.40147513151168823,1000,-0.7459430328395245,-0.5027044635852442,-1.9869152456521988
9,0,cover,test,k_random_1000,all,inject,,1000,0.40147513151168823,1000,0.07250244409027218,0.09324446516662094,-0.00225579715333879
9,0,cover,test,k_magnitude_1000,all,inject,,1000,0.40147513151168823,1000,-1.3618315125448532,-0.9904435786688313,-2.9782334342598915
9,0,cover,test,k_oracle_1000,all,inject,,1000,0.40147513151168823,1000,55.2430468693746,108.72140302171857,72.80424237251282
9,0,cover,test,k_attr_3000,all,inject,,3000,0.40147513151168823,3000,-0.12980216416120793,0.6550864658663351,-3.193933516740799
9,0,cover,test,k_random_3000,all,inject,,3000,0.40147513151168823,3000,-2.044595646884062,-1.8931152119296715,-2.4043008685112
9,0,cover,test,k_magnitude_3000,all,inject,,3000,0.40147513151168823,3000,-0.18442210719553653,0.6205461494909098,-3.9184127002954483
9,0,cover,test,k_oracle_3000,all,inject,,3000,0.40147513151168823,3000,31.049039919769996,125.36941785590976,114.57381248474121
9,0,cover,test,k_attr_30,all,remove,,30,0.40147513151168823,30,1.3489596749230004,1.368291633189163,1.2638337910175323
9,0,cover,test,k_attr_100,all,remove,,100,0.40147513151168823,100,36.38824698784896,46.46967468995245,21.18796408176422
9,0,cover,test,k_attr_300,all,remove,,300,0.40147513151168823,300,52.239818517482014,69.59974001486827,35.565587878227234
9,0,cover,test,k_attr_1000,all,remove,,1000,0.40147513151168823,1000,59.863123521390335,84.82670836021789,69.89340782165527
9,0,cover,test,mlp_ceiling,occluder_tokens,inject,,,0.40147513151168823,,61.37716043105068,83.54678467878298,
9,0,cover,test,attr,occluder_tokens,inject,,,0.40147513151168823,,-0.25493513232233145,-0.23510564397914113,
9,0,cover,test,mlp_ceiling,other_tokens,inject,,,0.40147513151168823,,-5.100447099642413,4.395987284206187,
9,0,cover,test,attr,other_tokens,inject,,,0.40147513151168823,,0.588964514852719,0.6536009932151509,
10,0,cover,test,sel_capped,all,inject,,,0.6425518989562988,129,3.844342125475597,4.971584894483446,0.7586503867059946
10,0,cover,test,rand_sel_same_norm,all,inject,0,,0.6425518989562988,129,0.022717507378322566,0.025572397761782474,
10,0,cover,test,rand_sel_same_norm,all,inject,1,,0.6425518989562988,129,5.018621120584421,6.5417253808347455,
10,0,cover,test,rand_sel_same_norm,all,inject,2,,0.6425518989562988,129,0.08162162001708051,0.08318598798093041,
10,0,cover,test,rand_sel_same_norm,all,inject,3,,0.6425518989562988,129,3.686256473886651,4.991826433439648,
10,0,cover,test,rand_sel_same_norm,all,inject,4,,0.6425518989562988,129,0.5771489890013526,0.5835834955067493,
10,0,cover,test,sel_uncapped,all,inject,,,0.6425518989562988,457,6.057541247720833,7.723758396632002,2.4681653827428818
10,0,cover,test,sel_target,all,inject,,,0.6425518989562988,129,4.899996586344335,6.425383553767747,
10,0,cover,test,sel_xtask,all,inject,,,0.6425518989562988,132,0.30577264014355343,0.3149422531087931,0.2709813183173537
10,0,cover,test,color,all,inject,,,0.6425518989562988,130,0.03883960938874109,0.039680634736179575,
10,0,cover,test,sel_capped,all,remove,,,0.6425518989562988,129,1.1411813771725843,1.1596334176846281,0.8784262463450432
10,0,cover,test,attr,all,inject,,,0.6425518989562988,100,4.364516459386037,5.631481107017032,0.8681598119437695
10,0,cover,test,rand_attr_same_norm,all,inject,0,,0.6425518989562988,100,-0.10759508700739495,-0.10443826644097899,
10,0,cover,test,rand_attr_same_norm,all,inject,1,,0.6425518989562988,100,-0.16357718460975335,-0.160889229100352,
10,0,cover,test,rand_attr_same_norm,all,inject,2,,0.6425518989562988,100,-0.07228972437698378,-0.06632173220346947,
10,0,cover,test,rand_attr_same_norm,all,inject,3,,0.6425518989562988,100,-0.03307906545981787,-0.025495832446241228,
10,0,cover,test,rand_attr_same_norm,all,inject,4,,0.6425518989562988,100,0.09433934260413279,0.09633248983138365,
10,0,cover,test,attr,all,remove,,,0.6425518989562988,100,6.785531146268465,8.337305174115116,2.5185713544487953
10,0,cover,test,rand_attr_same_norm,all,remove,0,,0.6425518989562988,100,-0.1512026828365043,-0.14748036859122426,
10,0,cover,test,rand_attr_same_norm,all,remove,1,,0.6425518989562988,100,0.019656348768748444,0.020830758040469747,
10,0,cover,test,rand_attr_same_norm,all,remove,2,,0.6425518989562988,100,-0.1719536277141387,-0.16495030499579474,
10,0,cover,test,attr_xtask,all,inject,,,0.6425518989562988,100,4.404135272784481,5.842335365824685,0.52489023655653
10,0,cover,test,rand_attr_raw,all,inject,0,,0.6425518989562988,100,0.013422716691069425,0.01619914809129897,0.1405675895512104
10,0,cover,test,rand_attr_raw,all,inject,1,,0.6425518989562988,100,-0.2120640817377506,-0.2092501922454533,-0.17747613601386547
10,0,cover,test,single_attr_0,all,inject,,,0.6425518989562988,1,0.0,0.0,0.0
10,0,cover,test,single_attr_1,all,inject,,,0.6425518989562988,1,0.0,0.0,0.0
10,0,cover,test,single_attr_2,all,inject,,,0.6425518989562988,1,0.0,0.0,0.0
10,0,cover,test,mlp_ceiling,all,inject,,,0.6425518989562988,,53.173108890420906,64.46098149850349,
10,0,cover,test,mlp_ceiling,all,remove,,,0.6425518989562988,,63.12197409109564,77.56941558966096,
10,0,cover,test,all_tc,all,inject,,,0.6425518989562988,73728,36.92608378001513,46.63104659137526,43.18644106388092
10,0,cover,test,tc_error,all,inject,,,0.6425518989562988,,11.741064570781035,20.318909666679513,
10,0,cover,test,k_attr_10,all,inject,,10,0.6425518989562988,10,-0.025055119407446647,-0.02345466300487365,0.012912206875625998
10,0,cover,test,k_random_10,all,inject,,10,0.6425518989562988,10,-0.11662086678654315,-0.11625592954801398,-0.0245389441261068
10,0,cover,test,k_magnitude_10,all,inject,,10,0.6425518989562988,10,-0.14021961679488992,-0.10734483018450283,-0.4206308629363775
10,0,cover,test,k_oracle_10,all,inject,,10,0.6425518989562988,10,7.151478743685669,8.870008547762138,8.124598115682602
10,0,cover,test,k_attr_30,all,inject,,30,0.6425518989562988,30,4.064996003796583,5.508414978804823,0.2706470200791955
10,0,cover,test,k_random_30,all,inject,,30,0.6425518989562988,30,-0.07548075032151047,-0.07452498651378016,0.0027431764465291053
10,0,cover,test,k_magnitude_30,all,inject,,30,0.6425518989562988,30,5.625992093676646,7.282492055438494,1.1269363574683666
10,0,cover,test,k_oracle_30,all,inject,,30,0.6425518989562988,30,10.52097023514893,12.61573136690807,15.912146866321564
10,0,cover,test,k_attr_100,all,inject,,100,0.6425518989562988,100,4.364516459386037,5.631481107017032,0.8681598119437695
10,0,cover,test,k_random_100,all,inject,,100,0.6425518989562988,100,-0.14416201803448825,-0.14181100859633497,-0.12594067957252264
10,0,cover,test,k_magnitude_100,all,inject,,100,0.6425518989562988,100,6.20336371239506,7.982567105740411,2.1989015862345695
10,0,cover,test,k_oracle_100,all,inject,,100,0.6425518989562988,100,24.591038485999185,30.478347341139127,34.30299758911133
10,0,cover,test,k_attr_300,all,inject,,300,0.6425518989562988,300,4.965616695447739,6.503428080269769,1.2096138671040535
10,0,cover,test,k_random_300,all,inject,,300,0.6425518989562988,300,-0.12662992781602433,-0.12052263358584166,-0.133960647508502
10,0,cover,test,k_magnitude_300,all,inject,,300,0.6425518989562988,300,1.747049599674666,1.9603799477630892,1.99804175645113
10,0,cover,test,k_oracle_300,all,inject,,300,0.6425518989562988,300,41.55783938601692,51.951841095042774,64.73613381385803
10,0,cover,test,k_attr_1000,all,inject,,1000,0.6425518989562988,1000,6.379705000782909,8.22078251884969,4.210969805717468
10,0,cover,test,k_random_1000,all,inject,,1000,0.6425518989562988,1000,5.854502945762208,7.351495172019093,1.984916441142559
10,0,cover,test,k_magnitude_1000,all,inject,,1000,0.6425518989562988,1000,2.9715037672658595,3.6159168808006914,4.2074911296367645
10,0,cover,test,k_oracle_1000,all,inject,,1000,0.6425518989562988,1000,64.76634732907418,80.36532047772434,119.53595876693726
10,0,cover,test,k_attr_3000,all,inject,,3000,0.6425518989562988,3000,11.961746277816655,14.825210407467967,15.835776925086975
10,0,cover,test,k_random_3000,all,inject,,3000,0.6425518989562988,3000,7.471212122336512,9.366429469347112,5.179848521947861
10,0,cover,test,k_magnitude_3000,all,inject,,3000,0.6425518989562988,3000,5.270155595909253,6.700605391689717,6.912842392921448
10,0,cover,test,k_oracle_3000,all,inject,,3000,0.6425518989562988,3000,74.47538466704613,93.67614488008054,182.19670057296753
10,0,cover,test,k_attr_30,all,remove,,30,0.6425518989562988,30,0.3027300340104011,0.3090190159329442,0.3773370524868369
10,0,cover,test,k_attr_100,all,remove,,100,0.6425518989562988,100,6.785531146268465,8.337305174115116,2.5185713544487953
10,0,cover,test,k_attr_300,all,remove,,300,0.6425518989562988,300,9.854685873179726,11.652423916205533,5.2963737398386
10,0,cover,test,k_attr_1000,all,remove,,1000,0.6425518989562988,1000,19.201525533031205,23.2737876195248,11.659548431634903
10,0,cover,test,mlp_ceiling,occluder_tokens,inject,,,0.6425518989562988,,22.79869765326015,28.831005093283594,
10,0,cover,test,attr,occluder_tokens,inject,,,0.6425518989562988,,4.025071074537168,5.358926815000346,
10,0,cover,test,mlp_ceiling,other_tokens,inject,,,0.6425518989562988,,21.244347988058145,30.441318477790865,
10,0,cover,test,attr,other_tokens,inject,,,0.6425518989562988,,0.07610225828164063,0.11401150884038704,
10,0,paint,test,sel_capped,all,inject,,,0.16962841153144836,12,-19.04872548769849,0.6541181257297565,0.5704542621970177
10,0,paint,test,rand_sel_same_norm,all,inject,0,,0.16962841153144836,12,0.24279729469753875,0.25951283104782846,
10,0,paint,test,rand_sel_same_norm,all,inject,1,,0.16962841153144836,12,-0.3122834049423817,-0.30519431600217994,
10,0,paint,test,rand_sel_same_norm,all,inject,2,,0.16962841153144836,12,-0.32801660638972496,-0.31639218236122435,
10,0,paint,test,sel_capped,all,remove,,,0.16962841153144836,12,-0.6290908739525536,-0.5798506846097975,-0.17366250976920128
10,0,paint,test,attr,all,inject,,,0.16962841153144836,100,-3.9468286310884837,-3.702622056944914,-3.0600346624851227
10,0,paint,test,rand_attr_same_norm,all,inject,0,,0.16962841153144836,100,1.2430722523777638,1.2886674741927817,
10,0,paint,test,rand_attr_same_norm,all,inject,1,,0.16962841153144836,100,-0.40318634663818465,-0.28855225864060047,
10,0,paint,test,rand_attr_same_norm,all,inject,2,,0.16962841153144836,100,-1.8388607440372295,-1.7885312589074085,
10,0,paint,test,attr,all,remove,,,0.16962841153144836,100,-1.6399512630923319,-1.3987575674500925,-1.579250767827034
10,0,paint,test,rand_attr_same_norm,all,remove,0,,0.16962841153144836,100,1.1427258759773906,1.169933199763637,
10,0,paint,test,rand_attr_same_norm,all,remove,1,,0.16962841153144836,100,0.21167349082932274,0.3383204610924401,
10,0,paint,test,rand_attr_same_norm,all,remove,2,,0.16962841153144836,100,0.42567489812070924,0.4732239752159795,
10,0,paint,test,mlp_ceiling,all,inject,,,0.16962841153144836,,92.28245126528847,101.42276110958018,
10,0,paint,test,mlp_ceiling,all,remove,,,0.16962841153144836,,29.908209814671494,100.69832187976739,
10,0,paint,test,all_tc,all,inject,,,0.16962841153144836,73728,59.19782194865056,75.48207722894726,26.332300901412964
10,0,paint,test,k_attr_10,all,inject,,10,0.16962841153144836,10,-0.22689718603214892,-0.2101970457825404,-0.10271191131323576
10,0,paint,test,k_random_10,all,inject,,10,0.16962841153144836,10,-0.0250975748381288,-0.014162196760449544,0.040747507591731846
10,0,paint,test,k_attr_30,all,inject,,30,0.16962841153144836,30,-1.7977312916773958,-1.7493241614843897,-0.6066685542464256
10,0,paint,test,k_random_30,all,inject,,30,0.16962841153144836,30,-0.03223066226147875,-0.00982147663317481,0.06654232274740934
10,0,paint,test,k_attr_100,all,inject,,100,0.16962841153144836,100,-3.9468286310884837,-3.702622056944914,-3.0600346624851227
10,0,paint,test,k_random_100,all,inject,,100,0.16962841153144836,100,0.7989584989594678,0.9007386668172345,0.1692228252068162
10,0,paint,test,k_attr_300,all,inject,,300,0.16962841153144836,300,-3.347684425887487,-2.751354044448737,-1.6321731731295586
10,0,paint,test,k_random_300,all,inject,,300,0.16962841153144836,300,-18.99223178668905,-0.032933108085393695,-0.09722071699798107
10,0,paint,test,k_attr_1000,all,inject,,1000,0.16962841153144836,1000,9.072276974622195,12.185878023073798,13.79794031381607
10,0,paint,test,k_random_1000,all,inject,,1000,0.16962841153144836,1000,-18.320702556403656,1.448929655029389,1.3115005567669868
10,0,paint,test,k_attr_3000,all,inject,,3000,0.16962841153144836,3000,16.938508745498993,22.658969718836026,20.442500710487366
10,0,paint,test,k_random_3000,all,inject,,3000,0.16962841153144836,3000,-16.089636203756807,5.6017158568678305,5.0324901938438416
11,0,cover,test,sel_capped,all,inject,,,0.8046173453330994,129,0.6224795338463207,0.6318130841788602,0.6136953830718994
11,0,cover,test,rand_sel_same_norm,all,inject,0,,0.8046173453330994,129,0.11997713352582817,0.12134797408567576,
11,0,cover,test,rand_sel_same_norm,all,inject,1,,0.8046173453330994,129,0.04875830407921056,0.05054335547398753,
11,0,cover,test,rand_sel_same_norm,all,inject,2,,0.8046173453330994,129,0.009393122086365224,0.00999022039865829,
11,0,cover,test,rand_sel_same_norm,all,inject,3,,0.8046173453330994,129,0.23394652098537305,0.23525934804021356,
11,0,cover,test,rand_sel_same_norm,all,inject,4,,0.8046173453330994,129,-0.07252260664472043,-0.07193584212664893,
11,0,cover,test,sel_uncapped,all,inject,,,0.8046173453330994,457,1.9259974580789319,1.9973507932081667,1.7462702468037605
11,0,cover,test,sel_target,all,inject,,,0.8046173453330994,129,0.6401249729707015,0.6494860508857535,
11,0,cover,test,sel_xtask,all,inject,,,0.8046173453330994,132,0.6465623728863501,0.6605011942415396,0.6696596276015043
11,0,cover,test,color,all,inject,,,0.8046173453330994,130,0.04789158855547093,0.04969325680339563,
11,0,cover,test,sel_capped,all,remove,,,0.8046173453330994,129,0.19421835556804323,0.1995207249972744,0.16176296630874276
11,0,cover,test,attr,all,inject,,,0.8046173453330994,100,1.371655098483704,1.409737171238459,1.1114150285720825
11,0,cover,test,rand_attr_same_norm,all,inject,0,,0.8046173453330994,100,-0.006415176440688342,-0.005988275170196002,
11,0,cover,test,rand_attr_same_norm,all,inject,1,,0.8046173453330994,100,-0.04263944063809255,-0.04205845737673191,
11,0,cover,test,rand_attr_same_norm,all,inject,2,,0.8046173453330994,100,0.4203348055397793,0.4259414984608429,
11,0,cover,test,rand_attr_same_norm,all,inject,3,,0.8046173453330994,100,-0.10425032107366228,-0.1038679260069235,
11,0,cover,test,rand_attr_same_norm,all,inject,4,,0.8046173453330994,100,-0.06727045872734205,-0.06630487512770193,
11,0,cover,test,attr,all,remove,,,0.8046173453330994,100,0.39781501757246707,0.424723406980978,0.5719665437936783
11,0,cover,test,rand_attr_same_norm,all,remove,0,,0.8046173453330994,100,-0.03843920386918942,-0.03734276879281436,
11,0,cover,test,rand_attr_same_norm,all,remove,1,,0.8046173453330994,100,0.01945294842176093,0.020735283593603063,
11,0,cover,test,rand_attr_same_norm,all,remove,2,,0.8046173453330994,100,0.0018297327723404422,0.0044438756013379386,
11,0,cover,test,attr_xtask,all,inject,,,0.8046173453330994,100,1.2219059163260937,1.2519529867688313,0.9080593474209309
11,0,cover,test,rand_attr_raw,all,inject,0,,0.8046173453330994,100,-0.1187029876276835,-0.11743976727946531,-0.14162648003548384
11,0,cover,test,rand_attr_raw,all,inject,1,,0.8046173453330994,100,0.14391181606607795,0.14589230565216416,0.10525011457502842
11,0,cover,test,single_attr_0,all,inject,,,0.8046173453330994,1,0.0,0.0,0.0
11,0,cover,test,single_attr_1,all,inject,,,0.8046173453330994,1,0.0,0.0,0.0
11,0,cover,test,single_attr_2,all,inject,,,0.8046173453330994,1,0.0,0.0,0.0
11,0,cover,test,mlp_ceiling,all,inject,,,0.8046173453330994,,83.27410715522556,91.8398646304033,
11,0,cover,test,mlp_ceiling,all,remove,,,0.8046173453330994,,88.5471284714642,95.52840061869314,
11,0,cover,test,all_tc,all,inject,,,0.8046173453330994,73728,71.55956161676966,82.89993859263808,29.30358052253723
11,0,cover,test,tc_error,all,inject,,,0.8046173453330994,,41.99092630332717,55.45951110743285,
11,0,cover,test,k_attr_10,all,inject,,10,0.8046173453330994,10,-0.019801116196260793,-0.019515077873932214,-0.0060119928093627095
11,0,cover,test,k_random_10,all,inject,,10,0.8046173453330994,10,-0.003163141270401404,-0.003001806225513907,0.03103521012235433
11,0,cover,test,k_magnitude_10,all,inject,,10,0.8046173453330994,10,0.954690853314033,1.036470612715371,0.7989360019564629
11,0,cover,test,k_oracle_10,all,inject,,10,0.8046173453330994,10,3.885211603409644,4.057366523162845,3.4358467906713486
11,0,cover,test,k_attr_30,all,inject,,30,0.8046173453330994,30,0.44849935614889036,0.45637929157089513,0.38772430270910263
11,0,cover,test,k_random_30,all,inject,,30,0.8046173453330994,30,0.05338078687250336,0.05383147185673802,0.032792461570352316
11,0,cover,test,k_magnitude_30,all,inject,,30,0.8046173453330994,30,2.010217020381666,2.159403913909559,1.7970748245716095
11,0,cover,test,k_oracle_30,all,inject,,30,0.8046173453330994,30,8.639435156307695,9.589827913258786,7.251409441232681
11,0,cover,test,k_attr_100,all,inject,,100,0.8046173453330994,100,1.371655098483704,1.409737171238459,1.1114150285720825
11,0,cover,test,k_random_100,all,inject,,100,0.8046173453330994,100,-0.0011556206983120987,0.001091540417514253,0.07519935606978834
11,0,cover,test,k_magnitude_100,all,inject,,100,0.8046173453330994,100,3.2780440438160974,3.6823516494364887,3.035038337111473
11,0,cover,test,k_oracle_100,all,inject,,100,0.8046173453330994,100,17.408633182952016,20.626395495599297,15.855760872364044
11,0,cover,test,k_attr_300,all,inject,,300,0.8046173453330994,300,1.712007617614597,1.7894134472358303,1.4727230183780193
11,0,cover,test,k_random_300,all,inject,,300,0.8046173453330994,300,-0.31258058324621363,-0.3008834576789202,-0.28521816711872816
11,0,cover,test,k_magnitude_300,all,inject,,300,0.8046173453330994,300,7.067176157115229,7.954812289364634,5.805445462465286
11,0,cover,test,k_oracle_300,all,inject,,300,0.8046173453330994,300,33.222117187494796,41.23633982493347,31.162571907043457
11,0,cover,test,k_attr_1000,all,inject,,1000,0.8046173453330994,1000,3.8057626803999822,4.131389195603963,2.6796963065862656
11,0,cover,test,k_random_1000,all,inject,,1000,0.8046173453330994,1000,0.9157405095205684,0.9467127877885073,0.5090721417218447
11,0,cover,test,k_magnitude_1000,all,inject,,1000,0.8046173453330994,1000,9.44502130823819,11.231890669979975,7.639884948730469
11,0,cover,test,k_oracle_1000,all,inject,,1000,0.8046173453330994,1000,50.177847062341804,61.04655410692962,59.92821455001831
11,0,cover,test,k_attr_3000,all,inject,,3000,0.8046173453330994,3000,12.677196099720877,15.136455117777354,4.932898655533791
11,0,cover,test,k_random_3000,all,inject,,3000,0.8046173453330994,3000,3.0139476751245065,3.1545233367167205,2.2065434604883194
11,0,cover,test,k_magnitude_3000,all,inject,,3000,0.8046173453330994,3000,15.19087112984665,18.65352321961243,9.780192375183105
11,0,cover,test,k_oracle_3000,all,inject,,3000,0.8046173453330994,3000,63.44073543701241,74.18575649539923,95.25453448295593
11,0,cover,test,k_attr_30,all,remove,,30,0.8046173453330994,30,0.11168036953786986,0.11593033815766197,0.09432657388970256
11,0,cover,test,k_attr_100,all,remove,,100,0.8046173453330994,100,0.39781501757246707,0.424723406980978,0.5719665437936783
11,0,cover,test,k_attr_300,all,remove,,300,0.8046173453330994,300,0.46452988942561335,0.5061662391192842,0.5412973463535309
11,0,cover,test,k_attr_1000,all,remove,,1000,0.8046173453330994,1000,1.4629417258261723,1.5684317085691049,1.300048828125
11,0,cover,test,mlp_ceiling,occluder_tokens,inject,,,0.8046173453330994,,70.98146421439016,81.93578442467147,
11,0,cover,test,attr,occluder_tokens,inject,,,0.8046173453330994,,0.8929392242036704,0.9199432369107337,
11,0,cover,test,mlp_ceiling,other_tokens,inject,,,0.8046173453330994,,20.4430486785218,28.149817532121695,
11,0,cover,test,attr,other_tokens,inject,,,0.8046173453330994,,0.4422767831579244,0.4469758894454691,
11,0,paint,test,sel_capped,all,inject,,,0.392679899930954,12,0.24438851679826623,0.2461943721593403,0.16853315755724907
11,0,paint,test,rand_sel_same_norm,all,inject,0,,0.392679899930954,12,0.045240829434933794,0.04721939746251365,
11,0,paint,test,rand_sel_same_norm,all,inject,1,,0.392679899930954,12,-0.01712943332237149,-0.01677145395730728,
11,0,paint,test,rand_sel_same_norm,all,inject,2,,0.392679899930954,12,0.07955282236823402,0.08041888560348615,
11,0,paint,test,sel_capped,all,remove,,,0.392679899930954,12,0.3604087415209456,0.3647532154030604,0.008828597492538393
11,0,paint,test,attr,all,inject,,,0.392679899930954,100,2.3930357203708397,2.4708398343983133,2.1483253687620163
11,0,paint,test,rand_attr_same_norm,all,inject,0,,0.392679899930954,100,0.5048667095572945,0.5304287104240822,
11,0,paint,test,rand_attr_same_norm,all,inject,1,,0.392679899930954,100,0.28534888527006474,0.29799763531934065,
11,0,paint,test,rand_attr_same_norm,all,inject,2,,0.392679899930954,100,1.5223337983907403,1.6004247197526775,
11,0,paint,test,attr,all,remove,,,0.392679899930954,100,4.612401603472815,4.744803335981117,4.381024464964867
11,0,paint,test,rand_attr_same_norm,all,remove,0,,0.392679899930954,100,0.522603300463087,0.5403773918582564,
11,0,paint,test,rand_attr_same_norm,all,remove,1,,0.392679899930954,100,0.5204023542231706,0.565657482794708,
11,0,paint,test,rand_attr_same_norm,all,remove,2,,0.392679899930954,100,2.104984983854541,2.2529870087552153,
11,0,paint,test,mlp_ceiling,all,inject,,,0.392679899930954,,92.17378570949893,95.07348270904025,
11,0,paint,test,mlp_ceiling,all,remove,,,0.392679899930954,,95.24307923839064,98.54709768002985,
11,0,paint,test,all_tc,all,inject,,,0.392679899930954,73728,79.17745667911669,88.22742835186712,33.04203450679779
11,0,paint,test,k_attr_10,all,inject,,10,0.392679899930954,10,0.07675989748447964,0.08065011689061502,0.0816384912468493
11,0,paint,test,k_random_10,all,inject,,10,0.392679899930954,10,-0.009312279435769177,-0.008067559623294208,0.02261115296278149
11,0,paint,test,k_attr_30,all,inject,,30,0.392679899930954,30,0.666522416144133,0.6830607149107536,0.7161981891840696
11,0,paint,test,k_random_30,all,inject,,30,0.392679899930954,30,0.01628700217537471,0.017229017388126728,-0.07866984233260155
11,0,paint,test,k_attr_100,all,inject,,100,0.392679899930954,100,2.3930357203708397,2.4708398343983133,2.1483253687620163
11,0,paint,test,k_random_100,all,inject,,100,0.392679899930954,100,-0.3140598494962621,-0.31203714811726757,-0.08135627140291035
11,0,paint,test,k_attr_300,all,inject,,300,0.392679899930954,300,3.8502898152882437,4.100111594252684,2.7379177510738373
11,0,paint,test,k_random_300,all,inject,,300,0.392679899930954,300,0.08793918648928312,0.10897367514648336,0.10840088361874223
11,0,paint,test,k_attr_1000,all,inject,,1000,0.392679899930954,1000,4.762232916122466,5.21445315211354,2.9230203479528427
11,0,paint,test,k_random_1000,all,inject,,1000,0.392679899930954,1000,0.7295909101223907,0.7609578065509247,0.3921985160559416
11,0,paint,test,k_attr_3000,all,inject,,3000,0.392679899930954,3000,11.618559926946803,13.187893606882032,8.1651970744133
11,0,paint,test,k_random_3000,all,inject,,3000,0.392679899930954,3000,1.3063678459665495,1.4412164392018425,0.5683315452188253
18,1,cover,test,sel_capped,all,inject,,,0.5011079907417297,129,-0.07049912116963153,-0.06443381990159064,-0.0011629410437308252
18,1,cover,test,rand_sel_same_norm,all,inject,0,,0.5011079907417297,129,0.011858887093996184,0.013898976137050307,
18,1,cover,test,rand_sel_same_norm,all,inject,1,,0.5011079907417297,129,-0.1252855143039966,-0.11800955406358299,
18,1,cover,test,rand_sel_same_norm,all,inject,2,,0.5011079907417297,129,-0.041654786964073764,-0.03885316574872353,
18,1,cover,test,rand_sel_same_norm,all,inject,3,,0.5011079907417297,129,0.001974498753865017,0.005043830598035615,
18,1,cover,test,rand_sel_same_norm,all,inject,4,,0.5011079907417297,129,-0.0643020497794966,-0.06115538818858648,
18,1,cover,test,sel_uncapped,all,inject,,,0.5011079907417297,457,0.014166433830442582,0.05732745978818346,-0.1121607143431902
18,1,cover,test,sel_target,all,inject,,,0.5011079907417297,129,0.07642261743122658,0.08401972583063462,
18,1,cover,test,sel_xtask,all,inject,,,0.5011079907417297,126,-0.025858796933153627,0.0002250817508176872,-0.016364676412194967
18,1,cover,test,color,all,inject,,,0.5011079907417297,130,0.0847369224249217,0.08745475937343257,
18,1,cover,test,sel_capped,all,remove,,,0.5011079907417297,129,-0.652928675276665,-0.5350675153493767,-1.5746507793664932
18,1,cover,test,attr,all,inject,,,0.5011079907417297,100,-0.41634566193702316,-0.3364296954903979,-0.509429769590497
18,1,cover,test,rand_attr_same_norm,all,inject,0,,0.5011079907417297,100,0.009194503233356244,0.011539132668945469,
18,1,cover,test,rand_attr_same_norm,all,inject,1,,0.5011079907417297,100,-0.03487488160440755,-0.030075507300340042,
18,1,cover,test,rand_attr_same_norm,all,inject,2,,0.5011079907417297,100,-0.0753877897710753,-0.05744431986633577,
18,1,cover,test,rand_attr_same_norm,all,inject,3,,0.5011079907417297,100,0.03418499649764373,0.03983373073819026,
18,1,cover,test,rand_attr_same_norm,all,inject,4,,0.5011079907417297,100,0.017270916810918635,0.01946438755470418,
18,1,cover,test,attr,all,remove,,,0.5011079907417297,100,12.007087498960711,32.97308624557996,11.638370901346207
18,1,cover,test,rand_attr_same_norm,all,remove,0,,0.5011079907417297,100,1.2893536335594424,1.3145508045965837,
18,1,cover,test,rand_attr_same_norm,all,remove,1,,0.5011079907417297,100,-0.3928300954527453,-0.3842848681487499,
18,1,cover,test,rand_attr_same_norm,all,remove,2,,0.5011079907417297,100,-0.20971317788793797,-0.16536887037871517,
18,1,cover,test,attr_xtask,all,inject,,,0.5011079907417297,100,0.8315256559350281,0.974004819879639,0.6630511023104191
18,1,cover,test,rand_attr_raw,all,inject,0,,0.5011079907417297,100,-0.06068610025433685,-0.05881559679936155,-0.06186853861436248
18,1,cover,test,rand_attr_raw,all,inject,1,,0.5011079907417297,100,0.14927686362053993,0.15216292706459186,0.08835303015075624
18,1,cover,test,single_attr_0,all,inject,,,0.5011079907417297,1,0.0,0.0,0.0
18,1,cover,test,single_attr_1,all,inject,,,0.5011079907417297,1,0.0,0.0,0.0
18,1,cover,test,single_attr_2,all,inject,,,0.5011079907417297,1,0.0070534804882060875,0.00755461038625125,0.0006417549684556434
18,1,cover,test,mlp_ceiling,all,inject,,,0.5011079907417297,,58.08837356850327,79.4931216007103,
18,1,cover,test,mlp_ceiling,all,remove,,,0.5011079907417297,,74.65112629096238,102.08044733163734,
18,1,cover,test,all_tc,all,inject,,,0.5011079907417297,73728,15.540803908841438,46.883743185361126,-5.383363366127014
18,1,cover,test,tc_error,all,inject,,,0.5011079907417297,,14.969442252869769,45.217886147243945,
18,1,cover,test,k_attr_10,all,inject,,10,0.5011079907417297,10,0.025264068392827355,0.026190738361379817,-0.01337963913101703
18,1,cover,test,k_random_10,all,inject,,10,0.5011079907417297,10,-0.022766208523483655,-0.022259515739920126,-0.001305304976995103
18,1,cover,test,k_magnitude_10,all,inject,,10,0.5011079907417297,10,-0.4879152944792464,-0.4340071910380196,-0.5450240336358547
18,1,cover,test,k_oracle_10,all,inject,,10,0.5011079907417297,10,3.2880875754427996,3.5409000080384136,2.836768701672554
18,1,cover,test,k_attr_30,all,inject,,30,0.5011079907417297,30,0.07889668815896922,0.08132579796445841,0.041324374615214765
18,1,cover,test,k_random_30,all,inject,,30,0.5011079907417297,30,0.0161409325843076,0.01781556687639967,0.016408113879151642
18,1,cover,test,k_magnitude_30,all,inject,,30,0.5011079907417297,30,-0.21842000371823378,-0.1507707958847576,-0.31856298446655273
18,1,cover,test,k_oracle_30,all,inject,,30,0.5011079907417297,30,2.9097807509447016,6.70473244670037,5.6641049683094025
18,1,cover,test,k_attr_100,all,inject,,100,0.5011079907417297,100,-0.41634566193702316,-0.3364296954903979,-0.509429769590497
18,1,cover,test,k_random_100,all,inject,,100,0.5011079907417297,100,0.12602297769399584,0.12888806170584857,0.010566836135694757
18,1,cover,test,k_magnitude_100,all,inject,,100,0.5011079907417297,100,-0.2693763450529296,-0.135504190188539,-0.663203839212656
18,1,cover,test,k_oracle_100,all,inject,,100,0.5011079907417297,100,10.388099624643033,15.628985026154359,11.94027066230774
18,1,cover,test,k_attr_300,all,inject,,300,0.5011079907417297,300,-0.15376111681455473,-0.06417380728736877,-0.3681960981339216
18,1,cover,test,k_random_300,all,inject,,300,0.5011079907417297,300,0.273503761122762,0.2947761011020613,0.23235150147229433
18,1,cover,test,k_magnitude_300,all,inject,,300,0.5011079907417297,300,0.6309653502826196,0.9515229245397835,-0.1280411845073104
18,1,cover,test,k_oracle_300,all,inject,,300,0.5011079907417297,300,22.490825420172744,29.98022906179908,22.235113382339478
18,1,cover,test,k_attr_1000,all,inject,,1000,0.5011079907417297,1000,0.6698308603925951,0.8783664980104492,0.15002770815044641
18,1,cover,test,k_random_1000,all,inject,,1000,0.5011079907417297,1000,-0.18842189614445282,-0.17049782826654303,-0.23891113232821226
18,1,cover,test,k_magnitude_1000,all,inject,,1000,0.5011079907417297,1000,1.2513921108307513,2.072162871887307,0.19576475024223328
18,1,cover,test,k_oracle_1000,all,inject,,1000,0.5011079907417297,1000,24.830838387633836,49.27116068962297,40.16366004943848
18,1,cover,test,k_attr_3000,all,inject,,3000,0.5011079907417297,3000,-2.9721558802535464,0.7587892640910525,-0.2887873910367489
18,1,cover,test,k_random_3000,all,inject,,3000,0.5011079907417297,3000,0.09170714091747412,0.16458129194558777,-0.37162089720368385
18,1,cover,test,k_magnitude_3000,all,inject,,3000,0.5011079907417297,3000,-3.496159302559465,0.770642478883539,-1.0949064046144485
18,1,cover,test,k_oracle_3000,all,inject,,3000,0.5011079907417297,3000,30.650060894255247,57.49774776847216,62.37313151359558
18,1,cover,test,k_attr_30,all,remove,,30,0.5011079907417297,30,7.129528426656351,9.695199157338143,2.9521146789193153
18,1,cover,test,k_attr_100,all,remove,,100,0.5011079907417297,100,12.007087498960711,32.97308624557996,11.638370901346207
18,1,cover,test,k_attr_300,all,remove,,300,0.5011079907417297,300,-1.3425283123495335,46.9240437629984,7.726269215345383
18,1,cover,test,k_attr_1000,all,remove,,1000,0.5011079907417297,1000,-4.158615529052079,54.385505820210724,22.17450588941574
18,1,cover,test,mlp_ceiling,occluder_tokens,inject,,,0.5011079907417297,,-22.574824879207654,102.25922824632546,
18,1,cover,test,attr,occluder_tokens,inject,,,0.5011079907417297,,-0.38395674563116433,-0.33388154389581454,
18,1,cover,test,mlp_ceiling,other_tokens,inject,,,0.5011079907417297,,16.14099205716245,22.777769289892102,
18,1,cover,test,attr,other_tokens,inject,,,0.5011079907417297,,-0.029700743303617827,0.012705822870844744,
18,1,paint,test,sel_capped,all,inject,,,0.1361902952194214,12,0.6736089289043568,0.7033874396280397,0.39676688611507416
18,1,paint,test,rand_sel_same_norm,all,inject,0,,0.1361902952194214,12,0.10526746536163589,0.11849029701364602,
18,1,paint,test,rand_sel_same_norm,all,inject,1,,0.1361902952194214,12,0.22185930725888703,0.22933056179151343,
18,1,paint,test,rand_sel_same_norm,all,inject,2,,0.1361902952194214,12,0.321404406506387,0.3333489413362266,
18,1,paint,test,sel_capped,all,remove,,,0.1361902952194214,12,1.1497798147310112,1.237265724328002,1.1999045498669147
18,1,paint,test,attr,all,inject,,,0.1361902952194214,100,2.6775859186465523,3.047815101178238,3.1816937029361725
18,1,paint,test,rand_attr_same_norm,all,inject,0,,0.1361902952194214,100,-0.22345675554313882,-0.18273976646932533,
18,1,paint,test,rand_attr_same_norm,all,inject,1,,0.1361902952194214,100,0.8241191932754854,0.8637120970449628,
18,1,paint,test,rand_attr_same_norm,all,inject,2,,0.1361902952194214,100,0.12446966905248491,0.14562806980854395,
18,1,paint,test,attr,all,remove,,,0.1361902952194214,100,3.0339263003010153,3.4840149780268947,2.9007690027356148
18,1,paint,test,rand_attr_same_norm,all,remove,0,,0.1361902952194214,100,-0.6995729342367696,-0.6540548953393541,
18,1,paint,test,rand_attr_same_norm,all,remove,1,,0.1361902952194214,100,0.1176531602778974,0.13465291090118564,
18,1,paint,test,rand_attr_same_norm,all,remove,2,,0.1361902952194214,100,0.14320139139933907,0.1698219041404222,
18,1,paint,test,mlp_ceiling,all,inject,,,0.1361902952194214,,89.69547178665619,103.2055047460571,
18,1,paint,test,mlp_ceiling,all,remove,,,0.1361902952194214,,92.07583795462722,102.06911298052327,
18,1,paint,test,all_tc,all,inject,,,0.1361902952194214,73728,75.63312291511116,93.36010353350923,11.500927060842514
18,1,paint,test,k_attr_10,all,inject,,10,0.1361902952194214,10,1.2955086756759826,1.3735431235003188,1.2486636638641357
18,1,paint,test,k_random_10,all,inject,,10,0.1361902952194214,10,-0.1648325917963822,-0.15191810205203515,-0.03060010203626007
18,1,paint,test,k_attr_30,all,inject,,30,0.1361902952194214,30,1.8757653527909812,2.0286219999305133,2.1670734509825706
18,1,paint,test,k_random_30,all,inject,,30,0.1361902952194214,30,0.3385824462754039,0.35418790912876413,0.07064195815473795
18,1,paint,test,k_attr_100,all,inject,,100,0.1361902952194214,100,2.6775859186465523,3.047815101178238,3.1816937029361725
18,1,paint,test,k_random_100,all,inject,,100,0.1361902952194214,100,0.12254397797009098,0.14149273617516725,-0.02319182822247967
18,1,paint,test,k_attr_300,all,inject,,300,0.1361902952194214,300,2.7147101791155315,3.094864748372336,2.8014840558171272
18,1,paint,test,k_random_300,all,inject,,300,0.1361902952194214,300,0.8315921876463461,0.8710489066406898,0.5805803928524256
18,1,paint,test,k_attr_1000,all,inject,,1000,0.1361902952194214,1000,5.442024881679409,6.388701349030931,6.462080776691437
18,1,paint,test,k_random_1000,all,inject,,1000,0.1361902952194214,1000,0.1411991103307253,0.18842920545476127,0.34833739046007395
18,1,paint,test,k_attr_3000,all,inject,,3000,0.1361902952194214,3000,6.9313718710802386,8.626631878334171,8.20084810256958
18,1,paint,test,k_random_3000,all,inject,,3000,0.1361902952194214,3000,1.9324310011755497,2.2322360834611477,2.0216407254338264
19,1,cover,test,sel_capped,all,inject,,,0.6414937376976013,129,0.16724771309658548,0.17403834054584794,-0.07210350595414639
19,1,cover,test,rand_sel_same_norm,all,inject,0,,0.6414937376976013,129,-0.04118939511983388,-0.0395088018817626,
19,1,cover,test,rand_sel_same_norm,all,inject,1,,0.6414937376976013,129,-0.011660882218689217,-0.010930156363854278,
19,1,cover,test,rand_sel_same_norm,all,inject,2,,0.6414937376976013,129,0.12575169716939616,0.12976407114070876,
19,1,cover,test,rand_sel_same_norm,all,inject,3,,0.6414937376976013,129,0.15372852295461037,0.1592879894581863,
19,1,cover,test,rand_sel_same_norm,all,inject,4,,0.6414937376976013,129,0.4045071772033171,0.4104548546961172,
19,1,cover,test,sel_uncapped,all,inject,,,0.6414937376976013,457,0.5342449448681896,0.5711307949344798,-0.08666832582093775
19,1,cover,test,sel_target,all,inject,,,0.6414937376976013,129,0.2396380982485513,0.245971963746414,
19,1,cover,test,sel_xtask,all,inject,,,0.6414937376976013,126,-0.3258542943498366,-0.309889644845102,-0.3945619333535433
19,1,cover,test,color,all,inject,,,0.6414937376976013,130,-0.07107098652643362,-0.06903685596253169,
19,1,cover,test,sel_capped,all,remove,,,0.6414937376976013,129,-0.35785435678898914,-0.3274327095390167,1.8155064433813095
19,1,cover,test,attr,all,inject,,,0.6414937376976013,100,1.517206212434885,1.5771793887351497,1.6390498727560043
19,1,cover,test,rand_attr_same_norm,all,inject,0,,0.6414937376976013,100,-0.028079032720995656,-0.026681870409146522,
19,1,cover,test,rand_attr_same_norm,all,inject,1,,0.6414937376976013,100,-0.05113134250946949,-0.0496402192381167,
19,1,cover,test,rand_attr_same_norm,all,inject,2,,0.6414937376976013,100,0.18538479842794553,0.18932596323699308,
19,1,cover,test,rand_attr_same_norm,all,inject,3,,0.6414937376976013,100,-0.062374105445406336,-0.05529273944610896,
19,1,cover,test,rand_attr_same_norm,all,inject,4,,0.6414937376976013,100,0.07415577767909687,0.07521281016699705,
19,1,cover,test,attr,all,remove,,,0.6414937376976013,100,0.924508191839446,1.001673571817756,-0.7922454737126827
19,1,cover,test,rand_attr_same_norm,all,remove,0,,0.6414937376976013,100,-0.5777572248921503,-0.5593308285789322,
19,1,cover,test,rand_attr_same_norm,all,remove,1,,0.6414937376976013,100,-0.14591433813715415,-0.14301715693928022,
19,1,cover,test,rand_attr_same_norm,all,remove,2,,0.6414937376976013,100,-0.520530632394256,-0.4981474793172562,
19,1,cover,test,attr_xtask,all,inject,,,0.6414937376976013,100,1.7022843900554863,1.7604712034951455,1.7236791551113129
19,1,cover,test,rand_attr_raw,all,inject,0,,0.6414937376976013,100,-0.2813478195869079,-0.27838293969880124,-0.13526376569643617
19,1,cover,test,rand_attr_raw,all,inject,1,,0.6414937376976013,100,-0.13491315523124214,-0.13166257013079252,-0.0386327417800203
19,1,cover,test,single_attr_0,all,inject,,,0.6414937376976013,1,0.0,0.0,0.0
19,1,cover,test,single_attr_1,all,inject,,,0.6414937376976013,1,0.0,0.0,0.0
19,1,cover,test,single_attr_2,all,inject,,,0.6414937376976013,1,-0.03601400755346429,-0.03552623771188218,0.0392307760193944
19,1,cover,test,mlp_ceiling,all,inject,,,0.6414937376976013,,66.79913614697878,82.54783349643067,
19,1,cover,test,mlp_ceiling,all,remove,,,0.6414937376976013,,76.2819444293457,89.78279715681997,
19,1,cover,test,all_tc,all,inject,,,0.6414937376976013,73728,59.49508937485499,73.53266168380222,22.900599241256714
19,1,cover,test,tc_error,all,inject,,,0.6414937376976013,,26.571104110865164,37.36073294319223,
19,1,cover,test,k_attr_10,all,inject,,10,0.6414937376976013,10,0.07639503872667319,0.07721115201798118,0.04159778472967446
19,1,cover,test,k_random_10,all,inject,,10,0.6414937376976013,10,-0.0320279370579879,-0.03172590836015778,-0.0010584833944449201
19,1,cover,test,k_magnitude_10,all,inject,,10,0.6414937376976013,10,1.2160952880837184,1.250562865227575,1.0919097810983658
19,1,cover,test,k_oracle_10,all,inject,,10,0.6414937376976013,10,13.134650483406284,17.427651581726277,5.0919391214847565
19,1,cover,test,k_attr_30,all,inject,,30,0.6414937376976013,30,-0.03767719314480278,-0.0347583643274211,-0.008522227290086448
19,1,cover,test,k_random_30,all,inject,,30,0.6414937376976013,30,-0.05162379410914575,-0.05101245463507886,0.014655872655566782
19,1,cover,test,k_magnitude_30,all,inject,,30,0.6414937376976013,30,1.2674403360043773,1.3126164266768117,0.985683873295784
19,1,cover,test,k_oracle_30,all,inject,,30,0.6414937376976013,30,22.805526496265404,31.026840978990798,9.89418774843216
19,1,cover,test,k_attr_100,all,inject,,100,0.6414937376976013,100,1.517206212434885,1.5771793887351497,1.6390498727560043
19,1,cover,test,k_random_100,all,inject,,100,0.6414937376976013,100,0.5536178049685425,0.5682516208558632,0.5642205942422152
19,1,cover,test,k_magnitude_100,all,inject,,100,0.6414937376976013,100,2.3501648644331796,2.455738462227898,1.846199855208397
19,1,cover,test,k_oracle_100,all,inject,,100,0.6414937376976013,100,33.269807076975475,45.93857984443301,19.778692722320557
19,1,cover,test,k_attr_300,all,inject,,300,0.6414937376976013,300,3.0508491584513187,3.260103214813115,2.3293159902095795
19,1,cover,test,k_random_300,all,inject,,300,0.6414937376976013,300,0.10236489195472043,0.12147028023593547,0.2211542334407568
19,1,cover,test,k_magnitude_300,all,inject,,300,0.6414937376976013,300,4.159747953979743,4.385982650554621,2.6725778356194496
19,1,cover,test,k_oracle_300,all,inject,,300,0.6414937376976013,300,40.7368413912817,54.411822506456886,37.36557364463806
19,1,cover,test,k_attr_1000,all,inject,,1000,0.6414937376976013,1000,8.760751124345978,11.092357875694091,4.000256210565567
19,1,cover,test,k_random_1000,all,inject,,1000,0.6414937376976013,1000,-0.583778142563629,-0.5486416366825018,-0.591388950124383
19,1,cover,test,k_magnitude_1000,all,inject,,1000,0.6414937376976013,1000,5.893159001750437,6.35884654432301,3.5376232117414474
19,1,cover,test,k_oracle_1000,all,inject,,1000,0.6414937376976013,1000,57.03500559675889,73.3067302995217,69.0578818321228
19,1,cover,test,k_attr_3000,all,inject,,3000,0.6414937376976013,3000,24.4460082105619,32.42588659210698,6.555390357971191
19,1,cover,test,k_random_3000,all,inject,,3000,0.6414937376976013,3000,0.8711190052031692,0.9667585631925082,0.16819953452795744
19,1,cover,test,k_magnitude_3000,all,inject,,3000,0.6414937376976013,3000,18.505968745676526,23.71698974134215,4.935802146792412
19,1,cover,test,k_oracle_3000,all,inject,,3000,0.6414937376976013,3000,62.52334847761376,80.20656311283994,107.08960294723511
19,1,cover,test,k_attr_30,all,remove,,30,0.6414937376976013,30,2.1599020077065934,3.4632031579329876,0.9874149225652218
19,1,cover,test,k_attr_100,all,remove,,100,0.6414937376976013,100,0.924508191839446,1.001673571817756,-0.7922454737126827
19,1,cover,test,k_attr_300,all,remove,,300,0.6414937376976013,300,4.78216031826868,6.304167356612338,9.244006127119064
19,1,cover,test,k_attr_1000,all,remove,,1000,0.6414937376976013,1000,7.645617705734898,9.31856118597132,20.618069171905518
19,1,cover,test,mlp_ceiling,occluder_tokens,inject,,,0.6414937376976013,,36.092246962804765,49.40998388731865,
19,1,cover,test,attr,occluder_tokens,inject,,,0.6414937376976013,,0.9561180096147037,0.980259267148977,
19,1,cover,test,mlp_ceiling,other_tokens,inject,,,0.6414937376976013,,16.192133801143772,23.482961758522933,
19,1,cover,test,attr,other_tokens,inject,,,0.6414937376976013,,0.44868844807967045,0.47292001641249654,
19,1,paint,test,sel_capped,all,inject,,,0.2519300878047943,12,-0.15765308301267655,-0.14935420967825722,-0.06392724462784827
19,1,paint,test,rand_sel_same_norm,all,inject,0,,0.2519300878047943,12,0.04908101158697109,0.05318187464474519,
19,1,paint,test,rand_sel_same_norm,all,inject,1,,0.2519300878047943,12,0.05037043801815466,0.051947421201585534,
19,1,paint,test,rand_sel_same_norm,all,inject,2,,0.2519300878047943,12,-0.13411217844336853,-0.13028403292772034,
19,1,paint,test,sel_capped,all,remove,,,0.2519300878047943,12,-11.708287735153222,-8.413769032427574,-2.6728203520178795
19,1,paint,test,attr,all,inject,,,0.2519300878047943,100,0.24799574039753303,0.33919421930662846,0.4164342302829027
19,1,paint,test,rand_attr_same_norm,all,inject,0,,0.2519300878047943,100,0.02016946848777401,0.03436855496940301,
19,1,paint,test,rand_attr_same_norm,all,inject,1,,0.2519300878047943,100,0.30315716653155356,0.3114267561715595,
19,1,paint,test,rand_attr_same_norm,all,inject,2,,0.2519300878047943,100,0.20689970900366061,0.2242668234349255,
19,1,paint,test,attr,all,remove,,,0.2519300878047943,100,-11.269078335731386,-7.776056598638054,1.4045881107449532
19,1,paint,test,rand_attr_same_norm,all,remove,0,,0.2519300878047943,100,4.773710984647428,5.959353268816484,
19,1,paint,test,rand_attr_same_norm,all,remove,1,,0.2519300878047943,100,4.9443825427749495,6.086722313951661,
19,1,paint,test,rand_attr_same_norm,all,remove,2,,0.2519300878047943,100,6.494557023464365,7.7523640007315455,
19,1,paint,test,mlp_ceiling,all,inject,,,0.2519300878047943,,79.17391919744206,88.60983104896978,
19,1,paint,test,mlp_ceiling,all,remove,,,0.2519300878047943,,93.2901797401297,96.90738131484206,
19,1,paint,test,all_tc,all,inject,,,0.2519300878047943,73728,72.31717678071861,86.89025180804306,26.674604415893555
19,1,paint,test,k_attr_10,all,inject,,10,0.2519300878047943,10,0.2636581311763031,0.26850143030308493,-0.017205451149493456
19,1,paint,test,k_random_10,all,inject,,10,0.2519300878047943,10,0.0350274464471001,0.03868136495203094,-0.007317693962249905
19,1,paint,test,k_attr_30,all,inject,,30,0.2519300878047943,30,0.7869404998313678,0.8069557308503705,0.3747698152437806
19,1,paint,test,k_random_30,all,inject,,30,0.2519300878047943,30,0.21010553068119275,0.2130596108446521,0.12321772519499063
19,1,paint,test,k_attr_100,all,inject,,100,0.2519300878047943,100,0.24799574039753303,0.33919421930662846,0.4164342302829027
19,1,paint,test,k_random_100,all,inject,,100,0.2519300878047943,100,-0.09602086552216171,-0.08878476566759569,-0.0878117571119219
19,1,paint,test,k_attr_300,all,inject,,300,0.2519300878047943,300,0.32628403509085135,0.45896516501210227,0.5548338871449232
19,1,paint,test,k_random_300,all,inject,,300,0.2519300878047943,300,0.6924101639452451,0.7066696997485097,0.35168481990695
19,1,paint,test,k_attr_1000,all,inject,,1000,0.2519300878047943,1000,1.934181050376238,2.3293113337231475,3.0472666025161743
19,1,paint,test,k_random_1000,all,inject,,1000,0.2519300878047943,1000,0.2761738482789933,0.3416344160233442,-0.051934411749243736
19,1,paint,test,k_attr_3000,all,inject,,3000,0.2519300878047943,3000,6.757381167820508,7.562375124178192,7.403330504894257
19,1,paint,test,k_random_3000,all,inject,,3000,0.2519300878047943,3000,-0.15471934214172922,0.004862696934322723,-0.2012265846133232
20,1,cover,test,sel_capped,all,inject,,,1.0907139778137207,129,0.2159445272412741,0.2250287978208781,0.2579841762781143
20,1,cover,test,rand_sel_same_norm,all,inject,0,,1.0907139778137207,129,-0.07070276074114812,-0.06966121249762532,
20,1,cover,test,rand_sel_same_norm,all,inject,1,,1.0907139778137207,129,-0.15041140722211743,-0.14848048269392353,
20,1,cover,test,rand_sel_same_norm,all,inject,2,,1.0907139778137207,129,-0.08186175265902929,-0.08091900393973557,
20,1,cover,test,rand_sel_same_norm,all,inject,3,,1.0907139778137207,129,-0.051904067206631765,-0.05097518402589253,
20,1,cover,test,rand_sel_same_norm,all,inject,4,,1.0907139778137207,129,-0.004426436559001878,-0.0036983380525467506,
20,1,cover,test,sel_uncapped,all,inject,,,1.0907139778137207,457,0.12614797719500137,0.14937028675687866,0.1985037699341774
20,1,cover,test,sel_target,all,inject,,,1.0907139778137207,129,0.23427325343743366,0.24344863947251,
20,1,cover,test,sel_xtask,all,inject,,,1.0907139778137207,126,0.11290145593695344,0.11627831919707773,0.15189360128715634
20,1,cover,test,color,all,inject,,,1.0907139778137207,130,-0.11526222210176407,-0.11421898944932386,
20,1,cover,test,sel_capped,all,remove,,,1.0907139778137207,129,0.7739050526079261,1.1614585135110571,-0.10489624692127109
20,1,cover,test,attr,all,inject,,,1.0907139778137207,100,0.5346807479082116,0.6696199368349427,0.03337494272273034
20,1,cover,test,rand_attr_same_norm,all,inject,0,,1.0907139778137207,100,0.31930455326216745,0.3574351753225755,
20,1,cover,test,rand_attr_same_norm,all,inject,1,,1.0907139778137207,100,0.05104063884081578,0.05190470496609263,
20,1,cover,test,rand_attr_same_norm,all,inject,2,,1.0907139778137207,100,0.0253454478526427,0.02716834813099387,
20,1,cover,test,rand_attr_same_norm,all,inject,3,,1.0907139778137207,100,-0.04177244574936623,-0.04147083294915778,
20,1,cover,test,rand_attr_same_norm,all,inject,4,,1.0907139778137207,100,-0.033706494686303046,-0.03346852277909395,
20,1,cover,test,attr,all,remove,,,1.0907139778137207,100,-0.3253704107689437,-0.22153880875174142,-0.5526593420654535
20,1,cover,test,rand_attr_same_norm,all,remove,0,,1.0907139778137207,100,0.040264178477422696,0.04478108328674365,
20,1,cover,test,rand_attr_same_norm,all,remove,1,,1.0907139778137207,100,0.792922335602142,1.226183123586918,
20,1,cover,test,rand_attr_same_norm,all,remove,2,,1.0907139778137207,100,1.1440425847241809,1.6178384576855243,
20,1,cover,test,attr_xtask,all,inject,,,1.0907139778137207,100,0.4580432833360959,0.5923216319323105,-0.013609942106995732
20,1,cover,test,rand_attr_raw,all,inject,0,,1.0907139778137207,100,-0.09649631698618322,-0.09507323579729852,-0.04334421828389168
20,1,cover,test,rand_attr_raw,all,inject,1,,1.0907139778137207,100,0.003486501882277171,0.004186525861596591,0.02876615326385945
20,1,cover,test,single_attr_0,all,inject,,,1.0907139778137207,1,0.0,0.0,0.0
20,1,cover,test,single_attr_1,all,inject,,,1.0907139778137207,1,0.0,0.0,0.0
20,1,cover,test,single_attr_2,all,inject,,,1.0907139778137207,1,-0.01702811891091116,-0.01686581236185255,0.0024667548132129014
20,1,cover,test,mlp_ceiling,all,inject,,,1.0907139778137207,,84.99285813587782,95.31051743426531,
20,1,cover,test,mlp_ceiling,all,remove,,,1.0907139778137207,,94.27959273668758,98.81014540085793,
20,1,cover,test,all_tc,all,inject,,,1.0907139778137207,73728,18.18926612086336,29.372174935443848,-1.0366872884333134
20,1,cover,test,tc_error,all,inject,,,1.0907139778137207,,7.633548323353267,11.638984710863493,
20,1,cover,test,k_attr_10,all,inject,,10,1.0907139778137207,10,0.0073555353190313255,0.007502917320227004,0.022059408365748823
20,1,cover,test,k_random_10,all,inject,,10,1.0907139778137207,10,-0.005049416519153915,-0.004506868887692122,0.011524571891641244
20,1,cover,test,k_magnitude_10,all,inject,,10,1.0907139778137207,10,0.7615984660266029,0.914166591572256,0.035712827229872346
20,1,cover,test,k_oracle_10,all,inject,,10,1.0907139778137207,10,1.151769722124707,1.2191509244473149,1.149193663150072
20,1,cover,test,k_attr_30,all,inject,,30,1.0907139778137207,30,-0.04522615921269679,-0.0438406614988153,0.03316086658742279
20,1,cover,test,k_random_30,all,inject,,30,1.0907139778137207,30,-0.026678843556826592,-0.025963444793464473,-0.0009928478903020732
20,1,cover,test,k_magnitude_30,all,inject,,30,1.0907139778137207,30,0.9472027762610136,1.1347779335816293,-0.0007777057362545747
20,1,cover,test,k_oracle_30,all,inject,,30,1.0907139778137207,30,2.4444422099744068,2.6202869996605087,2.6544995605945587
20,1,cover,test,k_attr_100,all,inject,,100,1.0907139778137207,100,0.5346807479082116,0.6696199368349427,0.03337494272273034
20,1,cover,test,k_random_100,all,inject,,100,1.0907139778137207,100,-0.018984494575269295,-0.01693755718944024,-0.016266990860458463
20,1,cover,test,k_magnitude_100,all,inject,,100,1.0907139778137207,100,1.3457132202468025,1.5511499485925468,0.050039158668369055
20,1,cover,test,k_oracle_100,all,inject,,100,1.0907139778137207,100,5.897346892291788,7.118197051056235,6.135934591293335
20,1,cover,test,k_attr_300,all,inject,,300,1.0907139778137207,300,0.561490745140869,0.7109128919983208,0.09859238052740693
20,1,cover,test,k_random_300,all,inject,,300,1.0907139778137207,300,-0.11961215234985723,-0.11575975234300058,-0.06126120570115745
20,1,cover,test,k_magnitude_300,all,inject,,300,1.0907139778137207,300,1.5210547553481168,1.7744869176680396,0.2938871271908283
20,1,cover,test,k_oracle_300,all,inject,,300,1.0907139778137207,300,8.451291492104762,10.41715528422297,12.112191319465637
20,1,cover,test,k_attr_1000,all,inject,,1000,1.0907139778137207,1000,0.8623463480040394,1.0639917936803573,0.23353013675659895
20,1,cover,test,k_random_1000,all,inject,,1000,1.0907139778137207,1000,0.09212452779211455,0.10698542881980684,0.075033976463601
20,1,cover,test,k_magnitude_1000,all,inject,,1000,1.0907139778137207,1000,3.2827218584650764,4.296531440780725,0.7921195589005947
20,1,cover,test,k_oracle_1000,all,inject,,1000,1.0907139778137207,1000,12.922380412985435,16.6568833216456,22.376511991024017
20,1,cover,test,k_attr_3000,all,inject,,3000,1.0907139778137207,3000,2.78608660601829,3.760558445158347,0.00750798499211669
20,1,cover,test,k_random_3000,all,inject,,3000,1.0907139778137207,3000,-0.5473042892060853,-0.48442960759270637,-0.6854258012026548
20,1,cover,test,k_magnitude_3000,all,inject,,3000,1.0907139778137207,3000,3.6205518684371274,4.86332307260896,1.0420536622405052
20,1,cover,test,k_oracle_3000,all,inject,,3000,1.0907139778137207,3000,15.362669423225483,20.297278952349235,34.62143540382385
20,1,cover,test,k_attr_30,all,remove,,30,1.0907139778137207,30,-0.04178337522235953,-0.03660669647146725,-0.2777770394459367
20,1,cover,test,k_attr_100,all,remove,,100,1.0907139778137207,100,-0.3253704107689437,-0.22153880875174142,-0.5526593420654535
20,1,cover,test,k_attr_300,all,remove,,300,1.0907139778137207,300,-0.7737301810401664,-0.5205933381320463,-1.9952654838562012
20,1,cover,test,k_attr_1000,all,remove,,1000,1.0907139778137207,1000,-2.0515057972110506,-0.43010522220274267,-2.3028235882520676
20,1,cover,test,mlp_ceiling,occluder_tokens,inject,,,1.0907139778137207,,15.300617340352096,26.82865120446182,
20,1,cover,test,attr,occluder_tokens,inject,,,1.0907139778137207,,0.339447571973861,0.4253944813377166,
20,1,cover,test,mlp_ceiling,other_tokens,inject,,,1.0907139778137207,,3.7939807457660346,4.948903674130397,
20,1,cover,test,attr,other_tokens,inject,,,1.0907139778137207,,0.14142738042828285,0.15279746174875783,
20,1,paint,test,sel_capped,all,inject,,,0.2615463137626648,12,0.15436350663021736,0.23374478229945023,0.3309491090476513
20,1,paint,test,rand_sel_same_norm,all,inject,0,,0.2615463137626648,12,0.0281448188806821,0.029886225361042462,
20,1,paint,test,rand_sel_same_norm,all,inject,1,,0.2615463137626648,12,-0.005412465169363223,-0.0034723176709325143,
20,1,paint,test,rand_sel_same_norm,all,inject,2,,0.2615463137626648,12,-0.17972802761336837,-0.17723983215209482,
20,1,paint,test,sel_capped,all,remove,,,0.2615463137626648,12,0.09063315359391089,0.09539769943089281,0.10487957624718547
20,1,paint,test,attr,all,inject,,,0.2615463137626648,100,3.1479581104821963,3.5537410982897306,3.565358743071556
20,1,paint,test,rand_attr_same_norm,all,inject,0,,0.2615463137626648,100,0.18476446888675557,0.2043973794734002,
20,1,paint,test,rand_attr_same_norm,all,inject,1,,0.2615463137626648,100,-0.08258852115270443,-0.03256754426099394,
20,1,paint,test,rand_attr_same_norm,all,inject,2,,0.2615463137626648,100,0.646749706416494,0.7067238682942016,
20,1,paint,test,attr,all,remove,,,0.2615463137626648,100,1.0404353308406389,1.2222066522399584,1.3764052651822567
20,1,paint,test,rand_attr_same_norm,all,remove,0,,0.2615463137626648,100,0.16909680655439185,0.20090413820387162,
20,1,paint,test,rand_attr_same_norm,all,remove,1,,0.2615463137626648,100,0.08484466452857164,0.12687981499654574,
20,1,paint,test,rand_attr_same_norm,all,remove,2,,0.2615463137626648,100,0.032884998902693585,0.09140703743370719,
20,1,paint,test,mlp_ceiling,all,inject,,,0.2615463137626648,,95.4352215943003,99.76613691904271,
20,1,paint,test,mlp_ceiling,all,remove,,,0.2615463137626648,,80.8038519204224,90.89244465150131,
20,1,paint,test,all_tc,all,inject,,,0.2615463137626648,73728,70.46801472372842,82.05793138083101,49.58930015563965
20,1,paint,test,k_attr_10,all,inject,,10,0.2615463137626648,10,-0.17163781651812204,-0.16925463384945036,-0.018748169532045722
20,1,paint,test,k_random_10,all,inject,,10,0.2615463137626648,10,0.1155760720270349,0.12004578415411925,0.11999073904007673
20,1,paint,test,k_attr_30,all,inject,,30,0.2615463137626648,30,0.2753862278171537,0.29716193407141955,0.20508146844804287
20,1,paint,test,k_random_30,all,inject,,30,0.2615463137626648,30,-0.14693418601878783,-0.14276729518099932,0.03154976002406329
20,1,paint,test,k_attr_100,all,inject,,100,0.2615463137626648,100,3.1479581104821963,3.5537410982897306,3.565358743071556
20,1,paint,test,k_random_100,all,inject,,100,0.2615463137626648,100,0.037898650849055304,0.04874567536329398,0.07588276057504117
20,1,paint,test,k_attr_300,all,inject,,300,0.2615463137626648,300,3.707356326396949,4.365318374360015,2.397255226969719
20,1,paint,test,k_random_300,all,inject,,300,0.2615463137626648,300,0.1917152136305722,0.24523458028543627,0.20020739175379276
20,1,paint,test,k_attr_1000,all,inject,,1000,0.2615463137626648,1000,8.016818067560783,9.006608488219692,3.7706218659877777
20,1,paint,test,k_random_1000,all,inject,,1000,0.2615463137626648,1000,2.0288198387472756,2.2240008260411113,1.6146454960107803
20,1,paint,test,k_attr_3000,all,inject,,3000,0.2615463137626648,3000,24.16491929501673,30.143037992633264,18.1608647108078
20,1,paint,test,k_random_3000,all,inject,,3000,0.2615463137626648,3000,5.14620606702022,5.553947937183593,4.613492637872696
21,1,cover,test,sel_capped,all,inject,,,0.2762387990951538,129,0.8597442064093852,0.8787839857618842,0.5919612012803555
21,1,cover,test,rand_sel_same_norm,all,inject,0,,0.2762387990951538,129,0.291314005037846,0.2942072446778463,
21,1,cover,test,rand_sel_same_norm,all,inject,1,,0.2762387990951538,129,-0.39899510585565956,-0.3862710233953732,
21,1,cover,test,rand_sel_same_norm,all,inject,2,,0.2762387990951538,129,0.02898899087240281,0.03283224402506364,
21,1,cover,test,rand_sel_same_norm,all,inject,3,,0.2762387990951538,129,0.528059228597233,0.5360658398592257,
21,1,cover,test,rand_sel_same_norm,all,inject,4,,0.2762387990951538,129,0.3209718896334035,0.3254569545522228,
21,1,cover,test,sel_uncapped,all,inject,,,0.2762387990951538,457,0.3593793356720165,0.4133535250352525,-0.43614073656499386
21,1,cover,test,sel_target,all,inject,,,0.2762387990951538,129,0.6344133305771993,0.6523794340568561,
21,1,cover,test,sel_xtask,all,inject,,,0.2762387990951538,126,-1.5653084096339587,-1.4963715550483465,-2.1003782749176025
21,1,cover,test,color,all,inject,,,0.2762387990951538,130,-0.15993033148216096,-0.15209339250943846,
21,1,cover,test,sel_capped,all,remove,,,0.2762387990951538,129,2.6349881476347647,2.6986753488916846,2.917938679456711
21,1,cover,test,attr,all,inject,,,0.2762387990951538,100,0.26398645986486224,0.41146754110232026,0.16246710438281298
21,1,cover,test,rand_attr_same_norm,all,inject,0,,0.2762387990951538,100,0.01834063434428268,0.025860080688734126,
21,1,cover,test,rand_attr_same_norm,all,inject,1,,0.2762387990951538,100,0.3901700241535355,0.40229226246567146,
21,1,cover,test,rand_attr_same_norm,all,inject,2,,0.2762387990951538,100,-0.0980468734828488,-0.09240377665674229,
21,1,cover,test,rand_attr_same_norm,all,inject,3,,0.2762387990951538,100,0.33645354274166595,0.34784678581873096,
21,1,cover,test,rand_attr_same_norm,all,inject,4,,0.2762387990951538,100,0.13738213984711978,0.1440653654368792,
21,1,cover,test,attr,all,remove,,,0.2762387990951538,100,36.20844713517134,83.31400947898437,41.06972813606262
21,1,cover,test,rand_attr_same_norm,all,remove,0,,0.2762387990951538,100,3.46563547708737,3.604105197230077,
21,1,cover,test,rand_attr_same_norm,all,remove,1,,0.2762387990951538,100,0.5967826643461072,0.6043354677057151,
21,1,cover,test,rand_attr_same_norm,all,remove,2,,0.2762387990951538,100,0.768008668862652,0.7796317127481377,
21,1,cover,test,attr_xtask,all,inject,,,0.2762387990951538,100,-0.12938778099469417,0.10757767455207282,-2.122863009572029
21,1,cover,test,rand_attr_raw,all,inject,0,,0.2762387990951538,100,0.04872135570517244,0.0590987568875823,-0.07437466410920024
21,1,cover,test,rand_attr_raw,all,inject,1,,0.2762387990951538,100,0.1606963226812419,0.16707969210797602,0.10517477057874203
21,1,cover,test,single_attr_0,all,inject,,,0.2762387990951538,1,0.0,0.0,0.0
21,1,cover,test,single_attr_1,all,inject,,,0.2762387990951538,1,0.0,0.0,0.0
21,1,cover,test,single_attr_2,all,inject,,,0.2762387990951538,1,0.0,0.0,0.0
21,1,cover,test,mlp_ceiling,all,inject,,,0.2762387990951538,,88.95275355495437,93.90787609832634,
21,1,cover,test,mlp_ceiling,all,remove,,,0.2762387990951538,,54.4104154952036,110.3656582673662,
21,1,cover,test,all_tc,all,inject,,,0.2762387990951538,73728,47.274042306017584,62.84136716477814,13.896052539348602
21,1,cover,test,tc_error,all,inject,,,0.2762387990951538,,20.104744441601042,32.27130334428252,
21,1,cover,test,k_attr_10,all,inject,,10,0.2762387990951538,10,0.030650436571832973,0.03293101924635361,-0.032537366496399045
21,1,cover,test,k_random_10,all,inject,,10,0.2762387990951538,10,0.12417688311924246,0.12707923549487932,0.0380045035853982
21,1,cover,test,k_magnitude_10,all,inject,,10,0.2762387990951538,10,1.8730966197563537,2.007846068092573,1.7656879499554634
21,1,cover,test,k_oracle_10,all,inject,,10,0.2762387990951538,10,7.1805417521304316,7.713120034165193,7.483439892530441
21,1,cover,test,k_attr_30,all,inject,,30,0.2762387990951538,30,-0.0717981891536601,-0.06256921727856095,-0.2315456746146083
21,1,cover,test,k_random_30,all,inject,,30,0.2762387990951538,30,0.05965021605267573,0.06719951761705274,0.028913907590322196
21,1,cover,test,k_magnitude_30,all,inject,,30,0.2762387990951538,30,1.1397625384128363,1.3061171023788158,0.8141434751451015
21,1,cover,test,k_oracle_30,all,inject,,30,0.2762387990951538,30,13.105721026436834,14.746949753098631,14.331647753715515
21,1,cover,test,k_attr_100,all,inject,,100,0.2762387990951538,100,0.26398645986486224,0.41146754110232026,0.16246710438281298
21,1,cover,test,k_random_100,all,inject,,100,0.2762387990951538,100,-0.013194468119448466,-0.0013803633180694524,-0.04841548216063529
21,1,cover,test,k_magnitude_100,all,inject,,100,0.2762387990951538,100,2.1433944155573426,2.4681178720597776,1.8970215693116188
21,1,cover,test,k_oracle_100,all,inject,,100,0.2762387990951538,100,36.776327117512544,49.42091639704326,29.920116066932678
21,1,cover,test,k_attr_300,all,inject,,300,0.2762387990951538,300,1.011615447388492,1.2280942879710166,0.6214340683072805
21,1,cover,test,k_random_300,all,inject,,300,0.2762387990951538,300,0.3946904510889859,0.4124328504244404,0.2704107668250799
21,1,cover,test,k_magnitude_300,all,inject,,300,0.2762387990951538,300,0.5488812428822154,1.1933904651686782,0.7947345264256
21,1,cover,test,k_oracle_300,all,inject,,300,0.2762387990951538,300,62.495285378112676,90.91041599193862,55.459898710250854
21,1,cover,test,k_attr_1000,all,inject,,1000,0.2762387990951538,1000,3.627356717570196,4.405298265209456,2.2361120209097862
21,1,cover,test,k_random_1000,all,inject,,1000,0.2762387990951538,1000,-0.7892082844429549,-0.7050013595733065,-0.5104629788547754
21,1,cover,test,k_magnitude_1000,all,inject,,1000,0.2762387990951538,1000,1.4717064428274917,2.072219810955929,0.16743151936680079
21,1,cover,test,k_oracle_1000,all,inject,,1000,0.2762387990951538,1000,49.99423888309421,114.5347259839365,102.45126485824585
21,1,cover,test,k_attr_3000,all,inject,,3000,0.2762387990951538,3000,6.565591071175037,8.799526229320293,3.5071980208158493
21,1,cover,test,k_random_3000,all,inject,,3000,0.2762387990951538,3000,1.7110948754541444,2.004228424741056,1.7595216631889343
21,1,cover,test,k_magnitude_3000,all,inject,,3000,0.2762387990951538,3000,-6.459560627448213,2.4250485000773074,2.414510026574135
21,1,cover,test,k_oracle_3000,all,inject,,3000,0.2762387990951538,3000,11.152314005469389,139.58829656444843,162.56247758865356
21,1,cover,test,k_attr_30,all,remove,,30,0.2762387990951538,30,-0.2511048613901057,-0.2399285902644196,0.511963153257966
21,1,cover,test,k_attr_100,all,remove,,100,0.2762387990951538,100,36.20844713517134,83.31400947898437,41.06972813606262
21,1,cover,test,k_attr_300,all,remove,,300,0.2762387990951538,300,16.661581635889643,96.33688994615626,65.47799110412598
21,1,cover,test,k_attr_1000,all,remove,,1000,0.2762387990951538,1000,-19.558387733093284,112.99200753005434,138.77838850021362
21,1,cover,test,mlp_ceiling,occluder_tokens,inject,,,0.2762387990951538,,34.59010192645707,45.76298396971124,
21,1,cover,test,attr,occluder_tokens,inject,,,0.2762387990951538,,-0.19899588263547763,-0.1777068263166972,
21,1,cover,test,mlp_ceiling,other_tokens,inject,,,0.2762387990951538,,19.832332078546244,27.997079818647382,
21,1,cover,test,attr,other_tokens,inject,,,0.2762387990951538,,0.3288691510098807,0.42975248534999505,
22,1,cover,test,sel_capped,all,inject,,,0.35839882493019104,129,0.32589744657953723,0.3428901401142133,0.4423630889505148
22,1,cover,test,rand_sel_same_norm,all,inject,0,,0.35839882493019104,129,0.09985972739267046,0.10167409479395288,
22,1,cover,test,rand_sel_same_norm,all,inject,1,,0.35839882493019104,129,0.050574307769357674,0.055166729249852824,
22,1,cover,test,rand_sel_same_norm,all,inject,2,,0.35839882493019104,129,0.2511585649236703,0.2543678082898343,
22,1,cover,test,rand_sel_same_norm,all,inject,3,,0.35839882493019104,129,0.3470019505451116,0.35014479938761073,
22,1,cover,test,rand_sel_same_norm,all,inject,4,,0.35839882493019104,129,-0.01327139020057544,-0.010090352174749014,
22,1,cover,test,sel_uncapped,all,inject,,,0.35839882493019104,457,1.0465605437744219,1.142222297810648,0.8134480565786362
22,1,cover,test,sel_target,all,inject,,,0.35839882493019104,129,0.6132363490738202,0.6323909385231484,
22,1,cover,test,sel_xtask,all,inject,,,0.35839882493019104,126,0.7664061532684285,0.7922218120365736,0.5108422134071589
22,1,cover,test,color,all,inject,,,0.35839882493019104,130,-0.05627036183413203,-0.05153182596577401,
22,1,cover,test,sel_capped,all,remove,,,0.35839882493019104,129,-0.4163108711727981,-0.33693181748275863,-0.5093657877296209
22,1,cover,test,attr,all,inject,,,0.35839882493019104,100,1.5943130596217214,1.6459953358052233,1.76661666482687
22,1,cover,test,rand_attr_same_norm,all,inject,0,,0.35839882493019104,100,-0.12964551667742352,-0.12677434714775102,
22,1,cover,test,rand_attr_same_norm,all,inject,1,,0.35839882493019104,100,0.06308899589709815,0.06656187420128348,
22,1,cover,test,rand_attr_same_norm,all,inject,2,,0.35839882493019104,100,0.3162682048174603,0.31951716825279325,
22,1,cover,test,rand_attr_same_norm,all,inject,3,,0.35839882493019104,100,0.09669987258301704,0.1015314467199389,
22,1,cover,test,rand_attr_same_norm,all,inject,4,,0.35839882493019104,100,-0.0186015663400374,-0.01608223832777175,
22,1,cover,test,attr,all,remove,,,0.35839882493019104,100,0.4747349235219467,1.1111599360017053,0.3630001796409488
22,1,cover,test,rand_attr_same_norm,all,remove,0,,0.35839882493019104,100,-0.4093591905915517,-0.38837749942428346,
22,1,cover,test,rand_attr_same_norm,all,remove,1,,0.35839882493019104,100,0.2843869328694626,0.29260410456607266,
22,1,cover,test,rand_attr_same_norm,all,remove,2,,0.35839882493019104,100,0.060660896938091735,0.08107219952943129,
22,1,cover,test,attr_xtask,all,inject,,,0.35839882493019104,100,2.3371533483359963,2.4078524233635186,2.762696146965027
22,1,cover,test,rand_attr_raw,all,inject,0,,0.35839882493019104,100,0.25909977898478376,0.26413302394828003,0.13205318246036768
22,1,cover,test,rand_attr_raw,all,inject,1,,0.35839882493019104,100,0.35229886505498964,0.3594481551361296,0.34752865321934223
22,1,cover,test,single_attr_0,all,inject,,,0.35839882493019104,1,0.0,0.0,0.0
22,1,cover,test,single_attr_1,all,inject,,,0.35839882493019104,1,0.0,0.0,0.0
22,1,cover,test,single_attr_2,all,inject,,,0.35839882493019104,1,0.24368301367659884,0.2450214799643862,0.02478878595866263
22,1,cover,test,mlp_ceiling,all,inject,,,0.35839882493019104,,56.56381256107147,69.44240094069619,
22,1,cover,test,mlp_ceiling,all,remove,,,0.35839882493019104,,37.610371441764414,51.6377077437224,
22,1,cover,test,all_tc,all,inject,,,0.35839882493019104,73728,52.97440875166692,64.85307901002892,11.565063893795013
22,1,cover,test,tc_error,all,inject,,,0.35839882493019104,,-15.464005137591297,-2.431367653844437,
22,1,cover,test,k_attr_10,all,inject,,10,0.35839882493019104,10,0.12883060675282776,0.13019595365151068,0.009008956840261817
22,1,cover,test,k_random_10,all,inject,,10,0.35839882493019104,10,0.16976735735272364,0.17113266124580984,0.012750423047691584
22,1,cover,test,k_magnitude_10,all,inject,,10,0.35839882493019104,10,1.1236360549079616,1.1932814751477983,1.3202275149524212
22,1,cover,test,k_oracle_10,all,inject,,10,0.35839882493019104,10,5.7902759459628195,6.121838374437881,5.426755920052528
22,1,cover,test,k_attr_30,all,inject,,30,0.35839882493019104,30,0.43902856417278313,0.4453083250475974,0.29586488381028175
22,1,cover,test,k_random_30,all,inject,,30,0.35839882493019104,30,0.075503899136109,0.07797725421497043,-0.01163295964943245
22,1,cover,test,k_magnitude_30,all,inject,,30,0.35839882493019104,30,1.952939949703425,2.0700304951569386,2.3557402193546295
22,1,cover,test,k_oracle_30,all,inject,,30,0.35839882493019104,30,22.606374641200567,28.058620245502155,12.363230437040329
22,1,cover,test,k_attr_100,all,inject,,100,0.35839882493019104,100,1.5943130596217214,1.6459953358052233,1.76661666482687
22,1,cover,test,k_random_100,all,inject,,100,0.35839882493019104,100,-0.07781558239159381,-0.07232578031013853,-0.012519369192887098
22,1,cover,test,k_magnitude_100,all,inject,,100,0.35839882493019104,100,2.196573070935659,2.3592821752564253,3.280404582619667
22,1,cover,test,k_oracle_100,all,inject,,100,0.35839882493019104,100,34.1080590516993,41.990047952901385,26.949819922447205
22,1,cover,test,k_attr_300,all,inject,,300,0.35839882493019104,300,1.8389024527042497,1.924600025506321,2.17046532779932
22,1,cover,test,k_random_300,all,inject,,300,0.35839882493019104,300,0.3705012918401196,0.37616032785592307,0.2709147287532687
22,1,cover,test,k_magnitude_300,all,inject,,300,0.35839882493019104,300,2.9153319398373623,3.097852335542354,3.923868015408516
22,1,cover,test,k_oracle_300,all,inject,,300,0.35839882493019104,300,58.07994000267257,75.4835636963088,51.8501341342926
22,1,cover,test,k_attr_1000,all,inject,,1000,0.35839882493019104,1000,1.4773734854420906,1.7559096749564755,2.1508345380425453
22,1,cover,test,k_random_1000,all,inject,,1000,0.35839882493019104,1000,2.2279969954769996,2.2989106930031733,1.9630428403615952
22,1,cover,test,k_magnitude_1000,all,inject,,1000,0.35839882493019104,1000,4.658889931363797,5.190592503517514,5.543660372495651
22,1,cover,test,k_oracle_1000,all,inject,,1000,0.35839882493019104,1000,65.71065259400382,112.43904914200843,97.85951375961304
22,1,cover,test,k_attr_3000,all,inject,,3000,0.35839882493019104,3000,36.6213410440443,46.853350704105125,12.508617341518402
22,1,cover,test,k_random_3000,all,inject,,3000,0.35839882493019104,3000,1.515632674861167,1.6778562285230585,1.2024467810988426
22,1,cover,test,k_magnitude_3000,all,inject,,3000,0.35839882493019104,3000,20.193975171357682,25.63256481753477,10.30869260430336
22,1,cover,test,k_oracle_3000,all,inject,,3000,0.35839882493019104,3000,50.88348293167005,124.87256597490742,155.97095489501953
22,1,cover,test,k_attr_30,all,remove,,30,0.35839882493019104,30,1.1023985044240847,1.1227674703872972,0.8540498092770576
22,1,cover,test,k_attr_100,all,remove,,100,0.35839882493019104,100,0.4747349235219467,1.1111599360017053,0.3630001796409488
22,1,cover,test,k_attr_300,all,remove,,300,0.35839882493019104,300,1.1267377018658653,2.6058172909096866,0.4044155590236187
22,1,cover,test,k_attr_1000,all,remove,,1000,0.35839882493019104,1000,5.1292842122261595,7.625099127609158,3.416348248720169
22,1,cover,test,mlp_ceiling,occluder_tokens,inject,,,0.35839882493019104,,24.296755602443366,31.48367960327574,
22,1,cover,test,attr,occluder_tokens,inject,,,0.35839882493019104,,1.7443396398214572,1.7784830552669195,
22,1,cover,test,mlp_ceiling,other_tokens,inject,,,0.35839882493019104,,7.968979206409122,16.699298381018952,
22,1,cover,test,attr,other_tokens,inject,,,0.35839882493019104,,0.023208302036215045,0.05336145841924534,
22,1,paint,test,sel_capped,all,inject,,,0.11966290324926376,12,0.21222369903323157,0.23488773134702404,0.27467808686196804
22,1,paint,test,rand_sel_same_norm,all,inject,0,,0.11966290324926376,12,0.12678007803182956,0.13842337787467912,
22,1,paint,test,rand_sel_same_norm,all,inject,1,,0.11966290324926376,12,-0.12154997953723878,-0.10428713203403275,
22,1,paint,test,rand_sel_same_norm,all,inject,2,,0.11966290324926376,12,0.40454811855612505,0.42695348658564747,
22,1,paint,test,sel_capped,all,remove,,,0.11966290324926376,12,0.8520826656915448,0.8843706290096797,0.7127026095986366
22,1,paint,test,attr,all,inject,,,0.11966290324926376,100,0.12400314478351326,0.17786877065048376,0.20427147392183542
22,1,paint,test,rand_attr_same_norm,all,inject,0,,0.11966290324926376,100,0.10258464618664309,0.1305402607069015,
22,1,paint,test,rand_attr_same_norm,all,inject,1,,0.11966290324926376,100,0.45552289995512973,0.4871328002419901,
22,1,paint,test,rand_attr_same_norm,all,inject,2,,0.11966290324926376,100,-0.07982749142745327,-0.061251095103889056,
22,1,paint,test,attr,all,remove,,,0.11966290324926376,100,-0.07292874246078718,0.01414669235067239,-0.027446338208392262
22,1,paint,test,rand_attr_same_norm,all,remove,0,,0.11966290324926376,100,0.20604097545571243,0.238124831594523,
22,1,paint,test,rand_attr_same_norm,all,remove,1,,0.11966290324926376,100,0.20026918818847328,0.2232829096294347,
22,1,paint,test,rand_attr_same_norm,all,remove,2,,0.11966290324926376,100,-0.034886002220435586,-0.011089890157765486,
22,1,paint,test,mlp_ceiling,all,inject,,,0.11966290324926376,,-0.4878374370823835,3.6406543594612053,
22,1,paint,test,mlp_ceiling,all,remove,,,0.11966290324926376,,-0.6084659230753298,3.4191526930557097,
22,1,paint,test,all_tc,all,inject,,,0.11966290324926376,73728,0.5120079636966368,2.150977091907622,4.516597464680672
22,1,paint,test,k_attr_10,all,inject,,10,0.11966290324926376,10,0.27281812587763854,0.28770003011675066,0.04688632907345891
22,1,paint,test,k_random_10,all,inject,,10,0.11966290324926376,10,-0.10821322837604175,-0.09342635018377604,-0.14808005653321743
22,1,paint,test,k_attr_30,all,inject,,30,0.11966290324926376,30,0.3989195363667153,0.44209039316209064,0.08322163484990597
22,1,paint,test,k_random_30,all,inject,,30,0.11966290324926376,30,0.09521269783236974,0.10886311008570887,-0.04579751403070986
22,1,paint,test,k_attr_100,all,inject,,100,0.11966290324926376,100,0.12400314478351326,0.17786877065048376,0.20427147392183542
22,1,paint,test,k_random_100,all,inject,,100,0.11966290324926376,100,0.2671895436882288,0.2782629940762184,0.09840142447501421
22,1,paint,test,k_attr_300,all,inject,,300,0.11966290324926376,300,-0.22145731339926478,-0.06304396656397263,0.2035270445048809
22,1,paint,test,k_random_300,all,inject,,300,0.11966290324926376,300,0.01639386825742495,0.04108418894554575,-0.05500558763742447
22,1,paint,test,k_attr_1000,all,inject,,1000,0.11966290324926376,1000,0.5487929897752153,0.7622763608565921,1.437279861420393
22,1,paint,test,k_random_1000,all,inject,,1000,0.11966290324926376,1000,-0.09884886154765127,-0.015408646329808378,-0.09840308921411633
22,1,paint,test,k_attr_3000,all,inject,,3000,0.11966290324926376,3000,1.7502337822895564,2.399148310707534,3.6331459879875183
22,1,paint,test,k_random_3000,all,inject,,3000,0.11966290324926376,3000,-0.6311670410649173,-0.3561962782365796,-0.26152031496167183
23,1,cover,test,sel_capped,all,inject,,,1.093688726425171,129,0.09181945748477638,0.09332134977120612,0.07403171621263027
23,1,cover,test,rand_sel_same_norm,all,inject,0,,1.093688726425171,129,-0.009221184832863827,-0.008892056511543987,
23,1,cover,test,rand_sel_same_norm,all,inject,1,,1.093688726425171,129,0.04074324929702611,0.041059980714765985,
23,1,cover,test,rand_sel_same_norm,all,inject,2,,1.093688726425171,129,-0.004784988347084074,-0.004294423866538392,
23,1,cover,test,rand_sel_same_norm,all,inject,3,,1.093688726425171,129,-0.015782831723409885,-0.015557799201429249,
23,1,cover,test,rand_sel_same_norm,all,inject,4,,1.093688726425171,129,0.03277553521565668,0.03311312396480742,
23,1,cover,test,sel_uncapped,all,inject,,,1.093688726425171,457,0.0611584729281911,0.06846214338750219,0.03989847900811583
23,1,cover,test,sel_target,all,inject,,,1.093688726425171,129,0.10250120823680486,0.1045000724889933,
23,1,cover,test,sel_xtask,all,inject,,,1.093688726425171,126,0.024666124440653192,0.025492786740370386,0.0043747924792114645
23,1,cover,test,color,all,inject,,,1.093688726425171,130,-0.011630028624920463,-0.010613706941168952,
23,1,cover,test,sel_capped,all,remove,,,1.093688726425171,129,0.6641760021171672,1.1654774283370832,-0.12496660929173231
23,1,cover,test,attr,all,inject,,,1.093688726425171,100,0.08697997040937322,0.0900455193268932,0.11241910979151726
23,1,cover,test,rand_attr_same_norm,all,inject,0,,1.093688726425171,100,0.024786021642975165,0.025524343496240685,
23,1,cover,test,rand_attr_same_norm,all,inject,1,,1.093688726425171,100,0.022693270475226957,0.023228181966799558,
23,1,cover,test,rand_attr_same_norm,all,inject,2,,1.093688726425171,100,0.016491315191646816,0.017010369202876022,
23,1,cover,test,rand_attr_same_norm,all,inject,3,,1.093688726425171,100,-0.015499438336097349,-0.014809515055787596,
23,1,cover,test,rand_attr_same_norm,all,inject,4,,1.093688726425171,100,-0.01584823019740167,-0.015654496490523136,
23,1,cover,test,attr,all,remove,,,1.093688726425171,100,-0.41096401056577303,-0.3891889220161852,-0.3925073426216841
23,1,cover,test,rand_attr_same_norm,all,remove,0,,1.093688726425171,100,0.049670140996926904,0.051818371430777006,
23,1,cover,test,rand_attr_same_norm,all,remove,1,,1.093688726425171,100,-0.0224970750532405,-0.021081407827459084,
23,1,cover,test,rand_attr_same_norm,all,remove,2,,1.093688726425171,100,-0.1329550976257421,-0.13108141069767879,
23,1,cover,test,attr_xtask,all,inject,,,1.093688726425171,100,0.2225946059774664,0.22585243497959173,0.20241157617419958
23,1,cover,test,rand_attr_raw,all,inject,0,,1.093688726425171,100,0.1002558606297499,0.10138352073012995,0.07794710691086948
23,1,cover,test,rand_attr_raw,all,inject,1,,1.093688726425171,100,0.08796094751924999,0.08854665528695928,0.05000433884561062
23,1,cover,test,single_attr_0,all,inject,,,1.093688726425171,1,0.0,0.0,0.0
23,1,cover,test,single_attr_1,all,inject,,,1.093688726425171,1,0.0,0.0,0.0
23,1,cover,test,single_attr_2,all,inject,,,1.093688726425171,1,0.02051332134216377,0.02065484882992441,0.01606597943464294
23,1,cover,test,mlp_ceiling,all,inject,,,1.093688726425171,,72.2712214233193,90.78542478012477,
23,1,cover,test,mlp_ceiling,all,remove,,,1.093688726425171,,88.85818937675907,97.67188187713754,
23,1,cover,test,all_tc,all,inject,,,1.093688726425171,73728,48.85493811887394,77.27716853390709,3.8915343582630157
23,1,cover,test,tc_error,all,inject,,,1.093688726425171,,-0.17174729244868736,4.069868127345471,
23,1,cover,test,k_attr_10,all,inject,,10,1.093688726425171,10,0.040699650314357516,0.04100888695991395,0.019425281789153814
23,1,cover,test,k_random_10,all,inject,,10,1.093688726425171,10,0.011444732948606706,0.011615758515559179,-0.0015606769011355937
23,1,cover,test,k_magnitude_10,all,inject,,10,1.093688726425171,10,0.0938577099241944,0.09774464166199899,0.07268165936693549
23,1,cover,test,k_oracle_10,all,inject,,10,1.093688726425171,10,0.9966182449098748,1.0347900606496558,1.0484060272574425
23,1,cover,test,k_attr_30,all,inject,,30,1.093688726425171,30,0.00895959093690779,0.01017964493874204,-0.008722004713490605
23,1,cover,test,k_random_30,all,inject,,30,1.093688726425171,30,-0.031947154545086676,-0.031550448790287136,-0.02057804522337392
23,1,cover,test,k_magnitude_30,all,inject,,30,1.093688726425171,30,0.17895202433346746,0.18925988147851414,0.1535234972834587
23,1,cover,test,k_oracle_30,all,inject,,30,1.093688726425171,30,2.0044632278550467,2.1504287433970366,2.278941497206688
23,1,cover,test,k_attr_100,all,inject,,100,1.093688726425171,100,0.08697997040937322,0.0900455193268932,0.11241910979151726
23,1,cover,test,k_random_100,all,inject,,100,1.093688726425171,100,0.0462912198406773,0.04718031848249461,0.010133854812011123
23,1,cover,test,k_magnitude_100,all,inject,,100,1.093688726425171,100,0.15785011672537763,0.18049772429846728,0.16211840556934476
23,1,cover,test,k_oracle_100,all,inject,,100,1.093688726425171,100,3.7684671665871305,4.236694864191044,4.942205175757408
23,1,cover,test,k_attr_300,all,inject,,300,1.093688726425171,300,0.2331673592728345,0.23962160217012665,0.1957374159246683
23,1,cover,test,k_random_300,all,inject,,300,1.093688726425171,300,0.15694543783515424,0.15880213785991462,0.1359271351248026
23,1,cover,test,k_magnitude_300,all,inject,,300,1.093688726425171,300,0.3056942669299789,0.34993752852907273,0.27184963691979647
23,1,cover,test,k_oracle_300,all,inject,,300,1.093688726425171,300,6.332981126218396,7.391635811652939,9.6444770693779
23,1,cover,test,k_attr_1000,all,inject,,1000,1.093688726425171,1000,0.6611240733308765,0.6885011850271554,0.6830126978456974
23,1,cover,test,k_random_1000,all,inject,,1000,1.093688726425171,1000,0.20803254576857722,0.21753765336449524,0.1372917089611292
23,1,cover,test,k_magnitude_1000,all,inject,,1000,1.093688726425171,1000,-0.8596193416422926,-0.22411569578645185,0.2014063997194171
23,1,cover,test,k_oracle_1000,all,inject,,1000,1.093688726425171,1000,9.188774439137237,11.283363980597825,18.287627398967743
23,1,cover,test,k_attr_3000,all,inject,,3000,1.093688726425171,3000,0.9474385924678863,1.0533196068188986,0.855765026062727
23,1,cover,test,k_random_3000,all,inject,,3000,1.093688726425171,3000,-0.6649171848224,-0.10178456844324094,0.27677949983626604
23,1,cover,test,k_magnitude_3000,all,inject,,3000,1.093688726425171,3000,-0.269321815644763,0.45730094415831746,0.6004281807690859
23,1,cover,test,k_oracle_3000,all,inject,,3000,1.093688726425171,3000,12.195469280919802,15.919140571297278,29.18792963027954
23,1,cover,test,k_attr_30,all,remove,,30,1.093688726425171,30,-0.030432089897614034,-0.02776205063794688,-0.045336305629462004
23,1,cover,test,k_attr_100,all,remove,,100,1.093688726425171,100,-0.41096401056577303,-0.3891889220161852,-0.3925073426216841
23,1,cover,test,k_attr_300,all,remove,,300,1.093688726425171,300,-0.31923175104631163,-0.28723308004570774,-0.30155431013554335
23,1,cover,test,k_attr_1000,all,remove,,1000,1.093688726425171,1000,-0.037767618730377706,0.07297892385822842,-0.3798748832195997
23,1,cover,test,mlp_ceiling,occluder_tokens,inject,,,1.093688726425171,,1.6554097726683592,1.9234055264358352,
23,1,cover,test,attr,occluder_tokens,inject,,,1.093688726425171,,0.07362778196933206,0.07466933519952892,
23,1,cover,test,mlp_ceiling,other_tokens,inject,,,1.093688726425171,,28.445442304049273,56.62783481122009,
23,1,cover,test,attr,other_tokens,inject,,,1.093688726425171,,0.052460475887250446,0.05614179291631781,
23,1,paint,test,sel_capped,all,inject,,,0.1288481205701828,12,0.4481284574002764,0.47097368124007244,0.42528482154011726
23,1,paint,test,rand_sel_same_norm,all,inject,0,,0.1288481205701828,12,0.10322833133125098,0.11604777569200604,
23,1,paint,test,rand_sel_same_norm,all,inject,1,,0.1288481205701828,12,0.10076500682155709,0.10923367039681994,
23,1,paint,test,rand_sel_same_norm,all,inject,2,,0.1288481205701828,12,-0.045184079152060797,-0.03472613854356676,
23,1,paint,test,sel_capped,all,remove,,,0.1288481205701828,12,-0.014236396579514476,0.002504575296950041,0.29449514113366604
23,1,paint,test,attr,all,inject,,,0.1288481205701828,100,-0.20035039345538408,0.029279715560827993,0.06664073443971574
23,1,paint,test,rand_attr_same_norm,all,inject,0,,0.1288481205701828,100,-0.050931836341350234,-0.024637531097660852,
23,1,paint,test,rand_attr_same_norm,all,inject,1,,0.1288481205701828,100,-0.2865898811023726,-0.25781600561604306,
23,1,paint,test,rand_attr_same_norm,all,inject,2,,0.1288481205701828,100,0.8681426336593523,0.9296952728765373,
23,1,paint,test,attr,all,remove,,,0.1288481205701828,100,0.15776841765863248,0.4478340188406936,0.5049148574471474
23,1,paint,test,rand_attr_same_norm,all,remove,0,,0.1288481205701828,100,-0.28425377053449274,-0.250225942980455,
23,1,paint,test,rand_attr_same_norm,all,remove,1,,0.1288481205701828,100,-0.014432999944147262,-0.002002161631579664,
23,1,paint,test,rand_attr_same_norm,all,remove,2,,0.1288481205701828,100,0.48638515917528435,0.5040975856004248,
23,1,paint,test,mlp_ceiling,all,inject,,,0.1288481205701828,,92.68903933929242,101.44168575171568,
23,1,paint,test,mlp_ceiling,all,remove,,,0.1288481205701828,,93.94395355604023,101.05126424157159,
23,1,paint,test,all_tc,all,inject,,,0.1288481205701828,73728,75.9449523878693,97.14246183509927,25.652825832366943
23,1,paint,test,k_attr_10,all,inject,,10,0.1288481205701828,10,-0.4137806931101329,-0.3795369826439027,-0.13048213440924883
23,1,paint,test,k_random_10,all,inject,,10,0.1288481205701828,10,0.002440194702091336,0.013775807251567069,0.02245122450403869
23,1,paint,test,k_attr_30,all,inject,,30,0.1288481205701828,30,-0.008060737949566743,0.02758032843483286,0.12578524183481932
23,1,paint,test,k_random_30,all,inject,,30,0.1288481205701828,30,0.06487911032583282,0.07699903241406968,0.09673926397226751
23,1,paint,test,k_attr_100,all,inject,,100,0.1288481205701828,100,-0.20035039345538408,0.029279715560827993,0.06664073443971574
23,1,paint,test,k_random_100,all,inject,,100,0.1288481205701828,100,0.1744450089402494,0.1929041039526403,0.08845471893437207
23,1,paint,test,k_attr_300,all,inject,,300,0.1288481205701828,300,-0.26407301340105604,-0.0199471187693073,0.4316071979701519
23,1,paint,test,k_random_300,all,inject,,300,0.1288481205701828,300,0.16008139841892088,0.2165616589342402,0.2121027559041977
23,1,paint,test,k_attr_1000,all,inject,,1000,0.1288481205701828,1000,2.6083368384629324,3.528181234492201,3.6677274852991104
23,1,paint,test,k_random_1000,all,inject,,1000,0.1288481205701828,1000,0.8105031531131957,0.9491712523646367,0.6564670242369175
23,1,paint,test,k_attr_3000,all,inject,,3000,0.1288481205701828,3000,4.474166375712962,6.138903514285968,6.77594393491745
23,1,paint,test,k_random_3000,all,inject,,3000,0.1288481205701828,3000,0.5092489739906503,0.6540635829199288,0.3766497131437063
30,2,cover,test,sel_capped,all,inject,,,0.34686437249183655,129,0.5370725614595395,0.5455014178784376,0.2983713988214731
30,2,cover,test,rand_sel_same_norm,all,inject,0,,0.34686437249183655,129,0.3145245525820184,0.32535378736545356,
30,2,cover,test,rand_sel_same_norm,all,inject,1,,0.34686437249183655,129,0.000713129670948387,0.005402747055961669,
30,2,cover,test,rand_sel_same_norm,all,inject,2,,0.34686437249183655,129,0.12662777217345988,0.13083765147514165,
30,2,cover,test,rand_sel_same_norm,all,inject,3,,0.34686437249183655,129,0.7619146139773214,0.768759840165813,
30,2,cover,test,rand_sel_same_norm,all,inject,4,,0.34686437249183655,129,0.0506837581796149,0.0558878503690685,
30,2,cover,test,sel_uncapped,all,inject,,,0.34686437249183655,457,1.744899425947799,1.8704518957436131,0.5411180667579174
30,2,cover,test,sel_target,all,inject,,,0.34686437249183655,129,0.4931592391920203,0.5055991704140071,
30,2,cover,test,sel_xtask,all,inject,,,0.34686437249183655,132,0.5589819670126839,0.5748830248873533,0.28096120804548264
30,2,cover,test,color,all,inject,,,0.34686437249183655,130,-0.06547045894704784,-0.01934563665221706,
30,2,cover,test,sel_capped,all,remove,,,0.34686437249183655,129,-0.11173796832106841,-0.1021464626019346,0.07635492365807295
30,2,cover,test,attr,all,inject,,,0.34686437249183655,100,3.8538128852564912,4.105413144287405,3.859778493642807
30,2,cover,test,rand_attr_same_norm,all,inject,0,,0.34686437249183655,100,0.834310163463925,0.900948143571756,
30,2,cover,test,rand_attr_same_norm,all,inject,1,,0.34686437249183655,100,0.524279187001242,0.5295487284671354,
30,2,cover,test,rand_attr_same_norm,all,inject,2,,0.34686437249183655,100,0.37972866189294185,0.39018005521816407,
30,2,cover,test,rand_attr_same_norm,all,inject,3,,0.34686437249183655,100,0.2878466293496529,0.2935005322635144,
30,2,cover,test,rand_attr_same_norm,all,inject,4,,0.34686437249183655,100,0.19111875181343496,0.19695952818499785,
30,2,cover,test,attr,all,remove,,,0.34686437249183655,100,12.258166344283373,13.559878711180602,12.914051115512848
30,2,cover,test,rand_attr_same_norm,all,remove,0,,0.34686437249183655,100,1.630386266256667,1.6914777936106185,
30,2,cover,test,rand_attr_same_norm,all,remove,1,,0.34686437249183655,100,0.8069620701793512,0.8161265370588118,
30,2,cover,test,rand_attr_same_norm,all,remove,2,,0.34686437249183655,100,0.23432753633374492,0.24471931153489374,
30,2,cover,test,attr_xtask,all,inject,,,0.34686437249183655,100,-0.3147221668281741,-0.2500445652503773,-0.16804091865196824
30,2,cover,test,rand_attr_raw,all,inject,0,,0.34686437249183655,100,0.4960031659520636,0.5070648271595823,0.3927759826183319
30,2,cover,test,rand_attr_raw,all,inject,1,,0.34686437249183655,100,0.32488641262009565,0.3418517057570745,0.15671997098252177
30,2,cover,test,single_attr_0,all,inject,,,0.34686437249183655,1,0.0,0.0,0.0
30,2,cover,test,single_attr_1,all,inject,,,0.34686437249183655,1,0.0,0.0,0.0
30,2,cover,test,single_attr_2,all,inject,,,0.34686437249183655,1,0.0,0.0,0.0
30,2,cover,test,mlp_ceiling,all,inject,,,0.34686437249183655,,91.54716392625826,98.41691321811696,
30,2,cover,test,mlp_ceiling,all,remove,,,0.34686437249183655,,53.85017850151179,98.53029366950088,
30,2,cover,test,all_tc,all,inject,,,0.34686437249183655,73728,59.51052068174854,93.45745153067233,37.58959174156189
30,2,cover,test,tc_error,all,inject,,,0.34686437249183655,,0.18055927752919088,15.97842048240139,
30,2,cover,test,k_attr_10,all,inject,,10,0.34686437249183655,10,0.13737626878012055,0.13986707757662872,0.07311358349397779
30,2,cover,test,k_random_10,all,inject,,10,0.34686437249183655,10,0.24902831786371982,0.2506127951936508,0.018646076205186546
30,2,cover,test,k_magnitude_10,all,inject,,10,0.34686437249183655,10,3.5225168975216326,3.7274695305889876,3.3532992005348206
30,2,cover,test,k_oracle_10,all,inject,,10,0.34686437249183655,10,20.665346546222786,21.933179272647553,19.65520828962326
30,2,cover,test,k_attr_30,all,inject,,30,0.34686437249183655,30,0.9125568130217809,0.9365590129124717,0.4082140978425741
30,2,cover,test,k_random_30,all,inject,,30,0.34686437249183655,30,1.302896500741435,1.3218373152222949,0.6949434988200665
30,2,cover,test,k_magnitude_30,all,inject,,30,0.34686437249183655,30,3.5027211052100826,3.7315961156596558,3.0373092740774155
30,2,cover,test,k_oracle_30,all,inject,,30,0.34686437249183655,30,39.89612536029158,46.128731562994275,37.3783141374588
30,2,cover,test,k_attr_100,all,inject,,100,0.34686437249183655,100,3.8538128852564912,4.105413144287405,3.859778493642807
30,2,cover,test,k_random_100,all,inject,,100,0.34686437249183655,100,0.5694898897544487,0.5762822619291345,0.5201215855777264
30,2,cover,test,k_magnitude_100,all,inject,,100,0.34686437249183655,100,5.618611206600798,5.962574305141617,4.223738983273506
30,2,cover,test,k_oracle_100,all,inject,,100,0.34686437249183655,100,30.966221109549007,86.48230717804427,68.43660473823547
30,2,cover,test,k_attr_300,all,inject,,300,0.34686437249183655,300,9.840948885185007,10.25079174268544,8.110139518976212
30,2,cover,test,k_random_300,all,inject,,300,0.34686437249183655,300,1.5792127684235102,1.6349912502921475,1.2324205599725246
30,2,cover,test,k_magnitude_300,all,inject,,300,0.34686437249183655,300,8.482668843974706,9.34825150784405,6.917795538902283
30,2,cover,test,k_oracle_300,all,inject,,300,0.34686437249183655,300,33.95600866306487,99.6061034845737,113.75548839569092
30,2,cover,test,k_attr_1000,all,inject,,1000,0.34686437249183655,1000,23.84392014425496,27.956538399520245,19.070184230804443
30,2,cover,test,k_random_1000,all,inject,,1000,0.34686437249183655,1000,2.1687733920493946,2.2292722965248477,0.7294698152691126
30,2,cover,test,k_magnitude_1000,all,inject,,1000,0.34686437249183655,1000,17.332779898885086,19.269123665859222,10.125776380300522
30,2,cover,test,k_oracle_1000,all,inject,,1000,0.34686437249183655,1000,32.51165043380193,109.9420687131192,188.0691647529602
30,2,cover,test,k_attr_3000,all,inject,,3000,0.34686437249183655,3000,27.030381128286272,61.09885550605402,27.269896864891052
30,2,cover,test,k_random_3000,all,inject,,3000,0.34686437249183655,3000,-1.0499416737256517,-0.728197818925549,-1.4565881341695786
30,2,cover,test,k_magnitude_3000,all,inject,,3000,0.34686437249183655,3000,32.29840318237982,37.897986582045014,15.065309405326843
30,2,cover,test,k_oracle_3000,all,inject,,3000,0.34686437249183655,3000,22.35166623606809,118.57298798616534,274.8432159423828
30,2,cover,test,k_attr_30,all,remove,,30,0.34686437249183655,30,1.666489529838766,1.686659764207433,1.8810655921697617
30,2,cover,test,k_attr_100,all,remove,,100,0.34686437249183655,100,12.258166344283373,13.559878711180602,12.914051115512848
30,2,cover,test,k_attr_300,all,remove,,300,0.34686437249183655,300,15.761531843774424,17.860593951955533,15.580089390277863
30,2,cover,test,k_attr_1000,all,remove,,1000,0.34686437249183655,1000,19.543000731086792,22.497264230080063,10.921624302864075
30,2,cover,test,mlp_ceiling,occluder_tokens,inject,,,0.34686437249183655,,32.854115922407026,103.04073579528469,
30,2,cover,test,attr,occluder_tokens,inject,,,0.34686437249183655,,1.6804599978503032,1.7266767687839593,
30,2,cover,test,mlp_ceiling,other_tokens,inject,,,0.34686437249183655,,15.795719108361084,37.105193071073856,
30,2,cover,test,attr,other_tokens,inject,,,0.34686437249183655,,2.5457182706485226,2.680842204958085,
31,2,cover,test,sel_capped,all,inject,,,0.41314566135406494,129,0.3418268139031566,0.35521307207108493,0.19374443218111992
31,2,cover,test,rand_sel_same_norm,all,inject,0,,0.41314566135406494,129,-0.2914764823555904,-0.2876615652562421,
31,2,cover,test,rand_sel_same_norm,all,inject,1,,0.41314566135406494,129,-0.48867232956413265,-0.48173266083325417,
31,2,cover,test,rand_sel_same_norm,all,inject,2,,0.41314566135406494,129,-0.5063237996639547,-0.5024410924692557,
31,2,cover,test,rand_sel_same_norm,all,inject,3,,0.41314566135406494,129,0.12231235268199692,0.12524518498110188,
31,2,cover,test,rand_sel_same_norm,all,inject,4,,0.41314566135406494,129,-0.2653491326614299,-0.26193957581776073,
31,2,cover,test,sel_uncapped,all,inject,,,0.41314566135406494,457,2.4467736402020157,2.7200274877120068,1.5373358502984047
31,2,cover,test,sel_target,all,inject,,,0.41314566135406494,129,-0.05392823476353392,-0.03908998138151773,
31,2,cover,test,sel_xtask,all,inject,,,0.41314566135406494,132,0.11343972978751227,0.12593819644359527,0.017738182214088738
31,2,cover,test,color,all,inject,,,0.41314566135406494,130,-0.22366944560101576,-0.18389386157704044,
31,2,cover,test,sel_capped,all,remove,,,0.41314566135406494,129,0.590938325316237,0.6039255673203746,0.6069160997867584
31,2,cover,test,attr,all,inject,,,0.41314566135406494,100,5.134666217697525,5.317395737872152,4.873708263039589
31,2,cover,test,rand_attr_same_norm,all,inject,0,,0.41314566135406494,100,0.6065267302552413,0.6370942372990015,
31,2,cover,test,rand_attr_same_norm,all,inject,1,,0.41314566135406494,100,0.4469349343873108,0.45529241779291707,
31,2,cover,test,rand_attr_same_norm,all,inject,2,,0.41314566135406494,100,0.382936633314257,0.39095332241148867,
31,2,cover,test,rand_attr_same_norm,all,inject,3,,0.41314566135406494,100,-0.28810777106151875,-0.28421381826464215,
31,2,cover,test,rand_attr_same_norm,all,inject,4,,0.41314566135406494,100,0.1393218199870372,0.14261853636809219,
31,2,cover,test,attr,all,remove,,,0.41314566135406494,100,10.414771315719085,11.293790502359519,8.56001302599907
31,2,cover,test,rand_attr_same_norm,all,remove,0,,0.41314566135406494,100,0.981218316440724,1.0331171640417716,
31,2,cover,test,rand_attr_same_norm,all,remove,1,,0.41314566135406494,100,0.3685384582757356,0.38247987046141146,
31,2,cover,test,rand_attr_same_norm,all,remove,2,,0.41314566135406494,100,1.1459461346670863,1.157910609511024,
31,2,cover,test,attr_xtask,all,inject,,,0.41314566135406494,100,0.17041928120501426,0.215921260105476,0.3342895535752177
31,2,cover,test,rand_attr_raw,all,inject,0,,0.41314566135406494,100,0.31502139384145256,0.3228536970072313,0.4010542295873165
31,2,cover,test,rand_attr_raw,all,inject,1,,0.41314566135406494,100,0.21547489307407464,0.22797585327769637,-0.006622299406444654
31,2,cover,test,single_attr_0,all,inject,,,0.41314566135406494,1,0.0,0.0,0.0
31,2,cover,test,single_attr_1,all,inject,,,0.41314566135406494,1,0.0,0.0,0.0
31,2,cover,test,single_attr_2,all,inject,,,0.41314566135406494,1,0.0,0.0,0.0
31,2,cover,test,mlp_ceiling,all,inject,,,0.41314566135406494,,92.27709410491394,96.96018393932985,
31,2,cover,test,mlp_ceiling,all,remove,,,0.41314566135406494,,72.08176186918898,97.71951857425564,
31,2,cover,test,all_tc,all,inject,,,0.41314566135406494,73728,55.89193376146985,97.60804290146822,64.54886794090271
31,2,cover,test,tc_error,all,inject,,,0.41314566135406494,,16.761538810006705,24.5924557826361,
31,2,cover,test,k_attr_10,all,inject,,10,0.41314566135406494,10,-0.1331109839608935,-0.13125901244146537,0.0852811150252819
31,2,cover,test,k_random_10,all,inject,,10,0.41314566135406494,10,-0.033622191309912175,-0.031041517762987254,-0.0023919892555568367
31,2,cover,test,k_magnitude_10,all,inject,,10,0.41314566135406494,10,4.740786682813402,4.873290127410986,4.470821842551231
31,2,cover,test,k_oracle_10,all,inject,,10,0.41314566135406494,10,21.558273511657188,23.205917239561465,21.028390526771545
31,2,cover,test,k_attr_30,all,inject,,30,0.41314566135406494,30,0.08162813062924101,0.09571093409979403,0.1928358688019216
31,2,cover,test,k_random_30,all,inject,,30,0.41314566135406494,30,0.7217770521943945,0.7288071607347919,0.7133440114557743
31,2,cover,test,k_magnitude_30,all,inject,,30,0.41314566135406494,30,5.025165066853409,5.150743342492499,4.508444294333458
31,2,cover,test,k_oracle_30,all,inject,,30,0.41314566135406494,30,32.9660933076763,59.24249413312818,40.3882622718811
31,2,cover,test,k_attr_100,all,inject,,100,0.41314566135406494,100,5.134666217697525,5.317395737872152,4.873708263039589
31,2,cover,test,k_random_100,all,inject,,100,0.41314566135406494,100,0.4961960252380715,0.5019288666056737,0.5424983333796263
31,2,cover,test,k_magnitude_100,all,inject,,100,0.41314566135406494,100,7.16978622316825,7.42843476355255,6.015671789646149
31,2,cover,test,k_oracle_100,all,inject,,100,0.41314566135406494,100,38.94200680551817,82.14586647336895,75.42309165000916
31,2,cover,test,k_attr_300,all,inject,,300,0.41314566135406494,300,10.120546484320558,10.678507269353014,9.66697782278061
31,2,cover,test,k_random_300,all,inject,,300,0.41314566135406494,300,2.3335863834236914,2.418712569000236,1.7393123358488083
31,2,cover,test,k_magnitude_300,all,inject,,300,0.41314566135406494,300,9.869213210426587,10.612371666968055,8.341417461633682
31,2,cover,test,k_oracle_300,all,inject,,300,0.41314566135406494,300,31.612347459414604,93.62150094860958,123.6804723739624
31,2,cover,test,k_attr_1000,all,inject,,1000,0.41314566135406494,1000,18.280019690009308,27.149121731587933,21.79044783115387
31,2,cover,test,k_random_1000,all,inject,,1000,0.41314566135406494,1000,1.9146975936004007,1.9574798177821642,1.0739420540630817
31,2,cover,test,k_magnitude_1000,all,inject,,1000,0.41314566135406494,1000,20.42336405424909,22.51890003688186,15.117153525352478
31,2,cover,test,k_oracle_1000,all,inject,,1000,0.41314566135406494,1000,36.609264403296635,100.04702181546607,199.60558414459229
31,2,cover,test,k_attr_3000,all,inject,,3000,0.41314566135406494,3000,27.41015062683999,55.34981063566547,36.366838216781616
31,2,cover,test,k_random_3000,all,inject,,3000,0.41314566135406494,3000,0.939177953652881,1.2135113601360235,0.4973530303686857
31,2,cover,test,k_magnitude_3000,all,inject,,3000,0.41314566135406494,3000,25.954319120689885,37.70975599228035,22.56699502468109
31,2,cover,test,k_oracle_3000,all,inject,,3000,0.41314566135406494,3000,46.20319907828596,106.0121899139866,288.3549690246582
31,2,cover,test,k_attr_30,all,remove,,30,0.41314566135406494,30,0.9684503956901236,0.983120866754325,0.8963668718934059
31,2,cover,test,k_attr_100,all,remove,,100,0.41314566135406494,100,10.414771315719085,11.293790502359519,8.56001302599907
31,2,cover,test,k_attr_300,all,remove,,300,0.41314566135406494,300,11.924206448478047,12.804066212130964,10.371704399585724
31,2,cover,test,k_attr_1000,all,remove,,1000,0.41314566135406494,1000,16.18072825911637,17.565855125301262,7.025139033794403
31,2,cover,test,mlp_ceiling,occluder_tokens,inject,,,0.41314566135406494,,42.474807521791305,95.10823063114974,
31,2,cover,test,attr,occluder_tokens,inject,,,0.41314566135406494,,1.4755171873525708,1.4980575166070529,
31,2,cover,test,mlp_ceiling,other_tokens,inject,,,0.41314566135406494,,24.36369588168913,35.46061712237728,
31,2,cover,test,attr,other_tokens,inject,,,0.41314566135406494,,3.162671678039497,3.2548274065029563,
32,2,cover,test,sel_capped,all,inject,,,0.4169009029865265,129,-0.043663274375282946,-0.03342903161471456,0.23876563645899296
32,2,cover,test,rand_sel_same_norm,all,inject,0,,0.4169009029865265,129,0.025405906537290246,0.028718567347793787,
32,2,cover,test,rand_sel_same_norm,all,inject,1,,0.4169009029865265,129,-0.3363101516469458,-0.3332262252659671,
32,2,cover,test,rand_sel_same_norm,all,inject,2,,0.4169009029865265,129,0.13122572490292805,0.13346910153401909,
32,2,cover,test,rand_sel_same_norm,all,inject,3,,0.4169009029865265,129,0.368407090406786,0.37010763811091163,
32,2,cover,test,rand_sel_same_norm,all,inject,4,,0.4169009029865265,129,-0.12324080717582842,-0.12152604839509211,
32,2,cover,test,sel_uncapped,all,inject,,,0.4169009029865265,457,1.8516430880457624,1.9727335786364202,1.0143641382455826
32,2,cover,test,sel_target,all,inject,,,0.4169009029865265,129,0.03605722919923782,0.046088318023681615,
32,2,cover,test,sel_xtask,all,inject,,,0.4169009029865265,132,-0.008656880364843467,-0.0006818323945558242,0.07147268624976277
32,2,cover,test,color,all,inject,,,0.4169009029865265,130,-0.06954813300541485,-0.04881395741202798,
32,2,cover,test,sel_capped,all,remove,,,0.4169009029865265,129,0.38047382373118666,0.40511774131153433,0.39625465869903564
32,2,cover,test,attr,all,inject,,,0.4169009029865265,100,4.320033500911757,4.42345559796531,4.5816294848918915
32,2,cover,test,rand_attr_same_norm,all,inject,0,,0.4169009029865265,100,0.5865804915092143,0.6017997972697098,
32,2,cover,test,rand_attr_same_norm,all,inject,1,,0.4169009029865265,100,0.27927910990399596,0.28601740933590264,
32,2,cover,test,rand_attr_same_norm,all,inject,2,,0.4169009029865265,100,0.10350369182706709,0.11008969703441498,
32,2,cover,test,rand_attr_same_norm,all,inject,3,,0.4169009029865265,100,-0.06900484406426877,-0.06655522529539307,
32,2,cover,test,rand_attr_same_norm,all,inject,4,,0.4169009029865265,100,0.08543218599526003,0.09621419346953117,
32,2,cover,test,attr,all,remove,,,0.4169009029865265,100,10.808533325021962,11.956310302447456,9.613196551799774
32,2,cover,test,rand_attr_same_norm,all,remove,0,,0.4169009029865265,100,1.182068062237751,1.2119422737899253,
32,2,cover,test,rand_attr_same_norm,all,remove,1,,0.4169009029865265,100,-0.25438074961434687,-0.2376985305847824,
32,2,cover,test,rand_attr_same_norm,all,remove,2,,0.4169009029865265,100,0.723796691842149,0.7342637502325702,
32,2,cover,test,attr_xtask,all,inject,,,0.4169009029865265,100,0.2641599505549874,0.3011504876557389,0.49687009304761887
32,2,cover,test,rand_attr_raw,all,inject,0,,0.4169009029865265,100,-0.07312955089378015,-0.06624263202630647,-0.0349598762113601
32,2,cover,test,rand_attr_raw,all,inject,1,,0.4169009029865265,100,0.4824906195088019,0.49312813279878104,0.20523250568658113
32,2,cover,test,single_attr_0,all,inject,,,0.4169009029865265,1,0.0,0.0,0.0
32,2,cover,test,single_attr_1,all,inject,,,0.4169009029865265,1,0.0,0.0,0.0
32,2,cover,test,single_attr_2,all,inject,,,0.4169009029865265,1,0.0,0.0,0.0
32,2,cover,test,mlp_ceiling,all,inject,,,0.4169009029865265,,91.52361398234153,97.66602747898749,
32,2,cover,test,mlp_ceiling,all,remove,,,0.4169009029865265,,93.9776952546499,97.88925717587406,
32,2,cover,test,all_tc,all,inject,,,0.4169009029865265,73728,63.58250232166666,91.4292413344543,53.800731897354126
32,2,cover,test,tc_error,all,inject,,,0.4169009029865265,,17.14979469754283,24.715543297299153,
32,2,cover,test,k_attr_10,all,inject,,10,0.4169009029865265,10,-0.1053551633501959,-0.10297459779242273,-0.010300599387846887
32,2,cover,test,k_random_10,all,inject,,10,0.4169009029865265,10,0.08564664215623408,0.08700163595290855,0.015877025725785643
32,2,cover,test,k_magnitude_10,all,inject,,10,0.4169009029865265,10,4.128009454371339,4.220472122217852,3.7330813705921173
32,2,cover,test,k_oracle_10,all,inject,,10,0.4169009029865265,10,19.542174698419235,20.733823575797608,17.960485816001892
32,2,cover,test,k_attr_30,all,inject,,30,0.4169009029865265,30,-0.6358410716860385,-0.6255708726539106,-0.1487064058892429
32,2,cover,test,k_random_30,all,inject,,30,0.4169009029865265,30,0.2305832642844119,0.23484830705565246,0.25170708540827036
32,2,cover,test,k_magnitude_30,all,inject,,30,0.4169009029865265,30,4.720823471626345,4.819106218343577,3.8550972938537598
32,2,cover,test,k_oracle_30,all,inject,,30,0.4169009029865265,30,39.1468919619186,54.80042614184172,34.546834230422974
32,2,cover,test,k_attr_100,all,inject,,100,0.4169009029865265,100,4.320033500911757,4.42345559796531,4.5816294848918915
32,2,cover,test,k_random_100,all,inject,,100,0.4169009029865265,100,0.2613434263074699,0.269142945532719,0.28652194887399673
32,2,cover,test,k_magnitude_100,all,inject,,100,0.4169009029865265,100,6.253370089213051,6.449725769484956,5.047502741217613
32,2,cover,test,k_oracle_100,all,inject,,100,0.4169009029865265,100,42.840266689103544,86.09654236024613,62.5583291053772
32,2,cover,test,k_attr_300,all,inject,,300,0.4169009029865265,300,9.88732973699883,10.445356194592735,8.326929062604904
32,2,cover,test,k_random_300,all,inject,,300,0.4169009029865265,300,1.4623622646370404,1.506273702634942,1.0622767731547356
32,2,cover,test,k_magnitude_300,all,inject,,300,0.4169009029865265,300,9.287824687521285,10.223124346616686,6.791629642248154
32,2,cover,test,k_oracle_300,all,inject,,300,0.4169009029865265,300,41.27303178747852,90.30801346200866,102.07593441009521
32,2,cover,test,k_attr_1000,all,inject,,1000,0.4169009029865265,1000,22.346217597371854,26.24430896901404,17.721694707870483
32,2,cover,test,k_random_1000,all,inject,,1000,0.4169009029865265,1000,1.5872186415589074,1.616062558119016,1.251593790948391
32,2,cover,test,k_magnitude_1000,all,inject,,1000,0.4169009029865265,1000,16.865797552097295,19.21290430439255,9.2906154692173
32,2,cover,test,k_oracle_1000,all,inject,,1000,0.4169009029865265,1000,45.92388536231618,96.3777818036631,165.88029861450195
32,2,cover,test,k_attr_3000,all,inject,,3000,0.4169009029865265,3000,27.598198939971784,55.23421841982998,29.676872491836548
32,2,cover,test,k_random_3000,all,inject,,3000,0.4169009029865265,3000,0.748945250986266,0.9649679076740335,-0.20865218248218298
32,2,cover,test,k_magnitude_3000,all,inject,,3000,0.4169009029865265,3000,27.98484195260047,33.02241207845861,14.644162356853485
32,2,cover,test,k_oracle_3000,all,inject,,3000,0.4169009029865265,3000,47.06471350479771,104.57250271418039,240.03055095672607
32,2,cover,test,k_attr_30,all,remove,,30,0.4169009029865265,30,0.6031508042141809,0.6222828899466558,0.2952172886580229
32,2,cover,test,k_attr_100,all,remove,,100,0.4169009029865265,100,10.808533325021962,11.956310302447456,9.613196551799774
32,2,cover,test,k_attr_300,all,remove,,300,0.4169009029865265,300,13.20692524694448,14.219050677430454,12.200367450714111
32,2,cover,test,k_attr_1000,all,remove,,1000,0.4169009029865265,1000,17.04351022416173,18.616107567140574,9.820060431957245
32,2,cover,test,mlp_ceiling,occluder_tokens,inject,,,0.4169009029865265,,46.77762104209538,96.5812771374927,
32,2,cover,test,attr,occluder_tokens,inject,,,0.4169009029865265,,2.352005054302797,2.3934043002224334,
32,2,cover,test,mlp_ceiling,other_tokens,inject,,,0.4169009029865265,,24.637059754563506,35.52245550409069,
32,2,cover,test,attr,other_tokens,inject,,,0.4169009029865265,,2.197718143555949,2.2357179131767038,
33,2,cover,test,sel_capped,all,inject,,,0.46264520287513733,129,-0.0900939377138199,-0.08553088484956191,-0.03412121732253581
33,2,cover,test,rand_sel_same_norm,all,inject,0,,0.46264520287513733,129,0.2634213781589678,0.26644138898662867,
33,2,cover,test,rand_sel_same_norm,all,inject,1,,0.46264520287513733,129,-0.33373278457584643,-0.3271284545360573,
33,2,cover,test,rand_sel_same_norm,all,inject,2,,0.46264520287513733,129,-0.1940826719133204,-0.18574973801207945,
33,2,cover,test,rand_sel_same_norm,all,inject,3,,0.46264520287513733,129,-0.03293652963898275,-0.027971693942859647,
33,2,cover,test,rand_sel_same_norm,all,inject,4,,0.46264520287513733,129,0.11423107375083674,0.1171117353020703,
33,2,cover,test,sel_uncapped,all,inject,,,0.46264520287513733,457,-0.09268351035509603,0.02389053470296069,0.10356530547142029
33,2,cover,test,sel_target,all,inject,,,0.46264520287513733,129,-0.1496476667403046,-0.146024252150516,
33,2,cover,test,sel_xtask,all,inject,,,0.46264520287513733,132,0.1644507461673217,0.17305452645874314,0.10817450238391757
33,2,cover,test,color,all,inject,,,0.46264520287513733,130,-0.012400316752403384,-0.003716432230787043,
33,2,cover,test,sel_capped,all,remove,,,0.46264520287513733,129,20.536580064786982,24.886876722080466,41.40532314777374
33,2,cover,test,attr,all,inject,,,0.46264520287513733,100,0.27508089676772096,0.4218130436122049,0.09531878749839962
33,2,cover,test,rand_attr_same_norm,all,inject,0,,0.46264520287513733,100,0.2529342531340739,0.2764748707373496,
33,2,cover,test,rand_attr_same_norm,all,inject,1,,0.46264520287513733,100,-0.11873383811962235,-0.1150362520056461,
33,2,cover,test,rand_attr_same_norm,all,inject,2,,0.46264520287513733,100,0.12988446061230619,0.14870446066260284,
33,2,cover,test,rand_attr_same_norm,all,inject,3,,0.46264520287513733,100,0.1681096448246544,0.17345783573026397,
33,2,cover,test,rand_attr_same_norm,all,inject,4,,0.46264520287513733,100,0.14292894966353442,0.14775160372124688,
33,2,cover,test,attr,all,remove,,,0.46264520287513733,100,50.59906413360083,69.60614737215168,211.09464168548584
33,2,cover,test,rand_attr_same_norm,all,remove,0,,0.46264520287513733,100,-42.218453384825885,-28.07168743135229,
33,2,cover,test,rand_attr_same_norm,all,remove,1,,0.46264520287513733,100,10.342914172351003,11.399161893258636,
33,2,cover,test,rand_attr_same_norm,all,remove,2,,0.46264520287513733,100,19.136593966025195,22.88727746939528,
33,2,cover,test,attr_xtask,all,inject,,,0.46264520287513733,100,1.374386691606444,1.5254434444715457,1.4467285946011543
33,2,cover,test,rand_attr_raw,all,inject,0,,0.46264520287513733,100,-0.09220682285397963,-0.08575278849096485,0.04122631507925689
33,2,cover,test,rand_attr_raw,all,inject,1,,0.46264520287513733,100,-0.17115657979809296,-0.15920128262691646,-0.04890562267974019
33,2,cover,test,single_attr_0,all,inject,,,0.46264520287513733,1,0.0,0.0,0.0
33,2,cover,test,single_attr_1,all,inject,,,0.46264520287513733,1,0.0,0.0,0.0
33,2,cover,test,single_attr_2,all,inject,,,0.46264520287513733,1,0.0,0.0,0.0
33,2,cover,test,mlp_ceiling,all,inject,,,0.46264520287513733,,77.69720094896886,86.21317211104214,
33,2,cover,test,mlp_ceiling,all,remove,,,0.46264520287513733,,90.68440939417077,95.4562994473557,
33,2,cover,test,all_tc,all,inject,,,0.46264520287513733,73728,11.764666853090134,18.07212407788654,-4.466258734464645
33,2,cover,test,tc_error,all,inject,,,0.46264520287513733,,2.0808955437899623,8.988142309597924,
33,2,cover,test,k_attr_10,all,inject,,10,0.46264520287513733,10,0.045819975615501995,0.0506153981124776,0.06019182037562132
33,2,cover,test,k_random_10,all,inject,,10,0.46264520287513733,10,-0.06497765978259462,-0.06086715837564434,0.01858245814219117
33,2,cover,test,k_magnitude_10,all,inject,,10,0.46264520287513733,10,-0.4675466962109853,-0.22052724607540058,0.13988440623506904
33,2,cover,test,k_oracle_10,all,inject,,10,0.46264520287513733,10,5.123636955572142,5.666304788955872,5.375935137271881
33,2,cover,test,k_attr_30,all,inject,,30,0.46264520287513733,30,0.12368752309760422,0.12985957835730264,0.03630087885539979
33,2,cover,test,k_random_30,all,inject,,30,0.46264520287513733,30,0.3454502786914837,0.3545195510076987,0.21972989197820425
33,2,cover,test,k_magnitude_30,all,inject,,30,0.46264520287513733,30,-0.20203175808084506,0.2182552797949518,0.037871248787268996
33,2,cover,test,k_oracle_30,all,inject,,30,0.46264520287513733,30,9.592060499116295,10.67644950100085,12.29919046163559
33,2,cover,test,k_attr_100,all,inject,,100,0.46264520287513733,100,0.27508089676772096,0.4218130436122049,0.09531878749839962
33,2,cover,test,k_random_100,all,inject,,100,0.46264520287513733,100,-0.37259569936400894,-0.3595493005762716,-0.23655395489186049
33,2,cover,test,k_magnitude_100,all,inject,,100,0.46264520287513733,100,-3.0043551844951333,-2.2998344816840146,-2.347913943231106
33,2,cover,test,k_oracle_100,all,inject,,100,0.46264520287513733,100,18.686227345023898,23.485786200543732,27.46952474117279
33,2,cover,test,k_attr_300,all,inject,,300,0.46264520287513733,300,-1.273657469238998,-0.6902052989793929,-1.750699058175087
33,2,cover,test,k_random_300,all,inject,,300,0.46264520287513733,300,-1.075020499172985,-1.036268284414494,-0.984121672809124
33,2,cover,test,k_magnitude_300,all,inject,,300,0.46264520287513733,300,-2.2051177298956004,-1.4164221615811137,-1.856241375207901
33,2,cover,test,k_oracle_300,all,inject,,300,0.46264520287513733,300,16.394133471340812,34.366707216659684,53.415173292160034
33,2,cover,test,k_attr_1000,all,inject,,1000,0.46264520287513733,1000,-2.2978720992035573,-0.562801698249493,-3.6331593990325928
33,2,cover,test,k_random_1000,all,inject,,1000,0.46264520287513733,1000,0.5370850958692608,0.6599997498511837,0.36734738387167454
33,2,cover,test,k_magnitude_1000,all,inject,,1000,0.46264520287513733,1000,-1.157158908996303,0.6587918906973156,-1.6652561724185944
33,2,cover,test,k_oracle_1000,all,inject,,1000,0.46264520287513733,1000,12.356944631522815,42.07820326698173,101.34298801422119
33,2,cover,test,k_attr_3000,all,inject,,3000,0.46264520287513733,3000,-7.153295034713469,-0.9776393373462381,-7.1519069373607635
33,2,cover,test,k_random_3000,all,inject,,3000,0.46264520287513733,3000,-1.0856493421036006,-0.8009556639547905,-0.6905348505824804
33,2,cover,test,k_magnitude_3000,all,inject,,3000,0.46264520287513733,3000,-4.769954154901668,-1.656976529548622,-5.392741411924362
33,2,cover,test,k_oracle_3000,all,inject,,3000,0.46264520287513733,3000,4.97601198985016,48.440960551086114,161.9639277458191
33,2,cover,test,k_attr_30,all,remove,,30,0.46264520287513733,30,-5.199591311326723,-4.831919409053019,5.546711757779121
33,2,cover,test,k_attr_100,all,remove,,100,0.46264520287513733,100,50.59906413360083,69.60614737215168,211.09464168548584
33,2,cover,test,k_attr_300,all,remove,,300,0.46264520287513733,300,47.62653750239069,63.44685464278749,159.10292863845825
33,2,cover,test,k_attr_1000,all,remove,,1000,0.46264520287513733,1000,61.54149658102332,83.27612712091825,328.59833240509033
33,2,cover,test,mlp_ceiling,occluder_tokens,inject,,,0.46264520287513733,,-23.841390092900603,-13.488276231508719,
33,2,cover,test,attr,occluder_tokens,inject,,,0.46264520287513733,,-0.15074920137128078,-0.10093018402232677,
33,2,cover,test,mlp_ceiling,other_tokens,inject,,,0.46264520287513733,,-5.9103517006825035,-2.6823769458777256,
33,2,cover,test,attr,other_tokens,inject,,,0.46264520287513733,,0.5911569186327292,0.708507217525337,
34,2,cover,test,sel_capped,all,inject,,,0.5208708047866821,129,0.10392776459640096,0.10909736586225748,-0.06051050731912255
34,2,cover,test,rand_sel_same_norm,all,inject,0,,0.5208708047866821,129,0.06736652171096535,0.07085273047108379,
34,2,cover,test,rand_sel_same_norm,all,inject,1,,0.5208708047866821,129,-0.3876292774651624,-0.383564538357219,
34,2,cover,test,rand_sel_same_norm,all,inject,2,,0.5208708047866821,129,-0.1461419821251475,-0.13971361251305214,
34,2,cover,test,rand_sel_same_norm,all,inject,3,,0.5208708047866821,129,0.09517366418722029,0.09711030808832485,
34,2,cover,test,rand_sel_same_norm,all,inject,4,,0.5208708047866821,129,0.022074064953370165,0.02522798123088177,
34,2,cover,test,sel_uncapped,all,inject,,,0.5208708047866821,457,-0.5105528677860738,-0.45225445066283493,-0.4394387360662222
34,2,cover,test,sel_target,all,inject,,,0.5208708047866821,129,0.31322514562130976,0.3260994051735802,
34,2,cover,test,sel_xtask,all,inject,,,0.5208708047866821,132,0.29049881436294944,0.30114337880946496,0.07918919436633587
34,2,cover,test,color,all,inject,,,0.5208708047866821,130,0.16661398948729644,0.17538529068145584,
34,2,cover,test,sel_capped,all,remove,,,0.5208708047866821,129,16.809457678330176,21.628362181144563,25.315648317337036
34,2,cover,test,attr,all,inject,,,0.5208708047866821,100,0.924455889747311,1.1005767125097097,0.6451834458857775
34,2,cover,test,rand_attr_same_norm,all,inject,0,,0.5208708047866821,100,-0.07077661572658656,-0.0512372015711718,
34,2,cover,test,rand_attr_same_norm,all,inject,1,,0.5208708047866821,100,-0.10182220319079338,-0.09665384478488115,
34,2,cover,test,rand_attr_same_norm,all,inject,2,,0.5208708047866821,100,0.1360032462264127,0.14444356598553168,
34,2,cover,test,rand_attr_same_norm,all,inject,3,,0.5208708047866821,100,0.2133482980770096,0.2193427946810586,
34,2,cover,test,rand_attr_same_norm,all,inject,4,,0.5208708047866821,100,0.013949344312158551,0.0174925147487863,
34,2,cover,test,attr,all,remove,,,0.5208708047866821,100,37.15355790671493,59.14711483857449,163.9831304550171
34,2,cover,test,rand_attr_same_norm,all,remove,0,,0.5208708047866821,100,-37.33786318931676,-22.19303490629617,
34,2,cover,test,rand_attr_same_norm,all,remove,1,,0.5208708047866821,100,3.828459912285054,4.069256862074607,
34,2,cover,test,rand_attr_same_norm,all,remove,2,,0.5208708047866821,100,11.497686972136323,13.48064788422781,
34,2,cover,test,attr_xtask,all,inject,,,0.5208708047866821,100,1.6635651594585132,1.8717687017986804,1.419589202851057
34,2,cover,test,rand_attr_raw,all,inject,0,,0.5208708047866821,100,0.0634758104180011,0.06828626209512258,0.06873817765153944
34,2,cover,test,rand_attr_raw,all,inject,1,,0.5208708047866821,100,0.09742798808344277,0.10670068243925313,0.21212096326053143
34,2,cover,test,single_attr_0,all,inject,,,0.5208708047866821,1,0.0,0.0,0.0
34,2,cover,test,single_attr_1,all,inject,,,0.5208708047866821,1,0.0,0.0,0.0
34,2,cover,test,single_attr_2,all,inject,,,0.5208708047866821,1,0.0,0.0,0.0
34,2,cover,test,mlp_ceiling,all,inject,,,0.5208708047866821,,82.37862811688888,90.32480181156777,
34,2,cover,test,mlp_ceiling,all,remove,,,0.5208708047866821,,77.60278572639922,91.04720495417249,
34,2,cover,test,all_tc,all,inject,,,0.5208708047866821,73728,22.11318376676239,31.94468191025785,-7.354934513568878
34,2,cover,test,tc_error,all,inject,,,0.5208708047866821,,3.617285835224715,10.716371399353186,
34,2,cover,test,k_attr_10,all,inject,,10,0.5208708047866821,10,0.008971522510858865,0.012954332395967444,0.031686294823884964
34,2,cover,test,k_random_10,all,inject,,10,0.5208708047866821,10,0.07192094257745252,0.0752564055811733,0.08253359701484442
34,2,cover,test,k_magnitude_10,all,inject,,10,0.5208708047866821,10,0.7537337668653721,1.056390663008479,0.8508251048624516
34,2,cover,test,k_oracle_10,all,inject,,10,0.5208708047866821,10,5.143188474523052,6.188325731570573,5.880375578999519
34,2,cover,test,k_attr_30,all,inject,,30,0.5208708047866821,30,0.19185783981758853,0.19946074836400338,0.1363395480439067
34,2,cover,test,k_random_30,all,inject,,30,0.5208708047866821,30,0.17407500055499625,0.1784848566616847,0.09617778123356402
34,2,cover,test,k_magnitude_30,all,inject,,30,0.5208708047866821,30,1.138570886814405,1.5054425892293863,1.0785102844238281
34,2,cover,test,k_oracle_30,all,inject,,30,0.5208708047866821,30,12.302257459351795,16.300687211780332,12.039440870285034
34,2,cover,test,k_attr_100,all,inject,,100,0.5208708047866821,100,0.924455889747311,1.1005767125097097,0.6451834458857775
34,2,cover,test,k_random_100,all,inject,,100,0.5208708047866821,100,-0.31920997505139326,-0.30973128517529314,-0.31769888009876013
34,2,cover,test,k_magnitude_100,all,inject,,100,0.5208708047866821,100,-0.580677217207648,0.017527395242726396,-0.838254950940609
34,2,cover,test,k_oracle_100,all,inject,,100,0.5208708047866821,100,16.300810114750806,25.89663453272138,25.355345010757446
34,2,cover,test,k_attr_300,all,inject,,300,0.5208708047866821,300,0.43617162247925334,1.292365745153796,0.01669415651122108
34,2,cover,test,k_random_300,all,inject,,300,0.5208708047866821,300,-0.8111332017052275,-0.7898501151271758,-0.9351561777293682
34,2,cover,test,k_magnitude_300,all,inject,,300,0.5208708047866821,300,0.32283749116865934,1.0288709223013286,-0.5851028487086296
34,2,cover,test,k_oracle_300,all,inject,,300,0.5208708047866821,300,20.13760072651023,38.13258884051371,47.95050323009491
34,2,cover,test,k_attr_1000,all,inject,,1000,0.5208708047866821,1000,-1.3481314630150232,0.23779261833657983,-1.9513752311468124
34,2,cover,test,k_random_1000,all,inject,,1000,0.5208708047866821,1000,0.05505356479555967,0.12597851276331656,0.21868203766644
34,2,cover,test,k_magnitude_1000,all,inject,,1000,0.5208708047866821,1000,-1.775880839871835,-0.4522561454523279,-1.5610863454639912
34,2,cover,test,k_oracle_1000,all,inject,,1000,0.5208708047866821,1000,18.44652022792245,46.62094628448312,87.2401475906372
34,2,cover,test,k_attr_3000,all,inject,,3000,0.5208708047866821,3000,-6.750075125057764,0.5008052108083119,-5.068447068333626
34,2,cover,test,k_random_3000,all,inject,,3000,0.5208708047866821,3000,-0.08463441389066073,0.07014550109265966,0.1787759829312563
34,2,cover,test,k_magnitude_3000,all,inject,,3000,0.5208708047866821,3000,-2.2031267129142496,0.13307342727954058,-4.08792681992054
34,2,cover,test,k_oracle_3000,all,inject,,3000,0.5208708047866821,3000,10.286319732703554,54.47305514695366,137.7220869064331
34,2,cover,test,k_attr_30,all,remove,,30,0.5208708047866821,30,-12.428545370614286,-10.166732335784088,0.8368909358978271
34,2,cover,test,k_attr_100,all,remove,,100,0.5208708047866821,100,37.15355790671493,59.14711483857449,163.9831304550171
34,2,cover,test,k_attr_300,all,remove,,300,0.5208708047866821,300,43.02885237062184,59.4373993872525,140.90250730514526
34,2,cover,test,k_attr_1000,all,remove,,1000,0.5208708047866821,1000,49.355555169027376,80.48279817287732,299.8307943344116
34,2,cover,test,mlp_ceiling,occluder_tokens,inject,,,0.5208708047866821,,-17.619921448827647,-8.476648080592398,
34,2,cover,test,attr,occluder_tokens,inject,,,0.5208708047866821,,-0.13181500995220752,-0.114450531093296,
34,2,cover,test,mlp_ceiling,other_tokens,inject,,,0.5208708047866821,,-3.4508434947650546,0.21215701277076862,
34,2,cover,test,attr,other_tokens,inject,,,0.5208708047866821,,1.0667414903850259,1.2407170981250877,
34,2,paint,test,sel_capped,all,inject,,,0.14742626249790192,12,0.30227594399576674,0.33850994626844005,0.4587859380990267
34,2,paint,test,rand_sel_same_norm,all,inject,0,,0.14742626249790192,12,-0.06459725667347094,-0.03414573257830062,
34,2,paint,test,rand_sel_same_norm,all,inject,1,,0.14742626249790192,12,-0.48981114980388707,-0.4523336949014724,
34,2,paint,test,rand_sel_same_norm,all,inject,2,,0.14742626249790192,12,1.101034010945856,1.1511332189967727,
34,2,paint,test,sel_capped,all,remove,,,0.14742626249790192,12,0.9859091864252933,1.073889576595132,1.1064140126109123
34,2,paint,test,attr,all,inject,,,0.14742626249790192,100,1.8369737473959202,2.605831628450077,0.03513852134346962
34,2,paint,test,rand_attr_same_norm,all,inject,0,,0.14742626249790192,100,0.47903651741240116,0.5259835722395152,
34,2,paint,test,rand_attr_same_norm,all,inject,1,,0.14742626249790192,100,-0.5038808386302662,-0.4234417532627009,
34,2,paint,test,rand_attr_same_norm,all,inject,2,,0.14742626249790192,100,1.3771516541638107,1.5137830706503037,
34,2,paint,test,attr,all,remove,,,0.14742626249790192,100,3.9433436271839706,4.910707065933003,3.107329085469246
34,2,paint,test,rand_attr_same_norm,all,remove,0,,0.14742626249790192,100,0.3698751385869392,0.4160325296771292,
34,2,paint,test,rand_attr_same_norm,all,remove,1,,0.14742626249790192,100,0.48309974651312704,0.528204179677123,
34,2,paint,test,rand_attr_same_norm,all,remove,2,,0.14742626249790192,100,0.5064986902150626,0.632712395633752,
34,2,paint,test,mlp_ceiling,all,inject,,,0.14742626249790192,,86.53000891787819,94.06210442874324,
34,2,paint,test,mlp_ceiling,all,remove,,,0.14742626249790192,,89.51132493713871,95.79307441506698,
34,2,paint,test,all_tc,all,inject,,,0.14742626249790192,73728,58.101376353158884,91.41582557072897,60.4858934879303
34,2,paint,test,k_attr_10,all,inject,,10,0.14742626249790192,10,1.2179478691749401,1.3404355344139862,0.540187256410718
34,2,paint,test,k_random_10,all,inject,,10,0.14742626249790192,10,0.05656176628771048,0.07794054193395379,0.0027413538191467524
34,2,paint,test,k_attr_30,all,inject,,30,0.14742626249790192,30,-0.13493559327035776,0.1824666079602931,-0.5438270512968302
34,2,paint,test,k_random_30,all,inject,,30,0.14742626249790192,30,-0.2505657945447437,-0.22169115672071688,-0.31688655726611614
34,2,paint,test,k_attr_100,all,inject,,100,0.14742626249790192,100,1.8369737473959202,2.605831628450077,0.03513852134346962
34,2,paint,test,k_random_100,all,inject,,100,0.14742626249790192,100,0.06816521655546026,0.10502750851961055,0.29509130399674177
34,2,paint,test,k_attr_300,all,inject,,300,0.14742626249790192,300,3.973555049527422,5.382267807938648,1.684168167412281
34,2,paint,test,k_random_300,all,inject,,300,0.14742626249790192,300,0.14221301852539447,0.1944361693142765,-0.12408734764903784
34,2,paint,test,k_attr_1000,all,inject,,1000,0.14742626249790192,1000,5.729900989618653,7.8391535575885305,5.714447796344757
34,2,paint,test,k_random_1000,all,inject,,1000,0.14742626249790192,1000,-0.11535729782732318,0.0766424207121157,-0.41047679260373116
34,2,paint,test,k_attr_3000,all,inject,,3000,0.14742626249790192,3000,15.880741800085286,24.689342773616367,19.456912577152252
34,2,paint,test,k_random_3000,all,inject,,3000,0.14742626249790192,3000,-3.6688330820431547,-2.96540656686053,-2.098148688673973
35,2,cover,test,sel_capped,all,inject,,,0.5500513315200806,129,0.14558430398565747,0.15040290590927646,-0.010776746057672426
35,2,cover,test,rand_sel_same_norm,all,inject,0,,0.5500513315200806,129,0.20242015619293952,0.20498675905385208,
35,2,cover,test,rand_sel_same_norm,all,inject,1,,0.5500513315200806,129,-0.13699119992458542,-0.13239101351993446,
35,2,cover,test,rand_sel_same_norm,all,inject,2,,0.5500513315200806,129,-0.027502267474188713,-0.02495923945188067,
35,2,cover,test,rand_sel_same_norm,all,inject,3,,0.5500513315200806,129,0.14333037505160906,0.1452652547619792,
35,2,cover,test,rand_sel_same_norm,all,inject,4,,0.5500513315200806,129,0.059512392816463144,0.06231024831440756,
35,2,cover,test,sel_uncapped,all,inject,,,0.5500513315200806,457,-0.2909302116417489,-0.2238068718813577,-0.045671945554204285
35,2,cover,test,sel_target,all,inject,,,0.5500513315200806,129,-0.0075745015620354295,-0.002670980620977889,
35,2,cover,test,sel_xtask,all,inject,,,0.5500513315200806,132,0.022376746388563795,0.028099707270763895,0.053458951879292727
35,2,cover,test,color,all,inject,,,0.5500513315200806,130,0.28023488540179775,0.29999215971576904,
35,2,cover,test,sel_capped,all,remove,,,0.5500513315200806,129,15.113866755956929,18.68363485222234,23.119954764842987
35,2,cover,test,attr,all,inject,,,0.5500513315200806,100,0.4552394636949453,0.5622110602083396,0.07110500591807067
35,2,cover,test,rand_attr_same_norm,all,inject,0,,0.5500513315200806,100,-0.07165976942740127,-0.06103680439434884,
35,2,cover,test,rand_attr_same_norm,all,inject,1,,0.5500513315200806,100,0.013946185279456458,0.018989546288067267,
35,2,cover,test,rand_attr_same_norm,all,inject,2,,0.5500513315200806,100,0.09836015833850631,0.1192315958136543,
35,2,cover,test,rand_attr_same_norm,all,inject,3,,0.5500513315200806,100,0.10279216282902404,0.10625775529134418,
35,2,cover,test,rand_attr_same_norm,all,inject,4,,0.5500513315200806,100,0.10671486607002345,0.1100327270232729,
35,2,cover,test,attr,all,remove,,,0.5500513315200806,100,42.50798356799117,62.08955752941785,121.70588970184326
35,2,cover,test,rand_attr_same_norm,all,remove,0,,0.5500513315200806,100,-9.924829302809934,-8.445804626826336,
35,2,cover,test,rand_attr_same_norm,all,remove,1,,0.5500513315200806,100,6.3220105912987545,6.946648981061594,
35,2,cover,test,rand_attr_same_norm,all,remove,2,,0.5500513315200806,100,11.493032867268504,13.612084305306734,
35,2,cover,test,attr_xtask,all,inject,,,0.5500513315200806,100,0.7803470400386647,0.8685794594648727,0.6049100775271654
35,2,cover,test,rand_attr_raw,all,inject,0,,0.5500513315200806,100,0.006274157946239978,0.011771542086295874,-0.014751320122741163
35,2,cover,test,rand_attr_raw,all,inject,1,,0.5500513315200806,100,0.02071880827841932,0.03746506150684179,0.07891167770139873
35,2,cover,test,single_attr_0,all,inject,,,0.5500513315200806,1,0.0,0.0,0.0
35,2,cover,test,single_attr_1,all,inject,,,0.5500513315200806,1,0.0,0.0,0.0
35,2,cover,test,single_attr_2,all,inject,,,0.5500513315200806,1,0.0,0.0,0.0
35,2,cover,test,mlp_ceiling,all,inject,,,0.5500513315200806,,82.85156821440066,90.79545452908023,
35,2,cover,test,mlp_ceiling,all,remove,,,0.5500513315200806,,93.26489530066652,97.29623645463298,
35,2,cover,test,all_tc,all,inject,,,0.5500513315200806,73728,19.254978961523918,33.099161532000586,-13.519373536109924
35,2,cover,test,tc_error,all,inject,,,0.5500513315200806,,0.27906457614758073,5.426465982528038,
35,2,cover,test,k_attr_10,all,inject,,10,0.5500513315200806,10,-0.01436879695460025,-0.01065049171390725,0.023649638751521707
35,2,cover,test,k_random_10,all,inject,,10,0.5500513315200806,10,0.048578670246945954,0.051193474225437643,0.04509625432547182
35,2,cover,test,k_magnitude_10,all,inject,,10,0.5500513315200806,10,0.20596359254599905,0.4568641781878146,0.441998615860939
35,2,cover,test,k_oracle_10,all,inject,,10,0.5500513315200806,10,4.348815007699114,4.601737786853132,4.519787430763245
35,2,cover,test,k_attr_30,all,inject,,30,0.5500513315200806,30,0.17756192073755672,0.18236092085963107,0.009844050509855151
35,2,cover,test,k_random_30,all,inject,,30,0.5500513315200806,30,0.097970055253771,0.10253000104810302,0.03539404133334756
35,2,cover,test,k_magnitude_30,all,inject,,30,0.5500513315200806,30,0.7785915761573281,1.0969302424495155,1.0076383128762245
35,2,cover,test,k_oracle_30,all,inject,,30,0.5500513315200806,30,8.419779093292068,9.30678729823792,9.082545340061188
35,2,cover,test,k_attr_100,all,inject,,100,0.5500513315200806,100,0.4552394636949453,0.5622110602083396,0.07110500591807067
35,2,cover,test,k_random_100,all,inject,,100,0.5500513315200806,100,-0.08663539340270088,-0.0743764239066587,-0.18528481014072895
35,2,cover,test,k_magnitude_100,all,inject,,100,0.5500513315200806,100,-0.25863834518271567,0.2833867729580129,-0.06451711524277925
35,2,cover,test,k_oracle_100,all,inject,,100,0.5500513315200806,100,11.682146173793095,19.864459152909422,19.568361341953278
35,2,cover,test,k_attr_300,all,inject,,300,0.5500513315200806,300,-0.5073073893109514,0.00042689225281303717,-0.8723191916942596
35,2,cover,test,k_random_300,all,inject,,300,0.5500513315200806,300,-0.945924127117248,-0.9189858700079929,-0.8676436729729176
35,2,cover,test,k_magnitude_300,all,inject,,300,0.5500513315200806,300,0.4455519037572353,1.0699161258222178,0.1926816301420331
35,2,cover,test,k_oracle_300,all,inject,,300,0.5500513315200806,300,16.067804250606553,27.54868248462266,36.237820982933044
35,2,cover,test,k_attr_1000,all,inject,,1000,0.5500513315200806,1000,-2.4575085633045113,-0.9917266100295983,-2.447051741182804
35,2,cover,test,k_random_1000,all,inject,,1000,0.5500513315200806,1000,-0.3446669115647172,-0.27715738536537676,-0.5401559639722109
35,2,cover,test,k_magnitude_1000,all,inject,,1000,0.5500513315200806,1000,-1.878671438927726,-0.7252216195714964,-1.8537893891334534
35,2,cover,test,k_oracle_1000,all,inject,,1000,0.5500513315200806,1000,17.09643023168872,34.007846489274584,66.28145575523376
35,2,cover,test,k_attr_3000,all,inject,,3000,0.5500513315200806,3000,-9.101321690923502,-2.090642196256181,-4.979722946882248
35,2,cover,test,k_random_3000,all,inject,,3000,0.5500513315200806,3000,-0.18721697208488042,-0.06442189236556652,-0.3225357038900256
35,2,cover,test,k_magnitude_3000,all,inject,,3000,0.5500513315200806,3000,-3.2172234846391534,-1.0139986864400001,-3.147973120212555
35,2,cover,test,k_oracle_3000,all,inject,,3000,0.5500513315200806,3000,9.543996584430769,40.25400728740494,104.05197143554688
35,2,cover,test,k_attr_30,all,remove,,30,0.5500513315200806,30,-6.403173705318288,-5.6897160831416045,-0.4554273560643196
35,2,cover,test,k_attr_100,all,remove,,100,0.5500513315200806,100,42.50798356799117,62.08955752941785,121.70588970184326
35,2,cover,test,k_attr_300,all,remove,,300,0.5500513315200806,300,41.98493118473223,59.95678047539172,99.51269030570984
35,2,cover,test,k_attr_1000,all,remove,,1000,0.5500513315200806,1000,58.96054053116869,83.0523382189331,239.3690824508667
35,2,cover,test,mlp_ceiling,occluder_tokens,inject,,,0.5500513315200806,,-14.288858330813925,-3.8176976561253815,
35,2,cover,test,attr,occluder_tokens,inject,,,0.5500513315200806,,-0.06735779929847308,-0.0569000570625356,
35,2,cover,test,mlp_ceiling,other_tokens,inject,,,0.5500513315200806,,-3.550783294485571,-0.6293451403215224,
35,2,cover,test,attr,other_tokens,inject,,,0.5500513315200806,,0.3943183652946991,0.5037331397527839,
42,3,cover,test,sel_capped,all,inject,,,0.2690073549747467,129,-0.014590552213067376,0.004012167573325021,0.20437489729374647
42,3,cover,test,rand_sel_same_norm,all,inject,0,,0.2690073549747467,129,0.07157901127460287,0.07656163256075671,
42,3,cover,test,rand_sel_same_norm,all,inject,1,,0.2690073549747467,129,0.3115310009351502,0.322191139008819,
42,3,cover,test,rand_sel_same_norm,all,inject,2,,0.2690073549747467,129,0.3604431406623365,0.38023287900853886,
42,3,cover,test,rand_sel_same_norm,all,inject,3,,0.2690073549747467,129,0.04058101196392494,0.04597342313359645,
42,3,cover,test,rand_sel_same_norm,all,inject,4,,0.2690073549747467,129,0.12742637171963,0.1344836172308696,
42,3,cover,test,sel_uncapped,all,inject,,,0.2690073549747467,457,12.43693352901144,20.753819481365653,1.8953502178192139
42,3,cover,test,sel_target,all,inject,,,0.2690073549747467,129,-0.08152761863022828,-0.062497294253201365,
42,3,cover,test,sel_xtask,all,inject,,,0.2690073549747467,126,0.7435753101267872,0.7865768323743274,0.8091318421065807
42,3,cover,test,color,all,inject,,,0.2690073549747467,130,0.037922141401169895,0.04652653405335842,
42,3,cover,test,sel_capped,all,remove,,,0.2690073549747467,129,0.12227481000430807,0.6207112589490736,1.2539956718683243
42,3,cover,test,attr,all,inject,,,0.2690073549747467,100,-0.17177411698077183,-0.10334039215351455,-0.18524543847888708
42,3,cover,test,rand_attr_same_norm,all,inject,0,,0.2690073549747467,100,0.32995475820951636,0.3436417277680264,
42,3,cover,test,rand_attr_same_norm,all,inject,1,,0.2690073549747467,100,0.145030310570482,0.1535721637532506,
42,3,cover,test,rand_attr_same_norm,all,inject,2,,0.2690073549747467,100,-0.06446653251925838,-0.05786858603044967,
42,3,cover,test,rand_attr_same_norm,all,inject,3,,0.2690073549747467,100,-0.12965317581592473,-0.11375098682392265,
42,3,cover,test,rand_attr_same_norm,all,inject,4,,0.2690073549747467,100,-0.06440006075518756,-0.06006281342655501,
42,3,cover,test,attr,all,remove,,,0.2690073549747467,100,3.0156577563851927,3.5920004837703483,5.1658038049936295
42,3,cover,test,rand_attr_same_norm,all,remove,0,,0.2690073549747467,100,0.31273857131572935,0.3625145617303465,
42,3,cover,test,rand_attr_same_norm,all,remove,1,,0.2690073549747467,100,-0.15109031972808662,-0.13565003296457392,
42,3,cover,test,rand_attr_same_norm,all,remove,2,,0.2690073549747467,100,0.2976384022447931,0.39558212346189797,
42,3,cover,test,attr_xtask,all,inject,,,0.2690073549747467,100,12.125541010918095,20.146363498894647,0.8108263835310936
42,3,cover,test,rand_attr_raw,all,inject,0,,0.2690073549747467,100,0.14191721628660225,0.14535962800232818,0.04985941341146827
42,3,cover,test,rand_attr_raw,all,inject,1,,0.2690073549747467,100,0.10331927861739754,0.10990435797522229,-0.031368772033602
42,3,cover,test,single_attr_0,all,inject,,,0.2690073549747467,1,0.0,0.0,0.0
42,3,cover,test,single_attr_1,all,inject,,,0.2690073549747467,1,0.0,0.0,0.0
42,3,cover,test,single_attr_2,all,inject,,,0.2690073549747467,1,0.0,0.0,0.0
42,3,cover,test,mlp_ceiling,all,inject,,,0.2690073549747467,,34.95997125760921,81.30293873919085,
42,3,cover,test,mlp_ceiling,all,remove,,,0.2690073549747467,,13.447924745986462,75.19706261633004,
42,3,cover,test,all_tc,all,inject,,,0.2690073549747467,73728,27.796464344711936,81.15491585679314,32.27994740009308
42,3,cover,test,tc_error,all,inject,,,0.2690073549747467,,0.324825353748881,8.588339447736686,
42,3,cover,test,k_attr_10,all,inject,,10,0.2690073549747467,10,-0.05743160415532245,-0.05400072201138329,-0.06058688159100711
42,3,cover,test,k_random_10,all,inject,,10,0.2690073549747467,10,-0.007511309339758299,-0.004554041318950454,-0.018729627481661737
42,3,cover,test,k_magnitude_10,all,inject,,10,0.2690073549747467,10,0.5962184878138932,0.6727256670254781,0.5216231103986502
42,3,cover,test,k_oracle_10,all,inject,,10,0.2690073549747467,10,15.603659447870022,24.128821778220516,4.697788134217262
42,3,cover,test,k_attr_30,all,inject,,30,0.2690073549747467,30,-0.017570702968816576,-0.011302589492525357,0.06183215882629156
42,3,cover,test,k_random_30,all,inject,,30,0.2690073549747467,30,-0.024771810742918454,-0.021091010218095407,-0.030600756872445345
42,3,cover,test,k_magnitude_30,all,inject,,30,0.2690073549747467,30,0.7144052843279902,0.7999220062454873,0.635451078414917
42,3,cover,test,k_oracle_30,all,inject,,30,0.2690073549747467,30,19.705537840214948,29.181156934076803,9.944960474967957
42,3,cover,test,k_attr_100,all,inject,,100,0.2690073549747467,100,-0.17177411698077183,-0.10334039215351455,-0.18524543847888708
42,3,cover,test,k_random_100,all,inject,,100,0.2690073549747467,100,0.03789998414648332,0.043680881495053704,-0.027492092340253294
42,3,cover,test,k_magnitude_100,all,inject,,100,0.2690073549747467,100,1.1396916308393124,1.250806087802511,1.041510421782732
42,3,cover,test,k_oracle_100,all,inject,,100,0.2690073549747467,100,23.828144344321966,40.624912455941804,21.490773558616638
42,3,cover,test,k_attr_300,all,inject,,300,0.2690073549747467,300,11.276657808565528,19.383864165359093,0.23920000530779362
42,3,cover,test,k_random_300,all,inject,,300,0.2690073549747467,300,0.44493983142095406,0.46798108900553564,0.4459039308130741
42,3,cover,test,k_magnitude_300,all,inject,,300,0.2690073549747467,300,2.697468500415834,3.058978601445829,2.495775558054447
42,3,cover,test,k_oracle_300,all,inject,,300,0.2690073549747467,300,27.00963253411747,51.291690927980575,39.56666588783264
42,3,cover,test,k_attr_1000,all,inject,,1000,0.2690073549747467,1000,13.348798727819066,22.652185084631196,2.729460597038269
42,3,cover,test,k_random_1000,all,inject,,1000,0.2690073549747467,1000,11.678679037652817,19.79525722816459,1.117914356291294
42,3,cover,test,k_magnitude_1000,all,inject,,1000,0.2690073549747467,1000,5.382362758795345,6.480086964949543,5.569550767540932
42,3,cover,test,k_oracle_1000,all,inject,,1000,0.2690073549747467,1000,42.77130090449237,86.73963937721948,70.5556571483612
42,3,cover,test,k_attr_3000,all,inject,,3000,0.2690073549747467,3000,19.21841613517875,31.858084793555673,8.343958854675293
42,3,cover,test,k_random_3000,all,inject,,3000,0.2690073549747467,3000,2.8991438326001706,3.1049345253282095,2.4388594552874565
42,3,cover,test,k_magnitude_3000,all,inject,,3000,0.2690073549747467,3000,7.768244865139318,9.773947686532479,7.0016153156757355
42,3,cover,test,k_oracle_3000,all,inject,,3000,0.2690073549747467,3000,33.74983617479814,97.01621233120376,105.53725957870483
42,3,cover,test,k_attr_30,all,remove,,30,0.2690073549747467,30,0.047017694451234604,0.11682246392817681,0.3433046629652381
42,3,cover,test,k_attr_100,all,remove,,100,0.2690073549747467,100,3.0156577563851927,3.5920004837703483,5.1658038049936295
42,3,cover,test,k_attr_300,all,remove,,300,0.2690073549747467,300,2.5211189103416687,3.1801287526466546,4.430025815963745
42,3,cover,test,k_attr_1000,all,remove,,1000,0.2690073549747467,1000,7.386879736736363,8.510741524153726,9.812282770872116
42,3,cover,test,mlp_ceiling,occluder_tokens,inject,,,0.2690073549747467,,6.689186561757976,49.24136013569668,
42,3,cover,test,attr,occluder_tokens,inject,,,0.2690073549747467,,11.010150349159565,18.902535637397555,
42,3,cover,test,mlp_ceiling,other_tokens,inject,,,0.2690073549747467,,16.800478020612676,27.80011458670017,
42,3,cover,test,attr,other_tokens,inject,,,0.2690073549747467,,-0.6059012081132353,-0.5422064189299096,
42,3,paint,test,sel_capped,all,inject,,,0.19646555185317993,12,-0.15241289445699913,-0.12988055567360207,-0.09465348557569087
42,3,paint,test,rand_sel_same_norm,all,inject,0,,0.19646555185317993,12,-0.04142718235999876,-0.035908460847997946,
42,3,paint,test,rand_sel_same_norm,all,inject,1,,0.19646555185317993,12,0.0,0.0,
42,3,paint,test,rand_sel_same_norm,all,inject,2,,0.19646555185317993,12,-0.02184369923046159,-0.014733952793328349,
42,3,paint,test,sel_capped,all,remove,,,0.19646555185317993,12,0.2185052538647425,0.22368183568878514,0.15015354147180915
42,3,paint,test,attr,all,inject,,,0.19646555185317993,100,-17.406447531889533,-2.559383781941126,-0.5878382828086615
42,3,paint,test,rand_attr_same_norm,all,inject,0,,0.19646555185317993,100,-0.1459204616301779,-0.1338263791730909,
42,3,paint,test,rand_attr_same_norm,all,inject,1,,0.19646555185317993,100,-0.043057875184504546,-0.03565502028447727,
42,3,paint,test,rand_attr_same_norm,all,inject,2,,0.19646555185317993,100,0.1668615913438254,0.1815032483365381,
42,3,paint,test,attr,all,remove,,,0.19646555185317993,100,40.583006815537544,98.93047256315903,11.919807642698288
42,3,paint,test,rand_attr_same_norm,all,remove,0,,0.19646555185317993,100,0.7426478507468581,0.7645897031397263,
42,3,paint,test,rand_attr_same_norm,all,remove,1,,0.19646555185317993,100,-0.041942936369609995,-0.03373145786964284,
42,3,paint,test,rand_attr_same_norm,all,remove,2,,0.19646555185317993,100,0.36102022210794393,0.37199988472226997,
42,3,paint,test,mlp_ceiling,all,inject,,,0.19646555185317993,,96.30672630451633,97.91403076807087,
42,3,paint,test,mlp_ceiling,all,remove,,,0.19646555185317993,,95.7917919076679,99.96667322942619,
42,3,paint,test,all_tc,all,inject,,,0.19646555185317993,73728,40.5443442263614,56.56995173371564,2.135210670530796
42,3,paint,test,k_attr_10,all,inject,,10,0.19646555185317993,10,0.34685215607930253,0.3630300183509016,-0.019484121003188193
42,3,paint,test,k_random_10,all,inject,,10,0.19646555185317993,10,0.20031734040826255,0.20439414259770494,0.00674583570798859
42,3,paint,test,k_attr_30,all,inject,,30,0.19646555185317993,30,0.07102236097016323,0.17904579829616268,0.09827213361859322
42,3,paint,test,k_random_30,all,inject,,30,0.19646555185317993,30,-0.08300605707576292,-0.07496320117608699,-0.021965435007587075
42,3,paint,test,k_attr_100,all,inject,,100,0.19646555185317993,100,-17.406447531889533,-2.559383781941126,-0.5878382828086615
42,3,paint,test,k_random_100,all,inject,,100,0.19646555185317993,100,0.31068869846442304,0.3187302609829922,0.06929148221388459
42,3,paint,test,k_attr_300,all,inject,,300,0.19646555185317993,300,-16.54465292030538,-0.9407726954001644,-0.19988594576716423
42,3,paint,test,k_random_300,all,inject,,300,0.19646555185317993,300,-0.08795122787377263,-0.07628863944897457,-0.21116482093930244
42,3,paint,test,k_attr_1000,all,inject,,1000,0.19646555185317993,1000,-13.890704140746246,3.004546949343944,-0.5792237818241119
42,3,paint,test,k_random_1000,all,inject,,1000,0.19646555185317993,1000,0.241820368946144,0.2593695429707445,-0.05469799507409334
42,3,paint,test,k_attr_3000,all,inject,,3000,0.19646555185317993,3000,33.731594028782105,47.30832853715384,0.019144872203469276
42,3,paint,test,k_random_3000,all,inject,,3000,0.19646555185317993,3000,0.25091432567438954,0.2807155621105891,0.2984049264341593
43,3,cover,test,sel_capped,all,inject,,,0.49323609471321106,129,0.6954937316079102,0.7027660644531425,0.480453809723258
43,3,cover,test,rand_sel_same_norm,all,inject,0,,0.49323609471321106,129,0.032156600347654773,0.03295946037970369,
43,3,cover,test,rand_sel_same_norm,all,inject,1,,0.49323609471321106,129,0.09161791264027386,0.0943925202491281,
43,3,cover,test,rand_sel_same_norm,all,inject,2,,0.49323609471321106,129,0.17533262474414002,0.17649211402447396,
43,3,cover,test,rand_sel_same_norm,all,inject,3,,0.49323609471321106,129,0.08692312149594095,0.08901770088731309,
43,3,cover,test,rand_sel_same_norm,all,inject,4,,0.49323609471321106,129,0.10997412306044119,0.11125540688142864,
43,3,cover,test,sel_uncapped,all,inject,,,0.49323609471321106,457,0.9605893129031151,0.9827426510697808,0.4629612434655428
43,3,cover,test,sel_target,all,inject,,,0.49323609471321106,129,0.6606181402500244,0.6673324143119853,
43,3,cover,test,sel_xtask,all,inject,,,0.49323609471321106,126,0.2819472833563874,0.2848747975187992,0.24804165586829185
43,3,cover,test,color,all,inject,,,0.49323609471321106,130,-0.050814920880082326,-0.04965952321554461,
43,3,cover,test,sel_capped,all,remove,,,0.49323609471321106,129,12.375795735377404,22.65663444379892,2.388930134475231
43,3,cover,test,attr,all,inject,,,0.49323609471321106,100,-0.002567935954100875,0.02391984886637856,-0.1562751247547567
43,3,cover,test,rand_attr_same_norm,all,inject,0,,0.49323609471321106,100,0.15990688241276363,0.16091150006307903,
43,3,cover,test,rand_attr_same_norm,all,inject,1,,0.49323609471321106,100,0.05337077242969501,0.054588915050822966,
43,3,cover,test,rand_attr_same_norm,all,inject,2,,0.49323609471321106,100,-0.1156900463841648,-0.11325044409558838,
43,3,cover,test,rand_attr_same_norm,all,inject,3,,0.49323609471321106,100,-0.11961143564114263,-0.11845074298286186,
43,3,cover,test,rand_attr_same_norm,all,inject,4,,0.49323609471321106,100,0.21379728423552846,0.21495719662103413,
43,3,cover,test,attr,all,remove,,,0.49323609471321106,100,13.026432157518764,22.418083286531804,2.5812556967139244
43,3,cover,test,rand_attr_same_norm,all,remove,0,,0.49323609471321106,100,-0.09529157160519386,-0.08483676957302222,
43,3,cover,test,rand_attr_same_norm,all,remove,1,,0.49323609471321106,100,-0.3583207197326299,-0.3534000321577578,
43,3,cover,test,rand_attr_same_norm,all,remove,2,,0.49323609471321106,100,-0.013576828444405997,-0.008322751929605467,
43,3,cover,test,attr_xtask,all,inject,,,0.49323609471321106,100,-0.5125902274508487,-0.4908578704611328,-0.4948744084686041
43,3,cover,test,rand_attr_raw,all,inject,0,,0.49323609471321106,100,-0.00662225366048208,-0.005673748565713827,-0.03281902754679322
43,3,cover,test,rand_attr_raw,all,inject,1,,0.49323609471321106,100,0.007709850064563373,0.009209415691262095,-0.08768686093389988
43,3,cover,test,single_attr_0,all,inject,,,0.49323609471321106,1,0.0,0.0,0.0
43,3,cover,test,single_attr_1,all,inject,,,0.49323609471321106,1,0.0,0.0,0.0
43,3,cover,test,single_attr_2,all,inject,,,0.49323609471321106,1,0.0,0.0,0.0
43,3,cover,test,mlp_ceiling,all,inject,,,0.49323609471321106,,53.587192029706856,75.90668031945225,
43,3,cover,test,mlp_ceiling,all,remove,,,0.49323609471321106,,75.21562958206631,91.40266960461996,
43,3,cover,test,all_tc,all,inject,,,0.49323609471321106,73728,40.47529896363543,54.04574877847113,6.679215282201767
43,3,cover,test,tc_error,all,inject,,,0.49323609471321106,,33.22361096869976,46.14812065726909,
43,3,cover,test,k_attr_10,all,inject,,10,0.49323609471321106,10,-0.0245555099235073,-0.02408035826496823,0.013258442049846053
43,3,cover,test,k_random_10,all,inject,,10,0.49323609471321106,10,0.05631332492298524,0.05661564945320164,0.05075954832136631
43,3,cover,test,k_magnitude_10,all,inject,,10,0.49323609471321106,10,0.09896523057013606,0.11219654868141545,-0.017520600522402674
43,3,cover,test,k_oracle_10,all,inject,,10,0.49323609471321106,10,9.29238138114713,12.192091037366795,4.921232536435127
43,3,cover,test,k_attr_30,all,inject,,30,0.49323609471321106,30,0.0911466208651679,0.09607776940208612,0.024663901422172785
43,3,cover,test,k_random_30,all,inject,,30,0.49323609471321106,30,-0.026053976080242514,-0.0247716785338186,-0.04349896917119622
43,3,cover,test,k_magnitude_30,all,inject,,30,0.49323609471321106,30,-0.37232654453642766,-0.3398456232185104,-0.4459424875676632
43,3,cover,test,k_oracle_30,all,inject,,30,0.49323609471321106,30,13.4364982972772,17.06557951523054,9.479212015867233
43,3,cover,test,k_attr_100,all,inject,,100,0.49323609471321106,100,-0.002567935954100875,0.02391984886637856,-0.1562751247547567
43,3,cover,test,k_random_100,all,inject,,100,0.49323609471321106,100,0.30549978770721964,0.30877081114964744,0.2407813910394907
43,3,cover,test,k_magnitude_100,all,inject,,100,0.49323609471321106,100,-0.20208145408255884,-0.14797834726283632,-0.31262077391147614
43,3,cover,test,k_oracle_100,all,inject,,100,0.49323609471321106,100,26.13916508970223,34.539219382750254,18.708765506744385
43,3,cover,test,k_attr_300,all,inject,,300,0.49323609471321106,300,-0.16909707202734658,-0.14791580164478554,-0.18289978615939617
43,3,cover,test,k_random_300,all,inject,,300,0.49323609471321106,300,0.6377121515393935,0.6492888260124631,0.4903320223093033
43,3,cover,test,k_magnitude_300,all,inject,,300,0.49323609471321106,300,-0.48659667339305823,-0.3937997063711785,-0.8532303385436535
43,3,cover,test,k_oracle_300,all,inject,,300,0.49323609471321106,300,43.806908859481766,59.09839198667026,33.22790265083313
43,3,cover,test,k_attr_1000,all,inject,,1000,0.49323609471321106,1000,2.0105730080203554,2.141866465067661,1.4493648894131184
43,3,cover,test,k_random_1000,all,inject,,1000,0.49323609471321106,1000,1.2517690812897997,1.2832227202936328,0.9276025928556919
43,3,cover,test,k_magnitude_1000,all,inject,,1000,0.49323609471321106,1000,0.6217365688037324,0.7826751440827038,0.44166306033730507
43,3,cover,test,k_oracle_1000,all,inject,,1000,0.49323609471321106,1000,58.58527755792553,93.43551657240056,59.69315767288208
43,3,cover,test,k_attr_3000,all,inject,,3000,0.49323609471321106,3000,3.8523631385301127,4.243938096898698,1.7563974484801292
43,3,cover,test,k_random_3000,all,inject,,3000,0.49323609471321106,3000,0.9185235008737358,1.027413732491539,0.23730446118861437
43,3,cover,test,k_magnitude_3000,all,inject,,3000,0.49323609471321106,3000,2.616406500515367,3.0796059514341696,1.5987852588295937
43,3,cover,test,k_oracle_3000,all,inject,,3000,0.49323609471321106,3000,57.46629493427202,101.2921164481779,91.87836647033691
43,3,cover,test,k_attr_30,all,remove,,30,0.49323609471321106,30,0.4352500387154068,0.45620073799321254,0.5564648658037186
43,3,cover,test,k_attr_100,all,remove,,100,0.49323609471321106,100,13.026432157518764,22.418083286531804,2.5812556967139244
43,3,cover,test,k_attr_300,all,remove,,300,0.49323609471321106,300,11.11801466285388,18.86618994814259,3.5345371812582016
43,3,cover,test,k_attr_1000,all,remove,,1000,0.49323609471321106,1000,14.048881537005741,21.631663035441452,10.977305471897125
43,3,cover,test,mlp_ceiling,occluder_tokens,inject,,,0.49323609471321106,,21.454180439614923,29.827655384959453,
43,3,cover,test,attr,occluder_tokens,inject,,,0.49323609471321106,,0.238195696900656,0.24570316294037492,
43,3,cover,test,mlp_ceiling,other_tokens,inject,,,0.49323609471321106,,22.014316756531336,32.165340245026165,
43,3,cover,test,attr,other_tokens,inject,,,0.49323609471321106,,-0.14807625041712846,-0.13071925671540716,
43,3,paint,test,sel_capped,all,inject,,,0.12349509447813034,12,0.24936002400207657,0.26041134518573766,0.05168684874661267
43,3,paint,test,rand_sel_same_norm,all,inject,0,,0.12349509447813034,12,0.09001382846489658,0.09848705530536896,
43,3,paint,test,rand_sel_same_norm,all,inject,1,,0.12349509447813034,12,0.12232710361623766,0.13143843290690244,
43,3,paint,test,rand_sel_same_norm,all,inject,2,,0.12349509447813034,12,0.13782613346383643,0.14517080232762875,
43,3,paint,test,sel_capped,all,remove,,,0.12349509447813034,12,0.2400207876439242,0.25008112937902116,0.3568404819816351
43,3,paint,test,attr,all,inject,,,0.12349509447813034,100,2.256921788902977,2.430317618476028,1.9006550312042236
43,3,paint,test,rand_attr_same_norm,all,inject,0,,0.12349509447813034,100,-0.004693750572770661,0.010164964195457184,
43,3,paint,test,rand_attr_same_norm,all,inject,1,,0.12349509447813034,100,0.7666258165572426,0.8089008336466621,
43,3,paint,test,rand_attr_same_norm,all,inject,2,,0.12349509447813034,100,0.0838419687785974,0.10266848309712853,
43,3,paint,test,attr,all,remove,,,0.12349509447813034,100,1.4646130723607986,1.7801117907122646,0.8040589280426502
43,3,paint,test,rand_attr_same_norm,all,remove,0,,0.12349509447813034,100,-0.21115844479029366,-0.19006046003523575,
43,3,paint,test,rand_attr_same_norm,all,remove,1,,0.12349509447813034,100,0.5611083187920585,0.6055807610669384,
43,3,paint,test,rand_attr_same_norm,all,remove,2,,0.12349509447813034,100,0.7648038208336261,0.7983744209447102,
43,3,paint,test,mlp_ceiling,all,inject,,,0.12349509447813034,,10.968890870962822,15.451743747337375,
43,3,paint,test,mlp_ceiling,all,remove,,,0.12349509447813034,,92.9385116865038,97.0411399147299,
43,3,paint,test,all_tc,all,inject,,,0.12349509447813034,73728,6.144692644102512,9.093011619920155,10.061290860176086
43,3,paint,test,k_attr_10,all,inject,,10,0.12349509447813034,10,0.08428841806186194,0.0920970035583253,0.17316933954134583
43,3,paint,test,k_random_10,all,inject,,10,0.12349509447813034,10,0.06830070724203052,0.07579899987815239,0.005633141699945554
43,3,paint,test,k_attr_30,all,inject,,30,0.12349509447813034,30,0.5899887609409515,0.6220091672010899,0.6299795582890511
43,3,paint,test,k_random_30,all,inject,,30,0.12349509447813034,30,0.1600219025605143,0.1676756243361025,0.014652976824436337
43,3,paint,test,k_attr_100,all,inject,,100,0.12349509447813034,100,2.256921788902977,2.430317618476028,1.9006550312042236
43,3,paint,test,k_random_100,all,inject,,100,0.12349509447813034,100,0.11331365457289966,0.12672861695384827,0.1470516435801983
43,3,paint,test,k_attr_300,all,inject,,300,0.12349509447813034,300,2.898807262474956,3.202453404680288,2.945750206708908
43,3,paint,test,k_random_300,all,inject,,300,0.12349509447813034,300,-0.050804721816555265,-0.02470114112957689,0.07062606164254248
43,3,paint,test,k_attr_1000,all,inject,,1000,0.12349509447813034,1000,3.6539520927340363,4.263917236621352,4.066890105605125
43,3,paint,test,k_random_1000,all,inject,,1000,0.12349509447813034,1000,0.37584996552989525,0.4320660763534263,0.0946139742154628
43,3,paint,test,k_attr_3000,all,inject,,3000,0.12349509447813034,3000,3.8840604996696615,4.750560909912187,4.8835329711437225
43,3,paint,test,k_random_3000,all,inject,,3000,0.12349509447813034,3000,1.177835771941882,1.3375767387559627,1.4457675628364086
44,3,cover,test,sel_capped,all,inject,,,0.9823436141014099,129,-0.040677165590352615,-0.03938208006886002,-0.08494468056596816
44,3,cover,test,rand_sel_same_norm,all,inject,0,,0.9823436141014099,129,0.003507070660979661,0.0037740681191490498,
44,3,cover,test,rand_sel_same_norm,all,inject,1,,0.9823436141014099,129,-0.026145272453570456,-0.02563542299744271,
44,3,cover,test,rand_sel_same_norm,all,inject,2,,0.9823436141014099,129,-0.018530439097985685,-0.01830420256914351,
44,3,cover,test,rand_sel_same_norm,all,inject,3,,0.9823436141014099,129,-0.021588507632830378,-0.02094770010847757,
44,3,cover,test,rand_sel_same_norm,all,inject,4,,0.9823436141014099,129,0.06494755078745307,0.06523916773041587,
44,3,cover,test,sel_uncapped,all,inject,,,0.9823436141014099,457,-0.4262122344463437,-0.41752888048029435,-0.49114017747342587
44,3,cover,test,sel_target,all,inject,,,0.9823436141014099,129,-0.10508470030716754,-0.10363480088839906,
44,3,cover,test,sel_xtask,all,inject,,,0.9823436141014099,126,-0.11698325665003839,-0.1156248065824974,-0.13194013154134154
44,3,cover,test,color,all,inject,,,0.9823436141014099,130,-0.0010011533893905522,-0.0005791897924703611,
44,3,cover,test,sel_capped,all,remove,,,0.9823436141014099,129,0.48947906105888395,1.082929349584093,0.09140581241808832
44,3,cover,test,attr,all,inject,,,0.9823436141014099,100,0.011376743061142225,0.024119387581737955,-0.08059556712396443
44,3,cover,test,rand_attr_same_norm,all,inject,0,,0.9823436141014099,100,-0.09930228103394168,-0.08750723127334563,
44,3,cover,test,rand_attr_same_norm,all,inject,1,,0.9823436141014099,100,0.007438873062914908,0.007899800714852736,
44,3,cover,test,rand_attr_same_norm,all,inject,2,,0.9823436141014099,100,0.0642437096167292,0.0646261966049101,
44,3,cover,test,rand_attr_same_norm,all,inject,3,,0.9823436141014099,100,0.014847408144325058,0.015083740487176617,
44,3,cover,test,rand_attr_same_norm,all,inject,4,,0.9823436141014099,100,-0.02505310511971004,-0.02480740946310238,
44,3,cover,test,attr,all,remove,,,0.9823436141014099,100,0.5326378735356352,0.5514209466242236,0.6848646327853203
44,3,cover,test,rand_attr_same_norm,all,remove,0,,0.9823436141014099,100,0.03541655959887757,0.037442663710833095,
44,3,cover,test,rand_attr_same_norm,all,remove,1,,0.9823436141014099,100,0.37936432341962867,0.9443355439589135,
44,3,cover,test,rand_attr_same_norm,all,remove,2,,0.9823436141014099,100,0.26856394739854794,0.275194687422633,
44,3,cover,test,attr_xtask,all,inject,,,0.9823436141014099,100,0.12822651259259965,0.13709462585657128,0.10481838835403323
44,3,cover,test,rand_attr_raw,all,inject,0,,0.9823436141014099,100,0.027267777768946733,0.02775094016789091,0.022650216124020517
44,3,cover,test,rand_attr_raw,all,inject,1,,0.9823436141014099,100,0.04700566853048649,0.04751436396729623,0.03150188131257892
44,3,cover,test,single_attr_0,all,inject,,,0.9823436141014099,1,0.0,0.0,0.0
44,3,cover,test,single_attr_1,all,inject,,,0.9823436141014099,1,0.0,0.0,0.0
44,3,cover,test,single_attr_2,all,inject,,,0.9823436141014099,1,-0.00629209736235925,-0.006219372003158155,-0.0028383756216499023
44,3,cover,test,mlp_ceiling,all,inject,,,0.9823436141014099,,76.52916623763704,92.87806147435074,
44,3,cover,test,mlp_ceiling,all,remove,,,0.9823436141014099,,87.80725776744858,99.68829117641212,
44,3,cover,test,all_tc,all,inject,,,0.9823436141014099,73728,8.671693346595477,13.129343846511098,1.4872761443257332
44,3,cover,test,tc_error,all,inject,,,0.9823436141014099,,1.1270499449942073,5.882320386577492,
44,3,cover,test,k_attr_10,all,inject,,10,0.9823436141014099,10,-0.015168990748182232,-0.015084679117963105,-0.006275818304857239
44,3,cover,test,k_random_10,all,inject,,10,0.9823436141014099,10,1.8202788898413758e-05,8.016731389586729e-05,0.005670070095220581
44,3,cover,test,k_magnitude_10,all,inject,,10,0.9823436141014099,10,-0.010915605742400913,0.0005561194389503206,0.01136534265242517
44,3,cover,test,k_oracle_10,all,inject,,10,0.9823436141014099,10,1.6933326400093263,1.7521767798702133,2.195224165916443
44,3,cover,test,k_attr_30,all,inject,,30,0.9823436141014099,30,-0.0607245037631543,-0.05991095672315851,-0.0854265468660742
44,3,cover,test,k_random_30,all,inject,,30,0.9823436141014099,30,0.02684304602800225,0.027075995145051268,0.019413299742154777
44,3,cover,test,k_magnitude_30,all,inject,,30,0.9823436141014099,30,0.04860751395350249,0.06306170313400733,0.054859311785548925
44,3,cover,test,k_oracle_30,all,inject,,30,0.9823436141014099,30,3.6273182844405394,4.525062051723172,3.845233842730522
44,3,cover,test,k_attr_100,all,inject,,100,0.9823436141014099,100,0.011376743061142225,0.024119387581737955,-0.08059556712396443
44,3,cover,test,k_random_100,all,inject,,100,0.9823436141014099,100,0.04317094766934648,0.043752340598847694,0.0356944598024711
44,3,cover,test,k_magnitude_100,all,inject,,100,0.9823436141014099,100,0.32941587068399114,0.35751841786402927,0.4198053851723671
44,3,cover,test,k_oracle_100,all,inject,,100,0.9823436141014099,100,5.776915963366525,7.036577310980557,6.8600572645664215
44,3,cover,test,k_attr_300,all,inject,,300,0.9823436141014099,300,0.09492754410217463,0.11325888345412374,-0.04200078547000885
44,3,cover,test,k_random_300,all,inject,,300,0.9823436141014099,300,-0.0414598855129622,-0.04054161446747107,-0.030335437622852623
44,3,cover,test,k_magnitude_300,all,inject,,300,0.9823436141014099,300,0.4093746547158439,0.4833173027401246,0.3691108198836446
44,3,cover,test,k_oracle_300,all,inject,,300,0.9823436141014099,300,8.522072489451638,10.380410720513797,11.461560428142548
44,3,cover,test,k_attr_1000,all,inject,,1000,0.9823436141014099,1000,-0.04365028777699731,-0.01589553699630694,-0.17191641964018345
44,3,cover,test,k_random_1000,all,inject,,1000,0.9823436141014099,1000,0.10520605223314217,0.11004088210692142,0.044080172665417194
44,3,cover,test,k_magnitude_1000,all,inject,,1000,0.9823436141014099,1000,0.6103091737626687,0.7242007311125126,0.5507484078407288
44,3,cover,test,k_oracle_1000,all,inject,,1000,0.9823436141014099,1000,14.377357526619605,18.340094945687238,19.988279044628143
44,3,cover,test,k_attr_3000,all,inject,,3000,0.9823436141014099,3000,0.31407091964311684,0.37181648908775156,-0.16215050127357244
44,3,cover,test,k_random_3000,all,inject,,3000,0.9823436141014099,3000,0.19925986246822625,0.2196247624211873,0.06721963873133063
44,3,cover,test,k_magnitude_3000,all,inject,,3000,0.9823436141014099,3000,0.95101077356331,1.1397079045582603,0.6740980315953493
44,3,cover,test,k_oracle_3000,all,inject,,3000,0.9823436141014099,3000,19.67554620956956,26.121963825223315,30.59004545211792
44,3,cover,test,k_attr_30,all,remove,,30,0.9823436141014099,30,0.3147990311990312,0.3179642562196292,0.2139946911484003
44,3,cover,test,k_attr_100,all,remove,,100,0.9823436141014099,100,0.5326378735356352,0.5514209466242236,0.6848646327853203
44,3,cover,test,k_attr_300,all,remove,,300,0.9823436141014099,300,0.7302776877919581,0.7618139410592208,0.9183227084577084
44,3,cover,test,k_attr_1000,all,remove,,1000,0.9823436141014099,1000,2.4443433043559115,3.853248239420712,1.8656864762306213
44,3,cover,test,mlp_ceiling,occluder_tokens,inject,,,0.9823436141014099,,2.0778119471092538,2.91688474372435,
44,3,cover,test,attr,occluder_tokens,inject,,,0.9823436141014099,,-0.022947649203852727,-0.021505471802325843,
44,3,cover,test,mlp_ceiling,other_tokens,inject,,,0.9823436141014099,,4.17839558312968,6.028705529221911,
44,3,cover,test,attr,other_tokens,inject,,,0.9823436141014099,,-0.008415756067092772,0.0038989994907895997,
44,3,paint,test,sel_capped,all,inject,,,0.19562755525112152,12,0.036828714789061134,0.041934690663179855,-0.05108750192448497
44,3,paint,test,rand_sel_same_norm,all,inject,0,,0.19562755525112152,12,0.21677526249885837,0.219370621191493,
44,3,paint,test,rand_sel_same_norm,all,inject,1,,0.19562755525112152,12,0.0,0.0,
44,3,paint,test,rand_sel_same_norm,all,inject,2,,0.19562755525112152,12,0.019796862406773474,0.022161021982698256,
44,3,paint,test,sel_capped,all,remove,,,0.19562755525112152,12,-0.22542829662508534,-0.22095970088664443,-0.5381753202527761
44,3,paint,test,attr,all,inject,,,0.19562755525112152,100,1.0765105695364596,1.1550967502994973,0.9220276959240437
44,3,paint,test,rand_attr_same_norm,all,inject,0,,0.19562755525112152,100,0.27164128786092423,0.2872943950895117,
44,3,paint,test,rand_attr_same_norm,all,inject,1,,0.19562755525112152,100,0.0740306678458924,0.09823104037147347,
44,3,paint,test,rand_attr_same_norm,all,inject,2,,0.19562755525112152,100,0.03855018108530617,0.06399196523659824,
44,3,paint,test,attr,all,remove,,,0.19562755525112152,100,31.198621181667786,43.87852876733279,8.294153958559036
44,3,paint,test,rand_attr_same_norm,all,remove,0,,0.19562755525112152,100,0.38707855210668995,0.4026789384196824,
44,3,paint,test,rand_attr_same_norm,all,remove,1,,0.19562755525112152,100,0.2894653194237873,0.3140805386334066,
44,3,paint,test,rand_attr_same_norm,all,remove,2,,0.19562755525112152,100,0.8237444740741506,0.8562132107462748,
44,3,paint,test,mlp_ceiling,all,inject,,,0.19562755525112152,,41.58423115544741,57.925660307341964,
44,3,paint,test,mlp_ceiling,all,remove,,,0.19562755525112152,,94.73503006053392,97.90912227535068,
44,3,paint,test,all_tc,all,inject,,,0.19562755525112152,73728,38.04737581886762,53.15863737666429,17.73236393928528
44,3,paint,test,k_attr_10,all,inject,,10,0.19562755525112152,10,-0.06334386601569708,-0.05735506173100074,0.021936923440080136
44,3,paint,test,k_random_10,all,inject,,10,0.19562755525112152,10,0.054980281974659206,0.057022169608169394,0.015489544603042305
44,3,paint,test,k_attr_30,all,inject,,30,0.19562755525112152,30,0.3888609552629707,0.4045500733987308,0.45063565485179424
44,3,paint,test,k_random_30,all,inject,,30,0.19562755525112152,30,0.03260122012351818,0.035166757925589105,-0.06423740414902568
44,3,paint,test,k_attr_100,all,inject,,100,0.19562755525112152,100,1.0765105695364596,1.1550967502994973,0.9220276959240437
44,3,paint,test,k_random_100,all,inject,,100,0.19562755525112152,100,-0.027581546277399838,-0.01820021237000988,-0.09062655153684318
44,3,paint,test,k_attr_300,all,inject,,300,0.19562755525112152,300,1.1470830705748614,1.2888769773478517,0.8422857150435448
44,3,paint,test,k_random_300,all,inject,,300,0.19562755525112152,300,-0.35900951094893774,-0.3466322743168806,-0.41444897651672363
44,3,paint,test,k_attr_1000,all,inject,,1000,0.19562755525112152,1000,3.0460279716945204,3.475483567270873,2.32828576117754
44,3,paint,test,k_random_1000,all,inject,,1000,0.19562755525112152,1000,0.22842181987475785,0.25298521983699485,0.3002358600497246
44,3,paint,test,k_attr_3000,all,inject,,3000,0.19562755525112152,3000,35.130191220628525,48.50504820080195,7.827480137348175
44,3,paint,test,k_random_3000,all,inject,,3000,0.19562755525112152,3000,0.24166796982680872,0.33024856548876974,-0.03702326794154942
45,3,cover,test,sel_capped,all,inject,,,0.485381156206131,129,0.04544201709751894,0.056344827443531906,-0.13772147940471768
45,3,cover,test,rand_sel_same_norm,all,inject,0,,0.485381156206131,129,0.16213240149670627,0.16571214322135847,
45,3,cover,test,rand_sel_same_norm,all,inject,1,,0.485381156206131,129,0.14769116055448617,0.15381311018673086,
45,3,cover,test,rand_sel_same_norm,all,inject,2,,0.485381156206131,129,0.3914976211555343,0.3976294571076397,
45,3,cover,test,rand_sel_same_norm,all,inject,3,,0.485381156206131,129,0.14887003736610005,0.15646321087176288,
45,3,cover,test,rand_sel_same_norm,all,inject,4,,0.485381156206131,129,0.10305962126494483,0.10809706625310118,
45,3,cover,test,sel_uncapped,all,inject,,,0.485381156206131,457,-0.272768762269604,-0.2491231984808977,-0.8354161866009235
45,3,cover,test,sel_target,all,inject,,,0.485381156206131,129,-0.09683367810362498,-0.0859202369743713,
45,3,cover,test,sel_xtask,all,inject,,,0.485381156206131,126,-0.25774422290496535,-0.22978339805182513,-0.1940967165865004
45,3,cover,test,color,all,inject,,,0.485381156206131,130,0.05626680782079285,0.05849874806126724,
45,3,cover,test,sel_capped,all,remove,,,0.485381156206131,129,0.7966874052792394,1.0620811594729884,1.2819813564419746
45,3,cover,test,attr,all,inject,,,0.485381156206131,100,1.60906860811304,1.673685681907468,1.2499133124947548
45,3,cover,test,rand_attr_same_norm,all,inject,0,,0.485381156206131,100,-0.21660633416651365,-0.19168865248369674,
45,3,cover,test,rand_attr_same_norm,all,inject,1,,0.485381156206131,100,0.05234335843214977,0.055075196856319904,
45,3,cover,test,rand_attr_same_norm,all,inject,2,,0.485381156206131,100,0.014484220825972116,0.017145411688883852,
45,3,cover,test,rand_attr_same_norm,all,inject,3,,0.485381156206131,100,0.5834457820125372,0.5903848867968817,
45,3,cover,test,rand_attr_same_norm,all,inject,4,,0.485381156206131,100,-0.07898474637786368,-0.07761167400824504,
45,3,cover,test,attr,all,remove,,,0.485381156206131,100,1.3414328719606572,1.6475611336346296,1.2022149749100208
45,3,cover,test,rand_attr_same_norm,all,remove,0,,0.485381156206131,100,-1.5081641210193286,-1.4353197439073158,
45,3,cover,test,rand_attr_same_norm,all,remove,1,,0.485381156206131,100,-0.4418025051009522,-0.4063193759378503,
45,3,cover,test,rand_attr_same_norm,all,remove,2,,0.485381156206131,100,0.08923237866210743,0.1254780333615394,
45,3,cover,test,attr_xtask,all,inject,,,0.485381156206131,100,1.0294664557050193,1.0931694239626306,0.05659275921061635
45,3,cover,test,rand_attr_raw,all,inject,0,,0.485381156206131,100,-0.03738021890145049,-0.03168468532735404,-0.06008056807331741
45,3,cover,test,rand_attr_raw,all,inject,1,,0.485381156206131,100,0.1887123896084697,0.19004952523658022,0.2366639208048582
45,3,cover,test,single_attr_0,all,inject,,,0.485381156206131,1,0.0,0.0,0.0
45,3,cover,test,single_attr_1,all,inject,,,0.485381156206131,1,0.0,0.0,0.0
45,3,cover,test,single_attr_2,all,inject,,,0.485381156206131,1,0.0,0.0,0.0
45,3,cover,test,mlp_ceiling,all,inject,,,0.485381156206131,,90.0516166913975,103.7534550917185,
45,3,cover,test,mlp_ceiling,all,remove,,,0.485381156206131,,76.43524414323869,102.62407473305328,
45,3,cover,test,all_tc,all,inject,,,0.485381156206131,73728,66.04889735415222,96.71062870132224,15.95599353313446
45,3,cover,test,tc_error,all,inject,,,0.485381156206131,,-4.745034426579897,35.67860897364369,
45,3,cover,test,k_attr_10,all,inject,,10,0.485381156206131,10,-0.001614815632566824,-0.0006300377284935865,-0.006569625111296773
45,3,cover,test,k_random_10,all,inject,,10,0.485381156206131,10,0.07990574388692107,0.08075827100601853,0.037267166771925986
45,3,cover,test,k_magnitude_10,all,inject,,10,0.485381156206131,10,1.5635713311649813,1.649751070090735,1.3807202689349651
45,3,cover,test,k_oracle_10,all,inject,,10,0.485381156206131,10,5.228263399638811,5.550445125547259,5.068831518292427
45,3,cover,test,k_attr_30,all,inject,,30,0.485381156206131,30,0.09049721524123644,0.09477482028989369,-0.12819119729101658
45,3,cover,test,k_random_30,all,inject,,30,0.485381156206131,30,0.09788361526397171,0.1003058808346569,0.1526899402961135
45,3,cover,test,k_magnitude_30,all,inject,,30,0.485381156206131,30,1.8254723228275593,1.9406005961160855,1.7589680850505829
45,3,cover,test,k_oracle_30,all,inject,,30,0.485381156206131,30,10.647713602193786,11.595966242294338,10.972757637500763
45,3,cover,test,k_attr_100,all,inject,,100,0.485381156206131,100,1.60906860811304,1.673685681907468,1.2499133124947548
45,3,cover,test,k_random_100,all,inject,,100,0.485381156206131,100,-0.09397858582551599,-0.09111911330392353,-0.039958927663974464
45,3,cover,test,k_magnitude_100,all,inject,,100,0.485381156206131,100,3.141350583903213,3.2792468182253045,2.809390611946583
45,3,cover,test,k_oracle_100,all,inject,,100,0.485381156206131,100,26.203177330886597,32.09445499530809,22.88176864385605
45,3,cover,test,k_attr_300,all,inject,,300,0.485381156206131,300,1.110489676569626,1.1866807081668125,0.7307558786123991
45,3,cover,test,k_random_300,all,inject,,300,0.485381156206131,300,-0.32238596807490083,-0.3123821542974522,-0.44840737245976925
45,3,cover,test,k_magnitude_300,all,inject,,300,0.485381156206131,300,5.13276823791502,5.441589034084317,4.213234037160873
45,3,cover,test,k_oracle_300,all,inject,,300,0.485381156206131,300,43.12055691614176,53.85519490168452,41.30833148956299
45,3,cover,test,k_attr_1000,all,inject,,1000,0.485381156206131,1000,2.745008515849967,2.955841721131144,1.8874123692512512
45,3,cover,test,k_random_1000,all,inject,,1000,0.485381156206131,1000,-0.45033094203492663,-0.4170123753442138,-0.5531085189431906
45,3,cover,test,k_magnitude_1000,all,inject,,1000,0.485381156206131,1000,6.4850934404162786,7.050152008306469,6.335003674030304
45,3,cover,test,k_oracle_1000,all,inject,,1000,0.485381156206131,1000,60.94571462622022,81.50980730687247,74.49183464050293
45,3,cover,test,k_attr_3000,all,inject,,3000,0.485381156206131,3000,11.646645920481447,13.388081397769533,2.1816041320562363
45,3,cover,test,k_random_3000,all,inject,,3000,0.485381156206131,3000,1.6282560562186688,1.786984967656252,1.2928730808198452
45,3,cover,test,k_magnitude_3000,all,inject,,3000,0.485381156206131,3000,11.77254627997133,13.9001263605479,8.364986628293991
45,3,cover,test,k_oracle_3000,all,inject,,3000,0.485381156206131,3000,53.9094717164428,100.59144360426137,114.48737382888794
45,3,cover,test,k_attr_30,all,remove,,30,0.485381156206131,30,0.43665105903354373,0.499553014712672,0.3219730220735073
45,3,cover,test,k_attr_100,all,remove,,100,0.485381156206131,100,1.3414328719606572,1.6475611336346296,1.2022149749100208
45,3,cover,test,k_attr_300,all,remove,,300,0.485381156206131,300,0.2858837667987668,0.6380427861885525,-0.005329563282430172
45,3,cover,test,k_attr_1000,all,remove,,1000,0.485381156206131,1000,3.653590978497845,4.968470235184024,1.0655376128852367
45,3,cover,test,mlp_ceiling,occluder_tokens,inject,,,0.485381156206131,,38.73694033207118,92.96584314415614,
45,3,cover,test,attr,occluder_tokens,inject,,,0.485381156206131,,0.3281084325979289,0.3423956541251718,
45,3,cover,test,mlp_ceiling,other_tokens,inject,,,0.485381156206131,,17.76581477057737,30.540702308168736,
45,3,cover,test,attr,other_tokens,inject,,,0.485381156206131,,1.0864270816493105,1.1159333132139067,
45,3,paint,test,sel_capped,all,inject,,,0.21573740243911743,12,-1.4436908356548095,-1.426515952168522,-1.5382439829409122
45,3,paint,test,rand_sel_same_norm,all,inject,0,,0.21573740243911743,12,-0.023145634737442577,-0.019107847774485664,
45,3,paint,test,rand_sel_same_norm,all,inject,1,,0.21573740243911743,12,0.0,0.0,
45,3,paint,test,rand_sel_same_norm,all,inject,2,,0.21573740243911743,12,-0.1898618942592023,-0.18619975302188602,
45,3,paint,test,sel_capped,all,remove,,,0.21573740243911743,12,-0.07597791170150803,-0.06834544797224672,2.1231846883893013
45,3,paint,test,attr,all,inject,,,0.21573740243911743,100,0.7556832168660987,0.9666736699720512,-0.7362028583884239
45,3,paint,test,rand_attr_same_norm,all,inject,0,,0.21573740243911743,100,1.1862293212299146,1.2180435772444826,
45,3,paint,test,rand_attr_same_norm,all,inject,1,,0.21573740243911743,100,0.2759379611341206,0.30420939359864224,
45,3,paint,test,rand_attr_same_norm,all,inject,2,,0.21573740243911743,100,-0.17662101637447858,-0.1566539295422107,
45,3,paint,test,attr,all,remove,,,0.21573740243911743,100,47.05739274750772,99.56003142632669,198.7531065940857
45,3,paint,test,rand_attr_same_norm,all,remove,0,,0.21573740243911743,100,-3.0082901571582443,-2.90825080849026,
45,3,paint,test,rand_attr_same_norm,all,remove,1,,0.21573740243911743,100,-0.8203887693042589,-0.7653340829138668,
45,3,paint,test,rand_attr_same_norm,all,remove,2,,0.21573740243911743,100,4.184145039899456,4.274135571112602,
45,3,paint,test,mlp_ceiling,all,inject,,,0.21573740243911743,,43.942491766066496,56.515553338695945,
45,3,paint,test,mlp_ceiling,all,remove,,,0.21573740243911743,,95.36685701551026,102.59209822249231,
45,3,paint,test,all_tc,all,inject,,,0.21573740243911743,73728,24.504333918225107,28.334630079116128,3.5658616572618484
45,3,paint,test,k_attr_10,all,inject,,10,0.21573740243911743,10,-0.753424600763708,-0.734040989168221,-0.8017659187316895
45,3,paint,test,k_random_10,all,inject,,10,0.21573740243911743,10,0.5513164485548061,0.5552956148624044,0.003681701491586864
45,3,paint,test,k_attr_30,all,inject,,30,0.21573740243911743,30,-0.557643336474678,-0.5075802913960479,-1.3717405498027802
45,3,paint,test,k_random_30,all,inject,,30,0.21573740243911743,30,-0.26369170318440993,-0.2588207070396611,0.015218838234432042
45,3,paint,test,k_attr_100,all,inject,,100,0.21573740243911743,100,0.7556832168660987,0.9666736699720512,-0.7362028583884239
45,3,paint,test,k_random_100,all,inject,,100,0.21573740243911743,100,0.4315959809618741,0.4385485199534928,0.0762288982514292
45,3,paint,test,k_attr_300,all,inject,,300,0.21573740243911743,300,1.0224623860987547,1.3161201307634935,-0.9749532677233219
45,3,paint,test,k_random_300,all,inject,,300,0.21573740243911743,300,-1.0919614540569889,-1.0694720576164933,-1.2224179692566395
45,3,paint,test,k_attr_1000,all,inject,,1000,0.21573740243911743,1000,3.431811758231107,4.045131144028354,-3.733029216527939
45,3,paint,test,k_random_1000,all,inject,,1000,0.21573740243911743,1000,-0.7323372767250813,-0.7056203391795199,0.06812283536419272
45,3,paint,test,k_attr_3000,all,inject,,3000,0.21573740243911743,3000,9.74649486264989,10.804117036136763,-2.0679816603660583
45,3,paint,test,k_random_3000,all,inject,,3000,0.21573740243911743,3000,0.281007759969476,0.3787780161487294,0.42104865424335003
46,3,cover,test,sel_capped,all,inject,,,0.7885586619377136,129,0.2662167940468474,0.27367933792829197,0.3088589059188962
46,3,cover,test,rand_sel_same_norm,all,inject,0,,0.7885586619377136,129,-0.002978120864693956,-0.001306290154999226,
46,3,cover,test,rand_sel_same_norm,all,inject,1,,0.7885586619377136,129,0.15333543111964998,0.15831971024950417,
46,3,cover,test,rand_sel_same_norm,all,inject,2,,0.7885586619377136,129,-0.20112142123789312,-0.1985944042419258,
46,3,cover,test,rand_sel_same_norm,all,inject,3,,0.7885586619377136,129,0.16007021713599912,0.16177296108935968,
46,3,cover,test,rand_sel_same_norm,all,inject,4,,0.7885586619377136,129,0.23595938840886843,0.23872975331462126,
46,3,cover,test,sel_uncapped,all,inject,,,0.7885586619377136,457,2.8933578002843463,3.946758619824151,0.6979331374168396
46,3,cover,test,sel_target,all,inject,,,0.7885586619377136,129,0.30910475797136794,0.31602836235259935,
46,3,cover,test,sel_xtask,all,inject,,,0.7885586619377136,126,0.6184891871914511,0.6358907914076312,0.41420976631343365
46,3,cover,test,color,all,inject,,,0.7885586619377136,130,-0.30532541677252834,-0.303476748205588,
46,3,cover,test,sel_capped,all,remove,,,0.7885586619377136,129,0.1888310036592289,0.19952087815887046,0.33017562236636877
46,3,cover,test,attr,all,inject,,,0.7885586619377136,100,2.9504182937045487,3.9738603303277364,0.5756822414696217
46,3,cover,test,rand_attr_same_norm,all,inject,0,,0.7885586619377136,100,0.05905598557319758,0.06473402715914865,
46,3,cover,test,rand_attr_same_norm,all,inject,1,,0.7885586619377136,100,-0.11759798074335581,-0.11701670388023194,
46,3,cover,test,rand_attr_same_norm,all,inject,2,,0.7885586619377136,100,0.03808820060199336,0.04225844885713679,
46,3,cover,test,rand_attr_same_norm,all,inject,3,,0.7885586619377136,100,0.18442429182137232,0.18840278035093605,
46,3,cover,test,rand_attr_same_norm,all,inject,4,,0.7885586619377136,100,0.07841377119369719,0.08001089162397161,
46,3,cover,test,attr,all,remove,,,0.7885586619377136,100,-0.5559032969385314,-0.5121524479169004,-0.7803541142493486
46,3,cover,test,rand_attr_same_norm,all,remove,0,,0.7885586619377136,100,0.11115042465811298,0.11298593024267119,
46,3,cover,test,rand_attr_same_norm,all,remove,1,,0.7885586619377136,100,0.04477763452395145,0.04838476071396796,
46,3,cover,test,rand_attr_same_norm,all,remove,2,,0.7885586619377136,100,0.07969874720130665,0.08924350587383532,
46,3,cover,test,attr_xtask,all,inject,,,0.7885586619377136,100,2.7075502695841913,3.7045263191178845,0.6108273286372423
46,3,cover,test,rand_attr_raw,all,inject,0,,0.7885586619377136,100,0.09639587661781635,0.09814524440678256,0.12301473179832101
46,3,cover,test,rand_attr_raw,all,inject,1,,0.7885586619377136,100,-0.07847424065288156,-0.07755937410346005,-0.058967259246855974
46,3,cover,test,single_attr_0,all,inject,,,0.7885586619377136,1,0.0,0.0,0.0
46,3,cover,test,single_attr_1,all,inject,,,0.7885586619377136,1,0.0,0.0,0.0
46,3,cover,test,single_attr_2,all,inject,,,0.7885586619377136,1,-0.03494378872455073,-0.03473376157123719,-6.492985562545073e-05
46,3,cover,test,mlp_ceiling,all,inject,,,0.7885586619377136,,70.07963978947859,85.36656092110813,
46,3,cover,test,mlp_ceiling,all,remove,,,0.7885586619377136,,65.70175298694562,82.86488667875187,
46,3,cover,test,all_tc,all,inject,,,0.7885586619377136,73728,59.77096512053566,77.41957466952644,7.9764969646930695
46,3,cover,test,tc_error,all,inject,,,0.7885586619377136,,21.109117214679962,30.94898342359846,
46,3,cover,test,k_attr_10,all,inject,,10,0.7885586619377136,10,-0.05619880362686125,-0.05542486289577288,-0.058062473544850945
46,3,cover,test,k_random_10,all,inject,,10,0.7885586619377136,10,-0.015351683949726969,-0.01518876913041426,-0.004577411527861841
46,3,cover,test,k_magnitude_10,all,inject,,10,0.7885586619377136,10,0.3987053791136508,0.4282306280501639,0.34481449984014034
46,3,cover,test,k_oracle_10,all,inject,,10,0.7885586619377136,10,4.3231279279028705,5.396874312915616,2.0164955407381058
46,3,cover,test,k_attr_30,all,inject,,30,0.7885586619377136,30,-0.02919919010229144,-0.0261101891018794,0.011819845531135798
46,3,cover,test,k_random_30,all,inject,,30,0.7885586619377136,30,-0.09631273111143646,-0.09521452332241337,-0.04252042854204774
46,3,cover,test,k_magnitude_30,all,inject,,30,0.7885586619377136,30,3.171464401742763,4.205525203096535,0.8703727275133133
46,3,cover,test,k_oracle_30,all,inject,,30,0.7885586619377136,30,7.049287673550186,8.503907582102377,4.578370228409767
46,3,cover,test,k_attr_100,all,inject,,100,0.7885586619377136,100,2.9504182937045487,3.9738603303277364,0.5756822414696217
46,3,cover,test,k_random_100,all,inject,,100,0.7885586619377136,100,0.14810482290045224,0.15064801653812113,0.14071372570469975
46,3,cover,test,k_magnitude_100,all,inject,,100,0.7885586619377136,100,3.891701012689597,4.98510832235868,1.606816053390503
46,3,cover,test,k_oracle_100,all,inject,,100,0.7885586619377136,100,15.37601534835813,18.726239500228843,10.258837044239044
46,3,cover,test,k_attr_300,all,inject,,300,0.7885586619377136,300,3.4525415653834712,4.5161337929974605,1.0360665619373322
46,3,cover,test,k_random_300,all,inject,,300,0.7885586619377136,300,-0.04894246852507056,-0.045832442015161005,-0.016225918079726398
46,3,cover,test,k_magnitude_300,all,inject,,300,0.7885586619377136,300,4.1025882515853045,5.292987416960944,1.989457942545414
46,3,cover,test,k_oracle_300,all,inject,,300,0.7885586619377136,300,30.603358972635984,38.86081268901832,20.77043354511261
46,3,cover,test,k_attr_1000,all,inject,,1000,0.7885586619377136,1000,6.689872325539747,9.066330845994383,2.060607634484768
46,3,cover,test,k_random_1000,all,inject,,1000,0.7885586619377136,1000,2.6363399227154916,3.6073076034019933,0.47581628896296024
46,3,cover,test,k_magnitude_1000,all,inject,,1000,0.7885586619377136,1000,7.5749184474859454,9.965243170381223,2.283472940325737
46,3,cover,test,k_oracle_1000,all,inject,,1000,0.7885586619377136,1000,49.08761790316255,63.19926260421247,40.34179449081421
46,3,cover,test,k_attr_3000,all,inject,,3000,0.7885586619377136,3000,11.944434009263471,16.291210690359954,5.060506239533424
46,3,cover,test,k_random_3000,all,inject,,3000,0.7885586619377136,3000,3.3837726729292417,4.39300064684087,1.0789397172629833
46,3,cover,test,k_magnitude_3000,all,inject,,3000,0.7885586619377136,3000,9.421950519504463,12.111205764385584,3.2516401261091232
46,3,cover,test,k_oracle_3000,all,inject,,3000,0.7885586619377136,3000,64.70112705245627,84.7823008184437,65.19678235054016
46,3,cover,test,k_attr_30,all,remove,,30,0.7885586619377136,30,-0.29724518528937427,-0.29107461215839286,-0.29804641380906105
46,3,cover,test,k_attr_100,all,remove,,100,0.7885586619377136,100,-0.5559032969385314,-0.5121524479169004,-0.7803541142493486
46,3,cover,test,k_attr_300,all,remove,,300,0.7885586619377136,300,0.29885518464009,0.3924923807687745,0.16268397448584437
46,3,cover,test,k_attr_1000,all,remove,,1000,0.7885586619377136,1000,5.5397961226831605,7.070046167162863,2.9556037858128548
46,3,cover,test,mlp_ceiling,occluder_tokens,inject,,,0.7885586619377136,,40.318503223664656,56.633189765415366,
46,3,cover,test,attr,occluder_tokens,inject,,,0.7885586619377136,,2.831104492056924,3.8187983553162943,
46,3,cover,test,mlp_ceiling,other_tokens,inject,,,0.7885586619377136,,12.853932468766205,19.767694666430348,
46,3,cover,test,attr,other_tokens,inject,,,0.7885586619377136,,0.13359215269687086,0.1471269692460679,
46,3,paint,test,sel_capped,all,inject,,,0.13613079488277435,12,0.3210851458522179,0.34401976698998576,0.32262327149510384
46,3,paint,test,rand_sel_same_norm,all,inject,0,,0.13613079488277435,12,-0.04344550314960838,-0.037304897598544,
46,3,paint,test,rand_sel_same_norm,all,inject,1,,0.13613079488277435,12,0.0,0.0,
46,3,paint,test,rand_sel_same_norm,all,inject,2,,0.13613079488277435,12,-0.05458874381634171,-0.0433258104078642,
46,3,paint,test,sel_capped,all,remove,,,0.13613079488277435,12,0.24596131412740752,0.28359202556077495,0.021505291806533933
46,3,paint,test,attr,all,inject,,,0.13613079488277435,100,0.6133817622805293,0.7837569385589793,0.31981137581169605
46,3,paint,test,rand_attr_same_norm,all,inject,0,,0.13613079488277435,100,-0.4525053299827775,-0.39793574585061237,
46,3,paint,test,rand_attr_same_norm,all,inject,1,,0.13613079488277435,100,0.22389375697204894,0.2667630632635135,
46,3,paint,test,rand_attr_same_norm,all,inject,2,,0.13613079488277435,100,-0.4535342736199821,-0.419232001669871,
46,3,paint,test,attr,all,remove,,,0.13613079488277435,100,-0.6646647510071269,0.5083885651658461,-0.36275230813771486
46,3,paint,test,rand_attr_same_norm,all,remove,0,,0.13613079488277435,100,-0.43719158372268474,-0.385768495766288,
46,3,paint,test,rand_attr_same_norm,all,remove,1,,0.13613079488277435,100,0.489175129819297,0.5708461296250443,
46,3,paint,test,rand_attr_same_norm,all,remove,2,,0.13613079488277435,100,-1.0483293731773813,-0.9915589871615339,
46,3,paint,test,mlp_ceiling,all,inject,,,0.13613079488277435,,93.49864288901978,99.55965366901118,
46,3,paint,test,mlp_ceiling,all,remove,,,0.13613079488277435,,14.434464664159908,25.83144712550455,
46,3,paint,test,all_tc,all,inject,,,0.13613079488277435,73728,7.883623847542076,21.2652129265692,14.649149775505066
46,3,paint,test,k_attr_10,all,inject,,10,0.13613079488277435,10,0.7388253163481795,0.765563943915741,0.6405780091881752
46,3,paint,test,k_random_10,all,inject,,10,0.13613079488277435,10,-0.21759968685084452,-0.20942881899925658,-0.001782932667993009
46,3,paint,test,k_attr_30,all,inject,,30,0.13613079488277435,30,0.7570617003862856,0.907693483827085,0.4933581221848726
46,3,paint,test,k_random_30,all,inject,,30,0.13613079488277435,30,0.010300382580952228,0.02843665736871674,0.07253673975355923
46,3,paint,test,k_attr_100,all,inject,,100,0.13613079488277435,100,0.6133817622805293,0.7837569385589793,0.31981137581169605
46,3,paint,test,k_random_100,all,inject,,100,0.13613079488277435,100,0.057369080878577616,0.07634717173679674,0.13044887455180287
46,3,paint,test,k_attr_300,all,inject,,300,0.13613079488277435,300,1.1054357450422159,1.4619234491607564,0.37155491299927235
46,3,paint,test,k_random_300,all,inject,,300,0.13613079488277435,300,-0.4322438972969689,-0.40089938166838307,-0.36552553065121174
46,3,paint,test,k_attr_1000,all,inject,,1000,0.13613079488277435,1000,3.6023754586872014,4.793136950598166,3.2516516745090485
46,3,paint,test,k_random_1000,all,inject,,1000,0.13613079488277435,1000,-0.38478113547870674,-0.3104902104233065,0.10446248343214393
46,3,paint,test,k_attr_3000,all,inject,,3000,0.13613079488277435,3000,5.633816692377492,8.062438466053552,4.066672548651695
46,3,paint,test,k_random_3000,all,inject,,3000,0.13613079488277435,3000,-1.941529073732906,-1.5506154754714074,-1.2348616495728493
47,3,cover,test,sel_capped,all,inject,,,0.6119406223297119,129,0.2313215787802414,0.2430392757361249,0.2667476190254092
47,3,cover,test,rand_sel_same_norm,all,inject,0,,0.6119406223297119,129,0.03420781442066145,0.036507055460503805,
47,3,cover,test,rand_sel_same_norm,all,inject,1,,0.6119406223297119,129,-0.03879547973733022,-0.03653385573047526,
47,3,cover,test,rand_sel_same_norm,all,inject,2,,0.6119406223297119,129,0.1337143725418044,0.1349696499497117,
47,3,cover,test,rand_sel_same_norm,all,inject,3,,0.6119406223297119,129,0.07671433552879359,0.07841520806922614,
47,3,cover,test,rand_sel_same_norm,all,inject,4,,0.6119406223297119,129,0.05120457870426698,0.05567281560630961,
47,3,cover,test,sel_uncapped,all,inject,,,0.6119406223297119,457,0.6018315596308832,0.6325539049368919,0.27100283186882734
47,3,cover,test,sel_target,all,inject,,,0.6119406223297119,129,0.40667558875038257,0.4216524874401491,
47,3,cover,test,sel_xtask,all,inject,,,0.6119406223297119,126,0.06633121190338098,0.0683408760205661,-0.01405640650773421
47,3,cover,test,color,all,inject,,,0.6119406223297119,130,0.03344807366758573,0.036913388369039055,
47,3,cover,test,sel_capped,all,remove,,,0.6119406223297119,129,0.11250981331806242,0.12783557668497242,0.2583038993179798
47,3,cover,test,attr,all,inject,,,0.6119406223297119,100,0.5008444810678414,0.5269624443199251,0.219093170017004
47,3,cover,test,rand_attr_same_norm,all,inject,0,,0.6119406223297119,100,-0.08157472829528611,-0.07634260269627427,
47,3,cover,test,rand_attr_same_norm,all,inject,1,,0.6119406223297119,100,0.264604067924723,0.2691827415517809,
47,3,cover,test,rand_attr_same_norm,all,inject,2,,0.6119406223297119,100,-0.033292229410530894,-0.026834895158512635,
47,3,cover,test,rand_attr_same_norm,all,inject,3,,0.6119406223297119,100,0.16825335600867408,0.16911802015894922,
47,3,cover,test,rand_attr_same_norm,all,inject,4,,0.6119406223297119,100,0.12641891325902987,0.12726133634741038,
47,3,cover,test,attr,all,remove,,,0.6119406223297119,100,0.29218850142110897,0.38598105240274927,0.39899437688291073
47,3,cover,test,rand_attr_same_norm,all,remove,0,,0.6119406223297119,100,-0.672360826208318,-0.651697705289952,
47,3,cover,test,rand_attr_same_norm,all,remove,1,,0.6119406223297119,100,-1.0045526003588323,-0.9785206336290946,
47,3,cover,test,rand_attr_same_norm,all,remove,2,,0.6119406223297119,100,-0.0700422532741829,-0.047070670791953706,
47,3,cover,test,attr_xtask,all,inject,,,0.6119406223297119,100,0.5022373391151524,0.524029712009107,0.3839251585304737
47,3,cover,test,rand_attr_raw,all,inject,0,,0.6119406223297119,100,0.8403024937029158,0.8636669269465077,0.7301318924874067
47,3,cover,test,rand_attr_raw,all,inject,1,,0.6119406223297119,100,0.31151318929427685,0.3146735408345192,0.27753158938139677
47,3,cover,test,single_attr_0,all,inject,,,0.6119406223297119,1,0.0,0.0,0.0
47,3,cover,test,single_attr_1,all,inject,,,0.6119406223297119,1,0.0,0.0,0.0
47,3,cover,test,single_attr_2,all,inject,,,0.6119406223297119,1,0.0,0.0,0.0
47,3,cover,test,mlp_ceiling,all,inject,,,0.6119406223297119,,75.54958720752416,86.89731023079064,
47,3,cover,test,mlp_ceiling,all,remove,,,0.6119406223297119,,92.56974761022572,98.0741193318845,
47,3,cover,test,all_tc,all,inject,,,0.6119406223297119,73728,57.66483452261981,69.41127820065329,1.2088462710380554
47,3,cover,test,tc_error,all,inject,,,0.6119406223297119,,17.63997249348863,34.256385694442486,
47,3,cover,test,k_attr_10,all,inject,,10,0.6119406223297119,10,0.07083121482546195,0.07467347085423634,0.008565672760596499
47,3,cover,test,k_random_10,all,inject,,10,0.6119406223297119,10,-0.0007500004870042432,-0.0004470578998564762,0.01794788258848712
47,3,cover,test,k_magnitude_10,all,inject,,10,0.6119406223297119,10,-0.015321438520410346,0.01378029577782304,-0.05959034897387028
47,3,cover,test,k_oracle_10,all,inject,,10,0.6119406223297119,10,3.480294467723677,3.833964842779062,4.056234657764435
47,3,cover,test,k_attr_30,all,inject,,30,0.6119406223297119,30,0.4048151979319514,0.4128242755696421,0.22291778586804867
47,3,cover,test,k_random_30,all,inject,,30,0.6119406223297119,30,0.06345783341418221,0.06608844819772412,0.042969148489646614
47,3,cover,test,k_magnitude_30,all,inject,,30,0.6119406223297119,30,0.03288313823580635,0.07870288533344828,-0.07311328663490713
47,3,cover,test,k_oracle_30,all,inject,,30,0.6119406223297119,30,6.0705429029499385,6.543908456316237,7.467883825302124
47,3,cover,test,k_attr_100,all,inject,,100,0.6119406223297119,100,0.5008444810678414,0.5269624443199251,0.219093170017004
47,3,cover,test,k_random_100,all,inject,,100,0.6119406223297119,100,0.16490270448227262,0.1702840436558215,0.028181110974401236
47,3,cover,test,k_magnitude_100,all,inject,,100,0.6119406223297119,100,0.2606300393701577,0.33310680574495083,-0.039929558988660574
47,3,cover,test,k_oracle_100,all,inject,,100,0.6119406223297119,100,12.906544095158502,14.302553835374999,15.353840589523315
47,3,cover,test,k_attr_300,all,inject,,300,0.6119406223297119,300,0.9572830891448669,0.9949615433333338,0.7901099510490894
47,3,cover,test,k_random_300,all,inject,,300,0.6119406223297119,300,0.25010081175377286,0.25459871053788746,0.2407928230240941
47,3,cover,test,k_magnitude_300,all,inject,,300,0.6119406223297119,300,0.028782486222389547,0.2585926982947615,-0.7618020288646221
47,3,cover,test,k_oracle_300,all,inject,,300,0.6119406223297119,300,26.929795084282524,31.457715741117063,29.130160808563232
47,3,cover,test,k_attr_1000,all,inject,,1000,0.6119406223297119,1000,1.398702206949487,1.5692888332613655,0.9903873316943645
47,3,cover,test,k_random_1000,all,inject,,1000,0.6119406223297119,1000,0.3137534504892514,0.33922171269267626,0.07708171615377069
47,3,cover,test,k_magnitude_1000,all,inject,,1000,0.6119406223297119,1000,1.1060169519590546,1.5789594643932172,-0.4252020735293627
47,3,cover,test,k_oracle_1000,all,inject,,1000,0.6119406223297119,1000,42.3379658038739,52.31230134840636,54.63983416557312
47,3,cover,test,k_attr_3000,all,inject,,3000,0.6119406223297119,3000,3.4108950720097897,3.912155029767251,1.810559630393982
47,3,cover,test,k_random_3000,all,inject,,3000,0.6119406223297119,3000,1.0000720779688832,1.1287958782512035,0.30296805780380964
47,3,cover,test,k_magnitude_3000,all,inject,,3000,0.6119406223297119,3000,2.376819725207613,3.346632849302862,-2.413906529545784
47,3,cover,test,k_oracle_3000,all,inject,,3000,0.6119406223297119,3000,58.02634449762629,70.06659197834372,86.23088598251343
47,3,cover,test,k_attr_30,all,remove,,30,0.6119406223297119,30,-0.35694179022194295,-0.3382116418114359,-0.20415592007339
47,3,cover,test,k_attr_100,all,remove,,100,0.6119406223297119,100,0.29218850142110897,0.38598105240274927,0.39899437688291073
47,3,cover,test,k_attr_300,all,remove,,300,0.6119406223297119,300,-0.5443737301128015,-0.3673210837556623,-0.1681123860180378
47,3,cover,test,k_attr_1000,all,remove,,1000,0.6119406223297119,1000,2.264348872953814,2.718254295112168,2.5256890803575516
47,3,cover,test,mlp_ceiling,occluder_tokens,inject,,,0.6119406223297119,,46.61284682652391,61.90177208776371,
47,3,cover,test,attr,occluder_tokens,inject,,,0.6119406223297119,,0.4018638973142141,0.4217628150760821,
47,3,cover,test,mlp_ceiling,other_tokens,inject,,,0.6119406223297119,,17.995579867259657,33.99789195448894,
47,3,cover,test,attr,other_tokens,inject,,,0.6119406223297119,,0.1603442599638072,0.17377017638698555,
47,3,paint,test,sel_capped,all,inject,,,0.3572523891925812,12,0.13429099435315894,0.1371335650501305,0.04575381171889603
47,3,paint,test,rand_sel_same_norm,all,inject,0,,0.3572523891925812,12,0.04913492090570237,0.05016471031626883,
47,3,paint,test,rand_sel_same_norm,all,inject,1,,0.3572523891925812,12,0.1347581514958951,0.13565592487029077,
47,3,paint,test,rand_sel_same_norm,all,inject,2,,0.3572523891925812,12,0.042544668356381266,0.043566379959121396,
47,3,paint,test,sel_capped,all,remove,,,0.3572523891925812,12,-0.7256368582314154,-0.7157167476740895,-0.15622035134583712
47,3,paint,test,attr,all,inject,,,0.3572523891925812,100,1.2592137361551514,1.313699035391687,0.5926621146500111
47,3,paint,test,rand_attr_same_norm,all,inject,0,,0.3572523891925812,100,-0.07031549207372478,-0.03236901390179092,
47,3,paint,test,rand_attr_same_norm,all,inject,1,,0.3572523891925812,100,0.4597827335550031,0.5051106447092657,
47,3,paint,test,rand_attr_same_norm,all,inject,2,,0.3572523891925812,100,0.6751088079893219,0.6887039990818133,
47,3,paint,test,attr,all,remove,,,0.3572523891925812,100,4.800790429885515,5.0883641453597335,4.674228653311729
47,3,paint,test,rand_attr_same_norm,all,remove,0,,0.3572523891925812,100,-0.8407243571813439,-0.7498007532084866,
47,3,paint,test,rand_attr_same_norm,all,remove,1,,0.3572523891925812,100,1.1575403208752277,1.2006141653852873,
47,3,paint,test,rand_attr_same_norm,all,remove,2,,0.3572523891925812,100,-0.33742093052531175,-0.3105541067095598,
47,3,paint,test,mlp_ceiling,all,inject,,,0.3572523891925812,,64.92542044768503,84.74518186875227,
47,3,paint,test,mlp_ceiling,all,remove,,,0.3572523891925812,,94.12786182759716,98.14255086106466,
47,3,paint,test,all_tc,all,inject,,,0.3572523891925812,73728,51.70869398629445,65.42354516697554,24.081364274024963
47,3,paint,test,k_attr_10,all,inject,,10,0.3572523891925812,10,0.3615045496517588,0.36709590790824076,0.16752202063798904
47,3,paint,test,k_random_10,all,inject,,10,0.3572523891925812,10,0.019779099739802852,0.021249872665336355,0.025354247190989554
47,3,paint,test,k_attr_30,all,inject,,30,0.3572523891925812,30,0.9137593711931347,0.9313016853574685,0.38974860217422247
47,3,paint,test,k_random_30,all,inject,,30,0.3572523891925812,30,-0.07135825355304437,-0.06857225325880667,0.004054079909110442
47,3,paint,test,k_attr_100,all,inject,,100,0.3572523891925812,100,1.2592137361551514,1.313699035391687,0.5926621146500111
47,3,paint,test,k_random_100,all,inject,,100,0.3572523891925812,100,-0.23971000886680027,-0.23561946516527102,-0.3917462658137083
47,3,paint,test,k_attr_300,all,inject,,300,0.3572523891925812,300,1.9257552158303493,2.085061284600443,0.7645078469067812
47,3,paint,test,k_random_300,all,inject,,300,0.3572523891925812,300,0.5119541758885071,0.5251892049261497,0.44137220829725266
47,3,paint,test,k_attr_1000,all,inject,,1000,0.3572523891925812,1000,6.564158486063832,7.030862111634479,3.344786912202835
47,3,paint,test,k_random_1000,all,inject,,1000,0.3572523891925812,1000,0.20927805785424525,0.23384806493048954,0.03248706925660372
47,3,paint,test,k_attr_3000,all,inject,,3000,0.3572523891925812,3000,12.181664732830743,13.318829537530108,6.740204244852066
47,3,paint,test,k_random_3000,all,inject,,3000,0.3572523891925812,3000,1.7386087276132667,1.8505538795006473,0.7403125055134296
54,4,cover,test,sel_capped,all,inject,,,0.3284807801246643,129,-0.4541468298000062,-0.4451021263439494,-0.38562717381864786
54,4,cover,test,rand_sel_same_norm,all,inject,0,,0.3284807801246643,129,0.11976970393539066,0.12248168652819699,
54,4,cover,test,rand_sel_same_norm,all,inject,1,,0.3284807801246643,129,-0.058337943815200966,-0.0517404709235373,
54,4,cover,test,rand_sel_same_norm,all,inject,2,,0.3284807801246643,129,0.1019779919880115,0.10593417727980865,
54,4,cover,test,rand_sel_same_norm,all,inject,3,,0.3284807801246643,129,-0.22181120534900955,-0.21820116340598877,
54,4,cover,test,rand_sel_same_norm,all,inject,4,,0.3284807801246643,129,0.17214683451785007,0.1779500898525258,
54,4,cover,test,sel_uncapped,all,inject,,,0.3284807801246643,457,-0.037524997763571655,-0.009745178001045574,-0.24647216778248549
54,4,cover,test,sel_target,all,inject,,,0.3284807801246643,129,-0.3973240394244737,-0.3855801311244341,
54,4,cover,test,sel_xtask,all,inject,,,0.3284807801246643,132,-0.4729093286817809,-0.46206974211080126,-0.38295635022222996
54,4,cover,test,color,all,inject,,,0.3284807801246643,130,-0.11578675567180952,-0.10395332000171113,
54,4,cover,test,sel_capped,all,remove,,,0.3284807801246643,129,-0.09694260181423164,-0.08641538211427405,0.19004668574780226
54,4,cover,test,attr,all,inject,,,0.3284807801246643,100,-0.7764843831229662,-0.5931909959364972,-0.7855533622205257
54,4,cover,test,rand_attr_same_norm,all,inject,0,,0.3284807801246643,100,-0.05257673163439058,-0.04981437111900019,
54,4,cover,test,rand_attr_same_norm,all,inject,1,,0.3284807801246643,100,-0.00557975667905275,0.0002603939324342643,
54,4,cover,test,rand_attr_same_norm,all,inject,2,,0.3284807801246643,100,-0.22683752274772484,-0.20673348258753454,
54,4,cover,test,rand_attr_same_norm,all,inject,3,,0.3284807801246643,100,0.07509535940256606,0.10293426477497146,
54,4,cover,test,rand_attr_same_norm,all,inject,4,,0.3284807801246643,100,0.15713139174736712,0.17225647660546395,
54,4,cover,test,attr,all,remove,,,0.3284807801246643,100,12.65939731732557,13.933568374335204,10.58899313211441
54,4,cover,test,rand_attr_same_norm,all,remove,0,,0.3284807801246643,100,-0.29622610661999005,-0.29050241459881193,
54,4,cover,test,rand_attr_same_norm,all,remove,1,,0.3284807801246643,100,0.28072073399476594,0.2948129355439632,
54,4,cover,test,rand_attr_same_norm,all,remove,2,,0.3284807801246643,100,-0.23536593133033357,-0.1687085750587914,
54,4,cover,test,attr_xtask,all,inject,,,0.3284807801246643,100,-0.5721745609185147,-0.43876580575904667,-0.49743144772946835
54,4,cover,test,rand_attr_raw,all,inject,0,,0.3284807801246643,100,0.30969010485043524,0.31720022922356367,0.27772621251642704
54,4,cover,test,rand_attr_raw,all,inject,1,,0.3284807801246643,100,-0.46517025153181013,-0.44840797440724506,-0.15249630669131875
54,4,cover,test,single_attr_0,all,inject,,,0.3284807801246643,1,0.0,0.0,0.0
54,4,cover,test,single_attr_1,all,inject,,,0.3284807801246643,1,0.0,0.0,0.0
54,4,cover,test,single_attr_2,all,inject,,,0.3284807801246643,1,-0.0824715255490327,-0.08107492547159634,-0.016059126937761903
54,4,cover,test,mlp_ceiling,all,inject,,,0.3284807801246643,,92.43301694903259,101.0588966500748,
54,4,cover,test,mlp_ceiling,all,remove,,,0.3284807801246643,,62.900009580850494,85.55760486060724,
54,4,cover,test,all_tc,all,inject,,,0.3284807801246643,73728,74.3559373056725,95.07447246837395,13.572220504283905
54,4,cover,test,tc_error,all,inject,,,0.3284807801246643,,1.1859931594904949,13.587792339527343,
54,4,cover,test,k_attr_10,all,inject,,10,0.3284807801246643,10,0.02063149054988278,0.022714400779696234,-0.013868574751541018
54,4,cover,test,k_random_10,all,inject,,10,0.3284807801246643,10,-0.028288912724083737,-0.022852110745517122,-0.011110220657428727
54,4,cover,test,k_magnitude_10,all,inject,,10,0.3284807801246643,10,-0.083079401479913,0.010801851247137199,-0.04205668228678405
54,4,cover,test,k_oracle_10,all,inject,,10,0.3284807801246643,10,3.8267695132256585,4.2153450972354785,4.421234503388405
54,4,cover,test,k_attr_30,all,inject,,30,0.3284807801246643,30,-0.32097663705978885,-0.3048987867080687,-0.09715774795040488
54,4,cover,test,k_random_30,all,inject,,30,0.3284807801246643,30,-0.10302136112312343,-0.09858395070275427,-0.051520083798095584
54,4,cover,test,k_magnitude_30,all,inject,,30,0.3284807801246643,30,0.8323091682388317,0.9537056395294748,0.7196832913905382
54,4,cover,test,k_oracle_30,all,inject,,30,0.3284807801246643,30,13.992242414388844,21.06891601100746,8.600416779518127
54,4,cover,test,k_attr_100,all,inject,,100,0.3284807801246643,100,-0.7764843831229662,-0.5931909959364972,-0.7855533622205257
54,4,cover,test,k_random_100,all,inject,,100,0.3284807801246643,100,0.09475606301804218,0.11859880852914388,0.10146156419068575
54,4,cover,test,k_magnitude_100,all,inject,,100,0.3284807801246643,100,0.8660961826661762,1.0735312088092799,0.27423242572695017
54,4,cover,test,k_oracle_100,all,inject,,100,0.3284807801246643,100,20.463544410236047,30.70055323155451,18.66648644208908
54,4,cover,test,k_attr_300,all,inject,,300,0.3284807801246643,300,-0.18209059601419497,0.17864067915337561,-0.15597166493535042
54,4,cover,test,k_random_300,all,inject,,300,0.3284807801246643,300,-0.30175142664852217,-0.2859836751791672,-0.1302602468058467
54,4,cover,test,k_magnitude_300,all,inject,,300,0.3284807801246643,300,-5.860123574825815,0.03798904044643985,0.19435492577031255
54,4,cover,test,k_oracle_300,all,inject,,300,0.3284807801246643,300,15.757604845442552,44.96605144753452,36.30698621273041
54,4,cover,test,k_attr_1000,all,inject,,1000,0.3284807801246643,1000,3.1421651234178616,3.801033499757016,1.1108893901109695
54,4,cover,test,k_random_1000,all,inject,,1000,0.3284807801246643,1000,-0.13643639177185474,-0.05860021317720713,-0.004152534529566765
54,4,cover,test,k_magnitude_1000,all,inject,,1000,0.3284807801246643,1000,5.494481666008289,6.616606562959193,2.2353490814566612
54,4,cover,test,k_oracle_1000,all,inject,,1000,0.3284807801246643,1000,-8.47757382380998,66.4843336246177,69.96150016784668
54,4,cover,test,k_attr_3000,all,inject,,3000,0.3284807801246643,3000,29.043908239404402,38.04371497983855,2.6975002139806747
54,4,cover,test,k_random_3000,all,inject,,3000,0.3284807801246643,3000,0.050072645710130814,0.20183212149891822,0.19145887345075607
54,4,cover,test,k_magnitude_3000,all,inject,,3000,0.3284807801246643,3000,10.96766952888527,12.902639367754992,3.2019753009080887
54,4,cover,test,k_oracle_3000,all,inject,,3000,0.3284807801246643,3000,-17.365572774271353,82.49840174071623,112.59223222732544
54,4,cover,test,k_attr_30,all,remove,,30,0.3284807801246643,30,-0.8263211366808187,-0.79773402175067,-0.6758845876902342
54,4,cover,test,k_attr_100,all,remove,,100,0.3284807801246643,100,12.65939731732557,13.933568374335204,10.58899313211441
54,4,cover,test,k_attr_300,all,remove,,300,0.3284807801246643,300,19.76685508401117,23.051520162006774,17.61961579322815
54,4,cover,test,k_attr_1000,all,remove,,1000,0.3284807801246643,1000,37.43183397257083,47.548690972867924,28.70233654975891
54,4,cover,test,mlp_ceiling,occluder_tokens,inject,,,0.3284807801246643,,69.98916302379625,86.4618322349478,
54,4,cover,test,attr,occluder_tokens,inject,,,0.3284807801246643,,-0.019034682134422276,0.023415286083613734,
54,4,cover,test,mlp_ceiling,other_tokens,inject,,,0.3284807801246643,,4.030525896149751,14.45109983168403,
54,4,cover,test,attr,other_tokens,inject,,,0.3284807801246643,,-0.7658238723946775,-0.6416381515602334,
54,4,paint,test,sel_capped,all,inject,,,0.2778509259223938,12,0.4409892385926151,0.44752193991912737,0.32974237110465765
54,4,paint,test,rand_sel_same_norm,all,inject,0,,0.2778509259223938,12,0.0,0.0,
54,4,paint,test,rand_sel_same_norm,all,inject,1,,0.2778509259223938,12,-0.03643626121270227,-0.03446084347738449,
54,4,paint,test,rand_sel_same_norm,all,inject,2,,0.2778509259223938,12,0.10543669347097273,0.11202333161178027,
54,4,paint,test,sel_capped,all,remove,,,0.2778509259223938,12,5.217292904850623,5.410882293064921,5.819796398282051
54,4,paint,test,attr,all,inject,,,0.2778509259223938,100,-7.333449174258,0.6256541854598661,-1.4883180148899555
54,4,paint,test,rand_attr_same_norm,all,inject,0,,0.2778509259223938,100,1.2868854129460816,1.3720685229533507,
54,4,paint,test,rand_attr_same_norm,all,inject,1,,0.2778509259223938,100,-0.09057044147191551,-0.07816290309436252,
54,4,paint,test,rand_attr_same_norm,all,inject,2,,0.2778509259223938,100,0.3592463046208749,0.38575285584512503,
54,4,paint,test,attr,all,remove,,,0.2778509259223938,100,77.27653695700907,90.3982162954898,215.3238296508789
54,4,paint,test,rand_attr_same_norm,all,remove,0,,0.2778509259223938,100,-1.4721450843225403,-1.3725264704225584,
54,4,paint,test,rand_attr_same_norm,all,remove,1,,0.2778509259223938,100,-2.3363183823458478,-2.234165553004305,
54,4,paint,test,rand_attr_same_norm,all,remove,2,,0.2778509259223938,100,5.0450117074416045,5.363718997926936,
54,4,paint,test,mlp_ceiling,all,inject,,,0.2778509259223938,,90.83050635891594,93.8740146452836,
54,4,paint,test,mlp_ceiling,all,remove,,,0.2778509259223938,,60.163375926325166,100.90968308835114,
54,4,paint,test,all_tc,all,inject,,,0.2778509259223938,73728,49.29179899883408,61.281849143527054,0.3322232747450471
54,4,paint,test,k_attr_10,all,inject,,10,0.2778509259223938,10,-0.9809366596840396,-0.9246657023181213,-0.7637388072907925
54,4,paint,test,k_random_10,all,inject,,10,0.2778509259223938,10,0.2553756088352288,0.26003483237569663,0.03436789847910404
54,4,paint,test,k_attr_30,all,inject,,30,0.2778509259223938,30,-8.908210011015605,-1.6130334885072304,-0.29073136392980814
54,4,paint,test,k_random_30,all,inject,,30,0.2778509259223938,30,0.024219334064845555,0.027938928261170108,-0.010669749462977052
54,4,paint,test,k_attr_100,all,inject,,100,0.2778509259223938,100,-7.333449174258,0.6256541854598661,-1.4883180148899555
54,4,paint,test,k_random_100,all,inject,,100,0.2778509259223938,100,0.3236252202854617,0.33110159016655666,0.1622490119189024
54,4,paint,test,k_attr_300,all,inject,,300,0.2778509259223938,300,9.437259804379005,10.932657580518283,-1.2356548570096493
54,4,paint,test,k_random_300,all,inject,,300,0.2778509259223938,300,0.028885149086199657,0.06017636687569425,0.20988290198147297
54,4,paint,test,k_attr_1000,all,inject,,1000,0.2778509259223938,1000,22.18109154329072,26.716212406306948,1.2042280286550522
54,4,paint,test,k_random_1000,all,inject,,1000,0.2778509259223938,1000,-0.4508035391547649,-0.2620241519907003,0.03379854606464505
54,4,paint,test,k_attr_3000,all,inject,,3000,0.2778509259223938,3000,36.27157939447374,43.40500937707003,0.5176082253456116
54,4,paint,test,k_random_3000,all,inject,,3000,0.2778509259223938,3000,1.373026011650591,1.504461334833401,1.3760163448750973
55,4,cover,test,sel_capped,all,inject,,,0.3947921395301819,129,-0.05827723143292385,-0.04540887803800551,-0.14923036796972156
55,4,cover,test,rand_sel_same_norm,all,inject,0,,0.3947921395301819,129,0.03354715239480832,0.037796621120840514,
55,4,cover,test,rand_sel_same_norm,all,inject,1,,0.3947921395301819,129,-0.06532032170842861,-0.05819792255596825,
55,4,cover,test,rand_sel_same_norm,all,inject,2,,0.3947921395301819,129,0.06761517641771242,0.0742049541198276,
55,4,cover,test,rand_sel_same_norm,all,inject,3,,0.3947921395301819,129,-0.07656058046539016,-0.07128584366616213,
55,4,cover,test,rand_sel_same_norm,all,inject,4,,0.3947921395301819,129,-0.09818052746328743,-0.09390808240319518,
55,4,cover,test,sel_uncapped,all,inject,,,0.3947921395301819,457,0.18804975546964364,0.2405063748247851,0.2198664704337716
55,4,cover,test,sel_target,all,inject,,,0.3947921395301819,129,-0.04896948190484807,-0.039013508987052366,
55,4,cover,test,sel_xtask,all,inject,,,0.3947921395301819,132,-0.2748088514357816,-0.2652850102917457,-0.2781392075121403
55,4,cover,test,color,all,inject,,,0.3947921395301819,130,0.14216775901247924,0.1495153541850011,
55,4,cover,test,sel_capped,all,remove,,,0.3947921395301819,129,0.46418720700027727,0.4846242354615761,0.6163226440548897
55,4,cover,test,attr,all,inject,,,0.3947921395301819,100,-0.4717285223113432,-0.31101723994155367,-0.6793887354433537
55,4,cover,test,rand_attr_same_norm,all,inject,0,,0.3947921395301819,100,-0.01209328040874258,-0.008751735875739365,
55,4,cover,test,rand_attr_same_norm,all,inject,1,,0.3947921395301819,100,0.14859939128978317,0.1507080197034397,
55,4,cover,test,rand_attr_same_norm,all,inject,2,,0.3947921395301819,100,-0.09394561466098406,-0.07845904577492982,
55,4,cover,test,rand_attr_same_norm,all,inject,3,,0.3947921395301819,100,-0.03268658187882689,-0.011053595589068268,
55,4,cover,test,rand_attr_same_norm,all,inject,4,,0.3947921395301819,100,0.1464630627281971,0.1538326411054807,
55,4,cover,test,attr,all,remove,,,0.3947921395301819,100,11.7355321866206,12.890370443406937,9.799467772245407
55,4,cover,test,rand_attr_same_norm,all,remove,0,,0.3947921395301819,100,-0.23859694998711323,-0.23098460884023722,
55,4,cover,test,rand_attr_same_norm,all,remove,1,,0.3947921395301819,100,0.7392980130030646,0.7614661533206133,
55,4,cover,test,rand_attr_same_norm,all,remove,2,,0.3947921395301819,100,1.3578292969304906,1.4608056381004728,
55,4,cover,test,attr_xtask,all,inject,,,0.3947921395301819,100,-0.659868864151103,-0.5168488219998258,-0.6973372772336006
55,4,cover,test,rand_attr_raw,all,inject,0,,0.3947921395301819,100,0.36207372130167004,0.3741825671253635,0.2185172401368618
55,4,cover,test,rand_attr_raw,all,inject,1,,0.3947921395301819,100,0.13341107656918982,0.13866415212063807,0.07675120141357183
55,4,cover,test,single_attr_0,all,inject,,,0.3947921395301819,1,0.0,0.0,0.0
55,4,cover,test,single_attr_1,all,inject,,,0.3947921395301819,1,0.0,0.0,0.0
55,4,cover,test,single_attr_2,all,inject,,,0.3947921395301819,1,-0.017294447825499937,-0.015730173270136212,-0.014615700638387352
55,4,cover,test,mlp_ceiling,all,inject,,,0.3947921395301819,,88.77715552909763,96.6040001272701,
55,4,cover,test,mlp_ceiling,all,remove,,,0.3947921395301819,,68.35722787892166,91.54664291890482,
55,4,cover,test,all_tc,all,inject,,,0.3947921395301819,73728,66.70586288575262,89.40952616711753,2.0002037286758423
55,4,cover,test,tc_error,all,inject,,,0.3947921395301819,,8.00688396021869,13.244073811064737,
55,4,cover,test,k_attr_10,all,inject,,10,0.3947921395301819,10,-0.039661732376772285,-0.03731095860915806,-0.015137197624426335
55,4,cover,test,k_random_10,all,inject,,10,0.3947921395301819,10,-0.05161913323035172,-0.049277822754268355,-0.07338584400713444
55,4,cover,test,k_magnitude_10,all,inject,,10,0.3947921395301819,10,0.3234008901318641,0.40805080419669665,0.22715660743415356
55,4,cover,test,k_oracle_10,all,inject,,10,0.3947921395301819,10,3.040463572729457,3.3610209177502983,3.555603325366974
55,4,cover,test,k_attr_30,all,inject,,30,0.3947921395301819,30,-0.0871289903107364,-0.08109126447435175,-0.11409246362745762
55,4,cover,test,k_random_30,all,inject,,30,0.3947921395301819,30,-0.007986698297424155,-0.006230758496262664,0.034954751026816666
55,4,cover,test,k_magnitude_30,all,inject,,30,0.3947921395301819,30,0.8652583606312825,0.9935076951209748,0.7125475443899632
55,4,cover,test,k_oracle_30,all,inject,,30,0.3947921395301819,30,6.6097175320709685,7.3497539736068385,7.269082963466644
55,4,cover,test,k_attr_100,all,inject,,100,0.3947921395301819,100,-0.4717285223113432,-0.31101723994155367,-0.6793887354433537
55,4,cover,test,k_random_100,all,inject,,100,0.3947921395301819,100,-0.25293979192009264,-0.23861248360610743,-0.24263730738312006
55,4,cover,test,k_magnitude_100,all,inject,,100,0.3947921395301819,100,0.9697572874092675,1.1537565746021323,0.5795977544039488
55,4,cover,test,k_oracle_100,all,inject,,100,0.3947921395301819,100,12.479940780670319,15.710168916095787,15.621118247509003
55,4,cover,test,k_attr_300,all,inject,,300,0.3947921395301819,300,-0.38822298680474265,-0.10434269013331543,-0.355707504786551
55,4,cover,test,k_random_300,all,inject,,300,0.3947921395301819,300,-0.04185090298758354,-0.021386318538358824,-0.19100552890449762
55,4,cover,test,k_magnitude_300,all,inject,,300,0.3947921395301819,300,1.4535111503517828,1.7242463354776947,0.2364511601626873
55,4,cover,test,k_oracle_300,all,inject,,300,0.3947921395301819,300,18.71391359841824,26.91804609625186,30.773738026618958
55,4,cover,test,k_attr_1000,all,inject,,1000,0.3947921395301819,1000,-0.00261945586881307,0.6000595180029503,-0.5993857514113188
55,4,cover,test,k_random_1000,all,inject,,1000,0.3947921395301819,1000,-0.8042031471818589,-0.7434312871692507,-0.7050348445773125
55,4,cover,test,k_magnitude_1000,all,inject,,1000,0.3947921395301819,1000,3.585665190058507,4.4963167717868755,1.0847587138414383
55,4,cover,test,k_oracle_1000,all,inject,,1000,0.3947921395301819,1000,33.74742376137859,50.50252110183741,58.61632227897644
55,4,cover,test,k_attr_3000,all,inject,,3000,0.3947921395301819,3000,13.239824546279289,19.87370889901222,1.2135393917560577
55,4,cover,test,k_random_3000,all,inject,,3000,0.3947921395301819,3000,0.11660730491508398,0.2730785831253831,-0.08691506227478385
55,4,cover,test,k_magnitude_3000,all,inject,,3000,0.3947921395301819,3000,7.777926909783373,9.612181077383369,1.613452285528183
55,4,cover,test,k_oracle_3000,all,inject,,3000,0.3947921395301819,3000,48.28362985020185,69.13730101372035,94.01456713676453
55,4,cover,test,k_attr_30,all,remove,,30,0.3947921395301819,30,-1.2091091238139118,-1.1777718134486037,-0.778596056625247
55,4,cover,test,k_attr_100,all,remove,,100,0.3947921395301819,100,11.7355321866206,12.890370443406937,9.799467772245407
55,4,cover,test,k_attr_300,all,remove,,300,0.3947921395301819,300,20.27451293596012,24.163214814799275,13.563445210456848
55,4,cover,test,k_attr_1000,all,remove,,1000,0.3947921395301819,1000,37.5162092986003,52.174189413575036,32.356828451156616
55,4,cover,test,mlp_ceiling,occluder_tokens,inject,,,0.3947921395301819,,41.58968586609553,60.77670425680029,
55,4,cover,test,attr,occluder_tokens,inject,,,0.3947921395301819,,0.1389972360588687,0.17633918347488636,
55,4,cover,test,mlp_ceiling,other_tokens,inject,,,0.3947921395301819,,10.666061952320472,18.873733024388656,
55,4,cover,test,attr,other_tokens,inject,,,0.3947921395301819,,-0.6714639195242844,-0.5393445336267538,
55,4,paint,test,sel_capped,all,inject,,,0.3096027374267578,12,0.20255003973608243,0.20723203971992452,0.1980587374418974
55,4,paint,test,rand_sel_same_norm,all,inject,0,,0.3096027374267578,12,0.0,0.0,
55,4,paint,test,rand_sel_same_norm,all,inject,1,,0.3096027374267578,12,0.0,0.0,
55,4,paint,test,rand_sel_same_norm,all,inject,2,,0.3096027374267578,12,0.07945290504617342,0.08263820603248301,
55,4,paint,test,sel_capped,all,remove,,,0.3096027374267578,12,5.064155284898442,5.271486580047891,4.25337627530098
55,4,paint,test,attr,all,inject,,,0.3096027374267578,100,2.1073983033618515,2.4128718221086984,-0.5104363895952702
55,4,paint,test,rand_attr_same_norm,all,inject,0,,0.3096027374267578,100,1.0525440331195624,1.1246672542980494,
55,4,paint,test,rand_attr_same_norm,all,inject,1,,0.3096027374267578,100,-0.015218687046036905,0.010029960084959951,
55,4,paint,test,rand_attr_same_norm,all,inject,2,,0.3096027374267578,100,0.4053407291724431,0.4325482703704727,
55,4,paint,test,attr,all,remove,,,0.3096027374267578,100,76.33928055750643,87.68294830856424,145.6666350364685
55,4,paint,test,rand_attr_same_norm,all,remove,0,,0.3096027374267578,100,-7.197582259843149,-1.5838594498983414,
55,4,paint,test,rand_attr_same_norm,all,remove,1,,0.3096027374267578,100,-7.410903780164002,-1.8709848007801124,
55,4,paint,test,rand_attr_same_norm,all,remove,2,,0.3096027374267578,100,-3.8125073157508904,2.18302326198183,
55,4,paint,test,mlp_ceiling,all,inject,,,0.3096027374267578,,90.91705909413292,93.93193845925735,
55,4,paint,test,mlp_ceiling,all,remove,,,0.3096027374267578,,96.79130684723481,99.00924757599212,
55,4,paint,test,all_tc,all,inject,,,0.3096027374267578,73728,69.40589316462442,76.73434547381135,5.750887095928192
55,4,paint,test,k_attr_10,all,inject,,10,0.3096027374267578,10,-0.2559453952353685,-0.2317598163108984,-0.4267705138772726
55,4,paint,test,k_random_10,all,inject,,10,0.3096027374267578,10,0.04099708294059701,0.04257350021796684,0.020790568669326603
55,4,paint,test,k_attr_30,all,inject,,30,0.3096027374267578,30,0.17631922240498588,0.2504825583745488,-0.08350427960976958
55,4,paint,test,k_random_30,all,inject,,30,0.3096027374267578,30,0.09241911089754584,0.09712786242887562,0.04382727202028036
55,4,paint,test,k_attr_100,all,inject,,100,0.3096027374267578,100,2.1073983033618515,2.4128718221086984,-0.5104363895952702
55,4,paint,test,k_random_100,all,inject,,100,0.3096027374267578,100,0.23583670627953524,0.2446043257623488,0.09391310741193593
55,4,paint,test,k_attr_300,all,inject,,300,0.3096027374267578,300,6.763671598252841,7.8791221608097395,0.09331321343779564
55,4,paint,test,k_random_300,all,inject,,300,0.3096027374267578,300,0.3142403786324577,0.3230704075180431,0.19386648200452328
55,4,paint,test,k_attr_1000,all,inject,,1000,0.3096027374267578,1000,17.116835622008242,20.623776454924933,1.3719084672629833
55,4,paint,test,k_random_1000,all,inject,,1000,0.3096027374267578,1000,0.671691817448139,0.7904114865163727,0.6613230798393488
55,4,paint,test,k_attr_3000,all,inject,,3000,0.3096027374267578,3000,38.184325926713115,43.92052240066067,1.355920359492302
55,4,paint,test,k_random_3000,all,inject,,3000,0.3096027374267578,3000,1.3319094571866863,1.4787702741639244,1.255330815911293
56,4,cover,test,sel_capped,all,inject,,,0.35814952850341797,129,-0.6043767491152874,-0.584344785895465,-0.6191187538206577
56,4,cover,test,rand_sel_same_norm,all,inject,0,,0.35814952850341797,129,-0.056359457005372704,-0.05160448796126137,
56,4,cover,test,rand_sel_same_norm,all,inject,1,,0.35814952850341797,129,-0.12277923934953527,-0.1180162699426685,
56,4,cover,test,rand_sel_same_norm,all,inject,2,,0.35814952850341797,129,-0.02795089562690478,-0.021907531748176383,
56,4,cover,test,rand_sel_same_norm,all,inject,3,,0.35814952850341797,129,0.014869976327858137,0.0197530686136855,
56,4,cover,test,rand_sel_same_norm,all,inject,4,,0.35814952850341797,129,-0.02064488599295977,-0.0179520878724767,
56,4,cover,test,sel_uncapped,all,inject,,,0.35814952850341797,457,-0.8271434733868155,-0.7443019934320249,-0.8388490416109562
56,4,cover,test,sel_target,all,inject,,,0.35814952850341797,129,-0.610958814742224,-0.592945428783464,
56,4,cover,test,sel_xtask,all,inject,,,0.35814952850341797,132,-0.6614684713231567,-0.6454490338284111,-0.6313220597803593
56,4,cover,test,color,all,inject,,,0.35814952850341797,130,0.2923485608991694,0.3032257013789026,
56,4,cover,test,sel_capped,all,remove,,,0.35814952850341797,129,2.146702010667112,2.200081253179985,3.0123066157102585
56,4,cover,test,attr,all,inject,,,0.35814952850341797,100,-1.3790550849827055,-1.1157097390551591,-1.5554909594357014
56,4,cover,test,rand_attr_same_norm,all,inject,0,,0.35814952850341797,100,-0.00462658468847188,0.004785062165324917,
56,4,cover,test,rand_attr_same_norm,all,inject,1,,0.35814952850341797,100,-0.020528389256213586,-0.013915428181813287,
56,4,cover,test,rand_attr_same_norm,all,inject,2,,0.35814952850341797,100,-0.015527350771016302,0.011263259522493305,
56,4,cover,test,rand_attr_same_norm,all,inject,3,,0.35814952850341797,100,-0.0014146032320860868,0.021468606844920572,
56,4,cover,test,rand_attr_same_norm,all,inject,4,,0.35814952850341797,100,0.1487164056695911,0.16355671286835569,
56,4,cover,test,attr,all,remove,,,0.35814952850341797,100,15.10052336991109,16.564135344913435,10.114750266075134
56,4,cover,test,rand_attr_same_norm,all,remove,0,,0.35814952850341797,100,0.796488189227984,0.8116280691845745,
56,4,cover,test,rand_attr_same_norm,all,remove,1,,0.35814952850341797,100,1.0550027692938557,1.073010489850219,
56,4,cover,test,rand_attr_same_norm,all,remove,2,,0.35814952850341797,100,1.4917906413844384,1.5606100916702326,
56,4,cover,test,attr_xtask,all,inject,,,0.35814952850341797,100,-1.6075135069645086,-1.3629368326280296,-1.86708252876997
56,4,cover,test,rand_attr_raw,all,inject,0,,0.35814952850341797,100,0.2179986792598565,0.230484361160587,0.23609576746821404
56,4,cover,test,rand_attr_raw,all,inject,1,,0.35814952850341797,100,-0.03332638790882747,-0.02142915077665554,-0.03554724098648876
56,4,cover,test,single_attr_0,all,inject,,,0.35814952850341797,1,0.0,0.0,0.0
56,4,cover,test,single_attr_1,all,inject,,,0.35814952850341797,1,0.0,0.0,0.0
56,4,cover,test,single_attr_2,all,inject,,,0.35814952850341797,1,-0.10369873810733843,-0.10250709769113132,0.0027413010684540495
56,4,cover,test,mlp_ceiling,all,inject,,,0.35814952850341797,,91.34381555021743,95.15443382929485,
56,4,cover,test,mlp_ceiling,all,remove,,,0.35814952850341797,,64.69874692781462,103.13699876046442,
56,4,cover,test,all_tc,all,inject,,,0.35814952850341797,73728,35.953742973582536,65.83789648059584,-4.2931776493787766
56,4,cover,test,tc_error,all,inject,,,0.35814952850341797,,19.624399542533954,26.78017548588129,
56,4,cover,test,k_attr_10,all,inject,,10,0.35814952850341797,10,-0.06739336221563974,-0.06625938862247517,-0.01569005544297397
56,4,cover,test,k_random_10,all,inject,,10,0.35814952850341797,10,-0.3192676282862017,-0.31466034378971264,-0.2100219251587987
56,4,cover,test,k_magnitude_10,all,inject,,10,0.35814952850341797,10,-1.091183327253309,-0.9385501172409644,-1.2074668891727924
56,4,cover,test,k_oracle_10,all,inject,,10,0.35814952850341797,10,4.9515939416371335,5.291330158984797,5.076646059751511
56,4,cover,test,k_attr_30,all,inject,,30,0.35814952850341797,30,-0.28279582848484974,-0.2704078780375334,-0.18681518267840147
56,4,cover,test,k_random_30,all,inject,,30,0.35814952850341797,30,-0.014770121982077278,-0.00791775418599228,0.024019637203309685
56,4,cover,test,k_magnitude_30,all,inject,,30,0.35814952850341797,30,-6.386084830926619,-1.3793733925888212,-1.0299627669155598
56,4,cover,test,k_oracle_30,all,inject,,30,0.35814952850341797,30,11.188596234292913,12.32961696413368,10.944530367851257
56,4,cover,test,k_attr_100,all,inject,,100,0.35814952850341797,100,-1.3790550849827055,-1.1157097390551591,-1.5554909594357014
56,4,cover,test,k_random_100,all,inject,,100,0.35814952850341797,100,-0.4614186107198215,-0.4262749641556017,-0.4289207048714161
56,4,cover,test,k_magnitude_100,all,inject,,100,0.35814952850341797,100,-1.0682917184799745,-0.6799170584753542,-1.0475637391209602
56,4,cover,test,k_oracle_100,all,inject,,100,0.35814952850341797,100,20.78447404718983,24.983894024636406,24.267838895320892
56,4,cover,test,k_attr_300,all,inject,,300,0.35814952850341797,300,-1.3921027194998326,-1.0767913022464926,-1.4499197714030743
56,4,cover,test,k_random_300,all,inject,,300,0.35814952850341797,300,-0.5011523191504663,-0.4740348793780978,-0.5199262406677008
56,4,cover,test,k_magnitude_300,all,inject,,300,0.35814952850341797,300,-1.2417303959291415,-0.5764552318036891,-2.695503458380699
56,4,cover,test,k_oracle_300,all,inject,,300,0.35814952850341797,300,28.581733777662986,40.552874672314985,47.821223735809326
56,4,cover,test,k_attr_1000,all,inject,,1000,0.35814952850341797,1000,-6.4338984201711025,-1.0708802106717656,-2.4467915296554565
56,4,cover,test,k_random_1000,all,inject,,1000,0.35814952850341797,1000,-1.270821295337199,-1.186521756364473,-0.8881006389856339
56,4,cover,test,k_magnitude_1000,all,inject,,1000,0.35814952850341797,1000,-6.3991407866392125,0.10104132342514914,-3.81917767226696
56,4,cover,test,k_oracle_1000,all,inject,,1000,0.35814952850341797,1000,26.319533573693842,53.85443053247688,92.07000732421875
56,4,cover,test,k_attr_3000,all,inject,,3000,0.35814952850341797,3000,-3.7847543050536947,5.2973651202097995,-1.0996240191161633
56,4,cover,test,k_random_3000,all,inject,,3000,0.35814952850341797,3000,-2.1045634767419275,0.9231997069145829,0.9876573458313942
56,4,cover,test,k_magnitude_3000,all,inject,,3000,0.35814952850341797,3000,-2.7737956234505923,4.919172623597535,-1.90688855946064
56,4,cover,test,k_oracle_3000,all,inject,,3000,0.35814952850341797,3000,48.45886882999997,67.21583893310893,146.034574508667
56,4,cover,test,k_attr_30,all,remove,,30,0.35814952850341797,30,-3.446081648901478,-3.3814274355072733,-2.8529616072773933
56,4,cover,test,k_attr_100,all,remove,,100,0.35814952850341797,100,15.10052336991109,16.564135344913435,10.114750266075134
56,4,cover,test,k_attr_300,all,remove,,300,0.35814952850341797,300,34.584952083227925,40.8011938899427,25.887954235076904
56,4,cover,test,k_attr_1000,all,remove,,1000,0.35814952850341797,1000,46.10703686888725,73.50672839760033,71.76282405853271
56,4,cover,test,mlp_ceiling,occluder_tokens,inject,,,0.35814952850341797,,24.750247638777566,38.728969615234156,
56,4,cover,test,attr,occluder_tokens,inject,,,0.35814952850341797,,0.6656290690645883,0.6973279800260415,
56,4,cover,test,mlp_ceiling,other_tokens,inject,,,0.35814952850341797,,21.60987006952525,30.507398127475376,
56,4,cover,test,attr,other_tokens,inject,,,0.35814952850341797,,-1.6176404018671375,-1.3906993005477817,
56,4,paint,test,sel_capped,all,inject,,,0.24600981175899506,12,0.3043471071306536,0.3173737640829598,0.28505511581897736
56,4,paint,test,rand_sel_same_norm,all,inject,0,,0.24600981175899506,12,0.010696911021623734,0.013849077124070967,
56,4,paint,test,rand_sel_same_norm,all,inject,1,,0.24600981175899506,12,0.0063297123542471745,0.011803376441528029,
56,4,paint,test,rand_sel_same_norm,all,inject,2,,0.24600981175899506,12,0.008740454475775206,0.013947523725600191,
56,4,paint,test,sel_capped,all,remove,,,0.24600981175899506,12,7.111192572927527,7.553051968282725,6.011569872498512
56,4,paint,test,attr,all,inject,,,0.24600981175899506,100,2.915441281802489,3.3282335317613967,-0.026272956165485084
56,4,paint,test,rand_attr_same_norm,all,inject,0,,0.24600981175899506,100,-0.2589730638333565,-0.20638292608269507,
56,4,paint,test,rand_attr_same_norm,all,inject,1,,0.24600981175899506,100,0.6721367091879982,0.7581260799712217,
56,4,paint,test,rand_attr_same_norm,all,inject,2,,0.24600981175899506,100,0.9147373208744369,1.0219184070767773,
56,4,paint,test,attr,all,remove,,,0.24600981175899506,100,69.72759946597822,84.09295473823164,234.35897827148438
56,4,paint,test,rand_attr_same_norm,all,remove,0,,0.24600981175899506,100,-1.7646329472491562,-1.6315469667609732,
56,4,paint,test,rand_attr_same_norm,all,remove,1,,0.24600981175899506,100,-1.5916894571644802,-1.2837258860829022,
56,4,paint,test,rand_attr_same_norm,all,remove,2,,0.24600981175899506,100,9.611368381445306,10.303461220535189,
56,4,paint,test,mlp_ceiling,all,inject,,,0.24600981175899506,,54.10603594707246,93.42251940909198,
56,4,paint,test,mlp_ceiling,all,remove,,,0.24600981175899506,,96.11478848554455,99.22187144887003,
56,4,paint,test,all_tc,all,inject,,,0.24600981175899506,73728,59.95590159059917,68.6232736218239,7.859473675489426
56,4,paint,test,k_attr_10,all,inject,,10,0.24600981175899506,10,-0.3417378385782932,-0.28327609270126297,-0.39086947217583656
56,4,paint,test,k_random_10,all,inject,,10,0.24600981175899506,10,-0.01040011111219652,-0.007049131263678322,0.024541409220546484
56,4,paint,test,k_attr_30,all,inject,,30,0.24600981175899506,30,0.3215312161727657,0.46281800200033857,0.03518035518936813
56,4,paint,test,k_random_30,all,inject,,30,0.24600981175899506,30,0.01787462311712007,0.035786150847780224,-0.002066946035483852
56,4,paint,test,k_attr_100,all,inject,,100,0.24600981175899506,100,2.915441281802489,3.3282335317613967,-0.026272956165485084
56,4,paint,test,k_random_100,all,inject,,100,0.24600981175899506,100,0.03921393089129088,0.048829162622167875,0.1170166302472353
56,4,paint,test,k_attr_300,all,inject,,300,0.24600981175899506,300,7.457037153109802,8.73301423063278,0.9796480648219585
56,4,paint,test,k_random_300,all,inject,,300,0.24600981175899506,300,0.8268118619899845,0.8516605781577256,0.6009652744978666
56,4,paint,test,k_attr_1000,all,inject,,1000,0.24600981175899506,1000,16.579224769539415,20.42734219251154,1.7865171656012535
56,4,paint,test,k_random_1000,all,inject,,1000,0.24600981175899506,1000,0.643631803600353,0.7800279976489382,0.8135819807648659
56,4,paint,test,k_attr_3000,all,inject,,3000,0.24600981175899506,3000,26.679786030282436,34.002052564377315,1.763254776597023
56,4,paint,test,k_random_3000,all,inject,,3000,0.24600981175899506,3000,2.69706923415145,2.9380180935418285,2.4943705648183823
57,4,cover,test,sel_capped,all,inject,,,0.316249281167984,129,-0.15849688523794647,-0.12098261182108713,-0.30767221469432116
57,4,cover,test,rand_sel_same_norm,all,inject,0,,0.316249281167984,129,0.11869125807550951,0.13367855817284177,
57,4,cover,test,rand_sel_same_norm,all,inject,1,,0.316249281167984,129,-0.04538444612081083,-0.03505888756093423,
57,4,cover,test,rand_sel_same_norm,all,inject,2,,0.316249281167984,129,0.320810361148427,0.33651291820014806,
57,4,cover,test,rand_sel_same_norm,all,inject,3,,0.316249281167984,129,0.0606790798529766,0.0646701300440058,
57,4,cover,test,rand_sel_same_norm,all,inject,4,,0.316249281167984,129,-0.02252259680828317,-0.017557523328060324,
57,4,cover,test,sel_uncapped,all,inject,,,0.316249281167984,457,0.9908057859514541,1.042099110500891,0.7526219822466373
57,4,cover,test,sel_target,all,inject,,,0.316249281167984,129,-0.17725943345774375,-0.1384234323563079,
57,4,cover,test,sel_xtask,all,inject,,,0.316249281167984,132,-0.09123065259459828,-0.06781631112200544,-0.10795667767524719
57,4,cover,test,color,all,inject,,,0.316249281167984,130,-0.6438447109356593,-0.6152817712755964,
57,4,cover,test,sel_capped,all,remove,,,0.316249281167984,129,1.305650957233928,1.3423867411038102,0.7067775819450617
57,4,cover,test,attr,all,inject,,,0.316249281167984,100,1.9694832948768615,2.175182042564488,2.2411489859223366
57,4,cover,test,rand_attr_same_norm,all,inject,0,,0.316249281167984,100,-0.03139028032150826,-0.015295055152441542,
57,4,cover,test,rand_attr_same_norm,all,inject,1,,0.316249281167984,100,-0.22963625063785464,-0.21579736272444805,
57,4,cover,test,rand_attr_same_norm,all,inject,2,,0.316249281167984,100,0.1691267970370114,0.1780848009429303,
57,4,cover,test,rand_attr_same_norm,all,inject,3,,0.316249281167984,100,-0.8728778460104669,-0.8515895806670409,
57,4,cover,test,rand_attr_same_norm,all,inject,4,,0.316249281167984,100,0.27301345277533917,0.27842949335831657,
57,4,cover,test,attr,all,remove,,,0.316249281167984,100,9.834798165963266,12.269747582028812,10.037115961313248
57,4,cover,test,rand_attr_same_norm,all,remove,0,,0.316249281167984,100,1.8167631258914185,1.8661012832748929,
57,4,cover,test,rand_attr_same_norm,all,remove,1,,0.316249281167984,100,0.14973286221212634,0.16953973220503216,
57,4,cover,test,rand_attr_same_norm,all,remove,2,,0.316249281167984,100,-0.19561676340860146,-0.17862649090787036,
57,4,cover,test,attr_xtask,all,inject,,,0.316249281167984,100,1.1076028842117114,1.3094588874063238,1.38955507427454
57,4,cover,test,rand_attr_raw,all,inject,0,,0.316249281167984,100,0.3665057887314416,0.40138626179779885,0.2612936310470104
57,4,cover,test,rand_attr_raw,all,inject,1,,0.316249281167984,100,-0.22439668418372527,-0.197781669723095,-0.18712132005020976
57,4,cover,test,single_attr_0,all,inject,,,0.316249281167984,1,0.0,0.0,0.0
57,4,cover,test,single_attr_1,all,inject,,,0.316249281167984,1,0.0,0.0,0.0
57,4,cover,test,single_attr_2,all,inject,,,0.316249281167984,1,0.0,0.0,0.0
57,4,cover,test,mlp_ceiling,all,inject,,,0.316249281167984,,64.71218194488748,84.81600621079025,
57,4,cover,test,mlp_ceiling,all,remove,,,0.316249281167984,,64.31102999416203,84.47325323703876,
57,4,cover,test,all_tc,all,inject,,,0.316249281167984,73728,47.729251057690355,71.24142136776875,24.359774589538574
57,4,cover,test,tc_error,all,inject,,,0.316249281167984,,20.332392064695448,56.068368821902716,
57,4,cover,test,k_attr_10,all,inject,,10,0.316249281167984,10,-0.017499775009621743,-0.014187107613837152,0.012062677706126124
57,4,cover,test,k_random_10,all,inject,,10,0.316249281167984,10,-0.212890370082075,-0.20924859710429752,-0.08887760923244059
57,4,cover,test,k_magnitude_10,all,inject,,10,0.316249281167984,10,1.9005207997123907,2.226789920390467,2.6188747957348824
57,4,cover,test,k_oracle_10,all,inject,,10,0.316249281167984,10,6.039165759244747,6.771580049579961,7.412991672754288
57,4,cover,test,k_attr_30,all,inject,,30,0.316249281167984,30,0.043443167902190716,0.09215674529150567,0.07973837782628834
57,4,cover,test,k_random_30,all,inject,,30,0.316249281167984,30,0.05483639783575578,0.06030699297335698,0.0016575953850406222
57,4,cover,test,k_magnitude_30,all,inject,,30,0.316249281167984,30,2.858626413728793,3.303506276176162,3.3672675490379333
57,4,cover,test,k_oracle_30,all,inject,,30,0.316249281167984,30,10.423382413432892,13.829453696309445,14.555338025093079
57,4,cover,test,k_attr_100,all,inject,,100,0.316249281167984,100,1.9694832948768615,2.175182042564488,2.2411489859223366
57,4,cover,test,k_random_100,all,inject,,100,0.316249281167984,100,0.9715060879333048,1.025529740348167,0.8653031662106514
57,4,cover,test,k_magnitude_100,all,inject,,100,0.316249281167984,100,1.3827272414577818,2.0338575358576367,2.1124085411429405
57,4,cover,test,k_oracle_100,all,inject,,100,0.316249281167984,100,21.56938208454644,37.89424165850069,29.06545400619507
57,4,cover,test,k_attr_300,all,inject,,300,0.316249281167984,300,1.9591737882206806,2.3089755901296907,2.2492997348308563
57,4,cover,test,k_random_300,all,inject,,300,0.316249281167984,300,-0.3095773337862928,-0.2735122893987743,-0.28383496683090925
57,4,cover,test,k_magnitude_300,all,inject,,300,0.316249281167984,300,1.5608913482601294,2.581896405169498,2.603149600327015
57,4,cover,test,k_oracle_300,all,inject,,300,0.316249281167984,300,20.167637855490682,49.10182635941679,53.07701826095581
57,4,cover,test,k_attr_1000,all,inject,,1000,0.316249281167984,1000,3.2520745055041322,5.449488739346455,4.6952541917562485
57,4,cover,test,k_random_1000,all,inject,,1000,0.316249281167984,1000,0.7555341742711885,0.8224274619541148,0.6050690542906523
57,4,cover,test,k_magnitude_1000,all,inject,,1000,0.316249281167984,1000,3.105244136939278,6.089225567026667,5.686396360397339
57,4,cover,test,k_oracle_1000,all,inject,,1000,0.316249281167984,1000,27.704622268251665,78.08750117694649,96.34091258049011
57,4,cover,test,k_attr_3000,all,inject,,3000,0.316249281167984,3000,11.990257798920334,14.31367454901154,6.213183701038361
57,4,cover,test,k_random_3000,all,inject,,3000,0.316249281167984,3000,1.5712762443616968,2.18935954821819,1.372147910296917
57,4,cover,test,k_magnitude_3000,all,inject,,3000,0.316249281167984,3000,2.7952050427999975,9.355126768035179,7.36551508307457
57,4,cover,test,k_oracle_3000,all,inject,,3000,0.316249281167984,3000,25.96535478037405,90.38767091878546,151.70809030532837
57,4,cover,test,k_attr_30,all,remove,,30,0.316249281167984,30,-0.21922308349429098,-0.19676950765658183,-0.8852225728332996
57,4,cover,test,k_attr_100,all,remove,,100,0.316249281167984,100,9.834798165963266,12.269747582028812,10.037115961313248
57,4,cover,test,k_attr_300,all,remove,,300,0.316249281167984,300,11.411615534560637,15.792317111232776,12.016771733760834
57,4,cover,test,k_attr_1000,all,remove,,1000,0.316249281167984,1000,14.899649580434183,23.143606652275952,20.118480920791626
57,4,cover,test,mlp_ceiling,occluder_tokens,inject,,,0.316249281167984,,27.42042290651756,40.78596105527638,
57,4,cover,test,attr,occluder_tokens,inject,,,0.316249281167984,,-0.27622692788480396,-0.17445295596718957,
57,4,cover,test,mlp_ceiling,other_tokens,inject,,,0.316249281167984,,20.047919416221827,51.083880540802554,
57,4,cover,test,attr,other_tokens,inject,,,0.316249281167984,,2.1429449850234206,2.3894799563832345,
57,4,paint,test,sel_capped,all,inject,,,0.2378878891468048,12,0.19931239447605886,0.20392801259915083,0.0975885079242289
57,4,paint,test,rand_sel_same_norm,all,inject,0,,0.2378878891468048,12,0.0,0.0,
57,4,paint,test,rand_sel_same_norm,all,inject,1,,0.2378878891468048,12,0.18781805952323705,0.19204019187259194,
57,4,paint,test,rand_sel_same_norm,all,inject,2,,0.2378878891468048,12,0.24266514227355707,0.25008222195392527,
57,4,paint,test,sel_capped,all,remove,,,0.2378878891468048,12,1.5848088363686563,1.61407149935047,1.0404923930764198
57,4,paint,test,attr,all,inject,,,0.2378878891468048,100,7.380427909974118,8.411782110332489,1.465910393744707
57,4,paint,test,rand_attr_same_norm,all,inject,0,,0.2378878891468048,100,-1.1462013008204597,-1.0150758756137794,
57,4,paint,test,rand_attr_same_norm,all,inject,1,,0.2378878891468048,100,0.8860409664361635,1.2551618745564272,
57,4,paint,test,rand_attr_same_norm,all,inject,2,,0.2378878891468048,100,-0.3516326904147826,-0.21736651349664834,
57,4,paint,test,attr,all,remove,,,0.2378878891468048,100,50.68805965979525,83.39727842548893,70.73848247528076
57,4,paint,test,rand_attr_same_norm,all,remove,0,,0.2378878891468048,100,0.2170456164114265,0.24530943275774406,
57,4,paint,test,rand_attr_same_norm,all,remove,1,,0.2378878891468048,100,-2.930504186005023,-2.6942710143936646,
57,4,paint,test,rand_attr_same_norm,all,remove,2,,0.2378878891468048,100,2.6313821276934823,2.7704719349063933,
57,4,paint,test,mlp_ceiling,all,inject,,,0.2378878891468048,,91.9202710019665,94.83236922970255,
57,4,paint,test,mlp_ceiling,all,remove,,,0.2378878891468048,,95.72464766261602,98.14768841428948,
57,4,paint,test,all_tc,all,inject,,,0.2378878891468048,73728,42.556180989359696,62.406848522258805,9.94902178645134
57,4,paint,test,k_attr_10,all,inject,,10,0.2378878891468048,10,0.5341514543684922,0.5861101217158765,-0.03919284790754318
57,4,paint,test,k_random_10,all,inject,,10,0.2378878891468048,10,0.13145510262655424,0.13622742323122214,-0.019999344658572227
57,4,paint,test,k_attr_30,all,inject,,30,0.2378878891468048,30,0.5457397484626147,0.6842237308643806,-0.058153411373496056
57,4,paint,test,k_random_30,all,inject,,30,0.2378878891468048,30,0.28928766818843155,0.30501719280692347,-0.03761241096071899
57,4,paint,test,k_attr_100,all,inject,,100,0.2378878891468048,100,7.380427909974118,8.411782110332489,1.465910393744707
57,4,paint,test,k_random_100,all,inject,,100,0.2378878891468048,100,0.8446676245487894,0.990251601435996,0.5186863243579865
57,4,paint,test,k_attr_300,all,inject,,300,0.2378878891468048,300,15.247733298355481,18.74532473135261,2.865862660109997
57,4,paint,test,k_random_300,all,inject,,300,0.2378878891468048,300,-0.0016474169441949016,0.025462643502098814,0.05339542403817177
57,4,paint,test,k_attr_1000,all,inject,,1000,0.2378878891468048,1000,32.14790095904721,43.94012959786912,3.13839428126812
57,4,paint,test,k_random_1000,all,inject,,1000,0.2378878891468048,1000,2.1250551070363777,2.2613735178531704,1.9338252022862434
57,4,paint,test,k_attr_3000,all,inject,,3000,0.2378878891468048,3000,26.203788858525467,32.72859463639314,4.267415031790733
57,4,paint,test,k_random_3000,all,inject,,3000,0.2378878891468048,3000,2.1269969292899815,2.4635578216618534,1.7876267433166504
58,4,cover,test,sel_capped,all,inject,,,0.2665535807609558,129,-0.07125404207084518,-0.04170841156171198,-0.4543989896774292
58,4,cover,test,rand_sel_same_norm,all,inject,0,,0.2665535807609558,129,0.371509384894142,0.38269297508928024,
58,4,cover,test,rand_sel_same_norm,all,inject,1,,0.2665535807609558,129,0.18821442714903602,0.21377062849591894,
58,4,cover,test,rand_sel_same_norm,all,inject,2,,0.2665535807609558,129,0.5506339742582078,0.5811389974912334,
58,4,cover,test,rand_sel_same_norm,all,inject,3,,0.2665535807609558,129,0.011102347995661788,0.0150393327162165,
58,4,cover,test,rand_sel_same_norm,all,inject,4,,0.2665535807609558,129,0.2630350845377327,0.2743673715556232,
58,4,cover,test,sel_uncapped,all,inject,,,0.2665535807609558,457,1.8658429387836906,1.9919112287111687,1.2836583890020847
58,4,cover,test,sel_target,all,inject,,,0.2665535807609558,129,-0.15516453724451207,-0.1239359530150068,
58,4,cover,test,sel_xtask,all,inject,,,0.2665535807609558,132,0.04814371648471649,0.07751021391532105,-0.15114661073312163
58,4,cover,test,color,all,inject,,,0.2665535807609558,130,-0.506526458807155,-0.49485934006453963,
58,4,cover,test,sel_capped,all,remove,,,0.2665535807609558,129,0.02076239700699034,0.05587526220949938,0.959246326237917
58,4,cover,test,attr,all,inject,,,0.2665535807609558,100,1.7670734098877316,2.0299579356492057,1.7622815445065498
58,4,cover,test,rand_attr_same_norm,all,inject,0,,0.2665535807609558,100,0.6522992817351025,0.6991271602149153,
58,4,cover,test,rand_attr_same_norm,all,inject,1,,0.2665535807609558,100,0.06249962265433284,0.07266572910937368,
58,4,cover,test,rand_attr_same_norm,all,inject,2,,0.2665535807609558,100,0.388682805358731,0.4125358829398734,
58,4,cover,test,rand_attr_same_norm,all,inject,3,,0.2665535807609558,100,-0.9310654877531022,-0.904107627324563,
58,4,cover,test,rand_attr_same_norm,all,inject,4,,0.2665535807609558,100,0.43836944633831587,0.4484170850884434,
58,4,cover,test,attr,all,remove,,,0.2665535807609558,100,10.656124169196657,12.640757152178333,12.523476779460907
58,4,cover,test,rand_attr_same_norm,all,remove,0,,0.2665535807609558,100,1.339280822767841,1.4144138433998592,
58,4,cover,test,rand_attr_same_norm,all,remove,1,,0.2665535807609558,100,-0.19930559453240626,-0.19197359649547346,
58,4,cover,test,rand_attr_same_norm,all,remove,2,,0.2665535807609558,100,0.09752848093269595,0.11421747204118139,
58,4,cover,test,attr_xtask,all,inject,,,0.2665535807609558,100,0.8886350641442942,1.101618454141436,0.6024127826094627
58,4,cover,test,rand_attr_raw,all,inject,0,,0.2665535807609558,100,0.5861995019260879,0.6302015617990377,0.3137823427096009
58,4,cover,test,rand_attr_raw,all,inject,1,,0.2665535807609558,100,0.1445764974138175,0.15575839164355004,-0.2846397925168276
58,4,cover,test,single_attr_0,all,inject,,,0.2665535807609558,1,0.0,0.0,0.0
58,4,cover,test,single_attr_1,all,inject,,,0.2665535807609558,1,0.0,0.0,0.0
58,4,cover,test,single_attr_2,all,inject,,,0.2665535807609558,1,0.0,0.0,0.0
58,4,cover,test,mlp_ceiling,all,inject,,,0.2665535807609558,,90.18099832022482,97.61590859741702,
58,4,cover,test,mlp_ceiling,all,remove,,,0.2665535807609558,,92.78725215098208,98.72586657295001,
58,4,cover,test,all_tc,all,inject,,,0.2665535807609558,73728,62.18030716272509,77.69955869362514,39.47049081325531
58,4,cover,test,tc_error,all,inject,,,0.2665535807609558,,-1.4240522250871912,42.70571268444619,
58,4,cover,test,k_attr_10,all,inject,,10,0.2665535807609558,10,0.29143383973307957,0.303296685538854,0.046956428559497
58,4,cover,test,k_random_10,all,inject,,10,0.2665535807609558,10,0.04248632667021024,0.05083509984650688,-0.09246840490959585
58,4,cover,test,k_magnitude_10,all,inject,,10,0.2665535807609558,10,1.5938186419715228,1.7960318858562982,1.2597505003213882
58,4,cover,test,k_oracle_10,all,inject,,10,0.2665535807609558,10,7.259001343238758,8.281037961613547,7.946295291185379
58,4,cover,test,k_attr_30,all,inject,,30,0.2665535807609558,30,0.5776686947551957,0.6384744504302501,0.2865278394892812
58,4,cover,test,k_random_30,all,inject,,30,0.2665535807609558,30,0.09090955846197124,0.09711381019517282,-0.05479422979988158
58,4,cover,test,k_magnitude_30,all,inject,,30,0.2665535807609558,30,2.884094841108964,3.3342769618774706,2.212968096137047
58,4,cover,test,k_oracle_30,all,inject,,30,0.2665535807609558,30,9.923100866788149,18.941814624631103,17.710216343402863
58,4,cover,test,k_attr_100,all,inject,,100,0.2665535807609558,100,1.7670734098877316,2.0299579356492057,1.7622815445065498
58,4,cover,test,k_random_100,all,inject,,100,0.2665535807609558,100,0.18833741388413205,0.271662512921003,0.06940914317965508
58,4,cover,test,k_magnitude_100,all,inject,,100,0.2665535807609558,100,1.6893122514689662,2.2450290714419006,0.33016419038176537
58,4,cover,test,k_oracle_100,all,inject,,100,0.2665535807609558,100,9.832454052714802,31.337843549883605,39.91137444972992
58,4,cover,test,k_attr_300,all,inject,,300,0.2665535807609558,300,2.398710920126379,2.94254320353131,1.8832672387361526
58,4,cover,test,k_random_300,all,inject,,300,0.2665535807609558,300,0.21945305786391645,0.33319277376246953,0.05175073747523129
58,4,cover,test,k_magnitude_300,all,inject,,300,0.2665535807609558,300,4.324672011148412,6.274359307313819,2.7215858921408653
58,4,cover,test,k_oracle_300,all,inject,,300,0.2665535807609558,300,12.204152613568741,46.13146875631094,78.81408333778381
58,4,cover,test,k_attr_1000,all,inject,,1000,0.2665535807609558,1000,5.194400659924458,8.81449984088672,5.834133177995682
58,4,cover,test,k_random_1000,all,inject,,1000,0.2665535807609558,1000,1.2321593764974992,1.334390295094732,0.9581340476870537
58,4,cover,test,k_magnitude_1000,all,inject,,1000,0.2665535807609558,1000,7.793250130198226,14.193069410589036,7.682346552610397
58,4,cover,test,k_oracle_1000,all,inject,,1000,0.2665535807609558,1000,8.679022957598425,67.98110827978871,147.59989976882935
58,4,cover,test,k_attr_3000,all,inject,,3000,0.2665535807609558,3000,16.020995624579193,20.391258364760347,6.558600068092346
58,4,cover,test,k_random_3000,all,inject,,3000,0.2665535807609558,3000,4.582698181383971,5.127084109756793,3.278215229511261
58,4,cover,test,k_magnitude_3000,all,inject,,3000,0.2665535807609558,3000,6.52262385714576,19.494256773780954,11.327936500310898
58,4,cover,test,k_oracle_3000,all,inject,,3000,0.2665535807609558,3000,12.243374201452717,88.34659558558634,229.94637489318848
58,4,cover,test,k_attr_30,all,remove,,30,0.2665535807609558,30,-1.7154860648202597,-1.6024301610054579,-0.8061577565968037
58,4,cover,test,k_attr_100,all,remove,,100,0.2665535807609558,100,10.656124169196657,12.640757152178333,12.523476779460907
58,4,cover,test,k_attr_300,all,remove,,300,0.2665535807609558,300,12.278145905648596,16.48968302441171,14.352762699127197
58,4,cover,test,k_attr_1000,all,remove,,1000,0.2665535807609558,1000,17.68800814485243,25.467171390811128,21.366599202156067
58,4,cover,test,mlp_ceiling,occluder_tokens,inject,,,0.2665535807609558,,31.054055577034756,57.11741808350605,
58,4,cover,test,attr,occluder_tokens,inject,,,0.2665535807609558,,-0.6436566684413947,-0.5848958987277151,
58,4,cover,test,mlp_ceiling,other_tokens,inject,,,0.2665535807609558,,-0.2535874671597549,37.22519786765963,
58,4,cover,test,attr,other_tokens,inject,,,0.2665535807609558,,2.8667425308478656,3.3744747325121316,
58,4,paint,test,sel_capped,all,inject,,,0.2188366800546646,12,0.054017869271849595,0.0629597192394592,0.07469906122423708
58,4,paint,test,rand_sel_same_norm,all,inject,0,,0.2188366800546646,12,0.0,0.0,
58,4,paint,test,rand_sel_same_norm,all,inject,1,,0.2188366800546646,12,0.14323961905996496,0.15026119026279167,
58,4,paint,test,rand_sel_same_norm,all,inject,2,,0.2188366800546646,12,0.09569054794874576,0.1008787720078837,
58,4,paint,test,sel_capped,all,remove,,,0.2188366800546646,12,1.2384275754379281,1.2698194704907735,0.9779276326298714
58,4,paint,test,attr,all,inject,,,0.2188366800546646,100,20.789770800948205,32.399505107103515,2.1319320425391197
58,4,paint,test,rand_attr_same_norm,all,inject,0,,0.2188366800546646,100,-0.918508055458167,-0.7177228077746775,
58,4,paint,test,rand_attr_same_norm,all,inject,1,,0.2188366800546646,100,-0.028435474861865373,0.06113266514482928,
58,4,paint,test,rand_attr_same_norm,all,inject,2,,0.2188366800546646,100,-0.07444565293699412,0.020757587293292034,
58,4,paint,test,attr,all,remove,,,0.2188366800546646,100,41.09291093942542,82.99355011971197,81.98420405387878
58,4,paint,test,rand_attr_same_norm,all,remove,0,,0.2188366800546646,100,-0.09851639135574075,-0.058101788204559524,
58,4,paint,test,rand_attr_same_norm,all,remove,1,,0.2188366800546646,100,-5.851742908716195,-5.45021463091846,
58,4,paint,test,rand_attr_same_norm,all,remove,2,,0.2188366800546646,100,3.611495966772438,3.872052576538276,
58,4,paint,test,mlp_ceiling,all,inject,,,0.2188366800546646,,88.80274530346529,93.7913302138429,
58,4,paint,test,mlp_ceiling,all,remove,,,0.2188366800546646,,95.81701848530571,98.47416178866969,
58,4,paint,test,all_tc,all,inject,,,0.2188366800546646,73728,68.5605480529224,82.977573352026,9.83051210641861
58,4,paint,test,k_attr_10,all,inject,,10,0.2188366800546646,10,-0.07324722296198072,-0.02597069318574927,0.023020757362246513
58,4,paint,test,k_random_10,all,inject,,10,0.2188366800546646,10,-0.14712770721756474,-0.14362546243297494,-0.006515732093248516
58,4,paint,test,k_attr_30,all,inject,,30,0.2188366800546646,30,-0.06648562656881296,0.07570526362804628,-0.516775855794549
58,4,paint,test,k_random_30,all,inject,,30,0.2188366800546646,30,0.01842586086595599,0.04646616385674506,-0.02241241163574159
58,4,paint,test,k_attr_100,all,inject,,100,0.2188366800546646,100,20.789770800948205,32.399505107103515,2.1319320425391197
58,4,paint,test,k_random_100,all,inject,,100,0.2188366800546646,100,-0.03808419801303309,-0.02703765408238988,-0.06689789006486535
58,4,paint,test,k_attr_300,all,inject,,300,0.2188366800546646,300,29.96081065889067,42.69508953362404,4.77239303290844
58,4,paint,test,k_random_300,all,inject,,300,0.2188366800546646,300,-0.2886718202333327,-0.25297984604438445,-0.30172623228281736
58,4,paint,test,k_attr_1000,all,inject,,1000,0.2188366800546646,1000,34.721873342157686,47.640029996267536,5.031558126211166
58,4,paint,test,k_random_1000,all,inject,,1000,0.2188366800546646,1000,1.507345728867071,1.6148202869673274,1.48629080504179
58,4,paint,test,k_attr_3000,all,inject,,3000,0.2188366800546646,3000,40.40719109735398,54.097267107886424,5.767726898193359
58,4,paint,test,k_random_3000,all,inject,,3000,0.2188366800546646,3000,1.5866123387490383,2.0350911025676623,1.6078297048807144
59,4,cover,test,sel_capped,all,inject,,,0.24483643472194672,129,-0.6566490340183417,-0.6140511274885831,-0.6485761143267155
59,4,cover,test,rand_sel_same_norm,all,inject,0,,0.24483643472194672,129,-0.3424809480061519,-0.322776084383779,
59,4,cover,test,rand_sel_same_norm,all,inject,1,,0.24483643472194672,129,0.0023918647385268166,0.055194533937089986,
59,4,cover,test,rand_sel_same_norm,all,inject,2,,0.24483643472194672,129,0.3164199688448943,0.33334223442840655,
59,4,cover,test,rand_sel_same_norm,all,inject,3,,0.24483643472194672,129,0.00964049299192471,0.022352659861697807,
59,4,cover,test,rand_sel_same_norm,all,inject,4,,0.24483643472194672,129,0.3385371099639989,0.3516494110328298,
59,4,cover,test,sel_uncapped,all,inject,,,0.24483643472194672,457,0.30353554733990595,0.6063953287128814,-0.0709331186953932
59,4,cover,test,sel_target,all,inject,,,0.24483643472194672,129,-0.4281437881964223,-0.38508618835803926,
59,4,cover,test,sel_xtask,all,inject,,,0.24483643472194672,132,-0.6498507823314847,-0.6240541704613864,-0.6550035905092955
59,4,cover,test,color,all,inject,,,0.24483643472194672,130,-0.07340529417654285,-0.05323438368187027,
59,4,cover,test,sel_capped,all,remove,,,0.24483643472194672,129,1.3189399474580976,1.3447157387489779,1.311458833515644
59,4,cover,test,attr,all,inject,,,0.24483643472194672,100,1.4799678285063456,1.8886131782699787,1.5838947147130966
59,4,cover,test,rand_attr_same_norm,all,inject,0,,0.24483643472194672,100,-0.15359666770029534,-0.12041477611081576,
59,4,cover,test,rand_attr_same_norm,all,inject,1,,0.24483643472194672,100,-0.34270005011960425,-0.3326494390784527,
59,4,cover,test,rand_attr_same_norm,all,inject,2,,0.24483643472194672,100,0.1521542454534064,0.18600942571564522,
59,4,cover,test,rand_attr_same_norm,all,inject,3,,0.24483643472194672,100,-0.8709248148054627,-0.8523341623004284,
59,4,cover,test,rand_attr_same_norm,all,inject,4,,0.24483643472194672,100,0.049657059546170945,0.056600406186243936,
59,4,cover,test,attr,all,remove,,,0.24483643472194672,100,14.557424381622319,16.947899414669216,17.282313108444214
59,4,cover,test,rand_attr_same_norm,all,remove,0,,0.24483643472194672,100,0.3130299722561958,0.33723749927726837,
59,4,cover,test,rand_attr_same_norm,all,remove,1,,0.24483643472194672,100,-0.6785592453636413,-0.6627791187201668,
59,4,cover,test,rand_attr_same_norm,all,remove,2,,0.24483643472194672,100,-0.39793204121918446,-0.37467959182755095,
59,4,cover,test,attr_xtask,all,inject,,,0.24483643472194672,100,0.5152977399921266,0.7346208849980372,0.9229019284248352
59,4,cover,test,rand_attr_raw,all,inject,0,,0.24483643472194672,100,-0.10469429321158241,-0.09767239001161279,0.040293121128343046
59,4,cover,test,rand_attr_raw,all,inject,1,,0.24483643472194672,100,-0.26752976669581763,-0.24633461010993338,-0.32688784413039684
59,4,cover,test,single_attr_0,all,inject,,,0.24483643472194672,1,0.0,0.0,0.0
59,4,cover,test,single_attr_1,all,inject,,,0.24483643472194672,1,0.0,0.0,0.0
59,4,cover,test,single_attr_2,all,inject,,,0.24483643472194672,1,0.0,0.0,0.0
59,4,cover,test,mlp_ceiling,all,inject,,,0.24483643472194672,,85.1780965443032,94.0636916548772,
59,4,cover,test,mlp_ceiling,all,remove,,,0.24483643472194672,,52.95561751952671,98.8527931167587,
59,4,cover,test,all_tc,all,inject,,,0.24483643472194672,73728,57.009362659339736,83.89581246578389,21.813908219337463
59,4,cover,test,tc_error,all,inject,,,0.24483643472194672,,-25.924411596709685,32.04498999721271,
59,4,cover,test,k_attr_10,all,inject,,10,0.24483643472194672,10,-0.011782824767903044,-0.008891268724032798,-0.011645180347841233
59,4,cover,test,k_random_10,all,inject,,10,0.24483643472194672,10,-0.09445126940765824,-0.08290326730596748,-0.14030328020453453
59,4,cover,test,k_magnitude_10,all,inject,,10,0.24483643472194672,10,1.6089946286508283,1.9136031009367875,1.3804459944367409
59,4,cover,test,k_oracle_10,all,inject,,10,0.24483643472194672,10,6.188240972156079,8.273483163626254,7.792994379997253
59,4,cover,test,k_attr_30,all,inject,,30,0.24483643472194672,30,0.2699885793023382,0.2957309469709091,0.2937679644674063
59,4,cover,test,k_random_30,all,inject,,30,0.24483643472194672,30,-0.06881023596385649,-0.0651242987713608,-0.012742778926622123
59,4,cover,test,k_magnitude_30,all,inject,,30,0.24483643472194672,30,1.569300629096948,2.1315377892267353,1.6253430396318436
59,4,cover,test,k_oracle_30,all,inject,,30,0.24483643472194672,30,-0.9476896747216079,14.390993164140802,17.182521522045135
59,4,cover,test,k_attr_100,all,inject,,100,0.24483643472194672,100,1.4799678285063456,1.8886131782699787,1.5838947147130966
59,4,cover,test,k_random_100,all,inject,,100,0.24483643472194672,100,0.16682800088493321,0.2647869580399301,0.2829114207997918
59,4,cover,test,k_magnitude_100,all,inject,,100,0.24483643472194672,100,0.4583433628340128,1.7019286774811557,0.9825514629483223
59,4,cover,test,k_oracle_100,all,inject,,100,0.24483643472194672,100,15.193435213787366,22.19004223116248,38.2568895816803
59,4,cover,test,k_attr_300,all,inject,,300,0.24483643472194672,300,0.8590080943015499,1.579409192364245,1.2876749970018864
59,4,cover,test,k_random_300,all,inject,,300,0.24483643472194672,300,-0.5561481118114608,-0.4860599476096857,-0.4904822912067175
59,4,cover,test,k_magnitude_300,all,inject,,300,0.24483643472194672,300,0.053479174191961576,2.058700988569568,-0.1084976946003735
59,4,cover,test,k_oracle_300,all,inject,,300,0.24483643472194672,300,16.127497954286174,36.82122092732556,72.4161148071289
59,4,cover,test,k_attr_1000,all,inject,,1000,0.24483643472194672,1000,1.480375601884154,5.124366541653796,3.6242086440324783
59,4,cover,test,k_random_1000,all,inject,,1000,0.24483643472194672,1000,1.5206964769293063,1.7396453810541046,1.4260024763643742
59,4,cover,test,k_magnitude_1000,all,inject,,1000,0.24483643472194672,1000,2.9731548178576706,7.794547335465831,2.8861554339528084
59,4,cover,test,k_oracle_1000,all,inject,,1000,0.24483643472194672,1000,17.97611117484683,55.11252158422042,135.20421981811523
59,4,cover,test,k_attr_3000,all,inject,,3000,0.24483643472194672,3000,9.325296343216161,14.82382417021775,5.212026834487915
59,4,cover,test,k_random_3000,all,inject,,3000,0.24483643472194672,3000,3.9336558800464605,4.779816178897073,4.120685905218124
59,4,cover,test,k_magnitude_3000,all,inject,,3000,0.24483643472194672,3000,-10.896161117956371,12.351876383985577,6.8408481776714325
59,4,cover,test,k_oracle_3000,all,inject,,3000,0.24483643472194672,3000,24.300919711552073,73.59739612983132,211.22570037841797
59,4,cover,test,k_attr_30,all,remove,,30,0.24483643472194672,30,-0.756005756299416,-0.7071539588328439,-0.29256080742925406
59,4,cover,test,k_attr_100,all,remove,,100,0.24483643472194672,100,14.557424381622319,16.947899414669216,17.282313108444214
59,4,cover,test,k_attr_300,all,remove,,300,0.24483643472194672,300,16.640829861427044,22.71504083569956,22.229279577732086
59,4,cover,test,k_attr_1000,all,remove,,1000,0.24483643472194672,1000,23.50951679159038,34.47539776147748,35.1663202047348
59,4,cover,test,mlp_ceiling,occluder_tokens,inject,,,0.24483643472194672,,33.10428438967432,62.41119264897407,
59,4,cover,test,attr,occluder_tokens,inject,,,0.24483643472194672,,-0.48829949067887846,-0.34145900898132664,
59,4,cover,test,mlp_ceiling,other_tokens,inject,,,0.24483643472194672,,-22.082188245841095,23.60823255848626,
59,4,cover,test,attr,other_tokens,inject,,,0.24483643472194672,,1.8793362058026175,2.348599602961254,
59,4,paint,test,sel_capped,all,inject,,,0.20963159203529358,12,0.07226969198056432,0.08371024271309199,0.058022665325552225
59,4,paint,test,rand_sel_same_norm,all,inject,0,,0.20963159203529358,12,0.0,0.0,
59,4,paint,test,rand_sel_same_norm,all,inject,1,,0.20963159203529358,12,-0.04682922501897391,-0.04184386802333595,
59,4,paint,test,rand_sel_same_norm,all,inject,2,,0.20963159203529358,12,0.062055120585258194,0.0697885404460953,
59,4,paint,test,sel_capped,all,remove,,,0.20963159203529358,12,1.777541562358853,1.851236951757418,0.7650289218872786
59,4,paint,test,attr,all,inject,,,0.20963159203529358,100,4.323045452070485,6.340871274204903,0.9028545580804348
59,4,paint,test,rand_attr_same_norm,all,inject,0,,0.20963159203529358,100,0.18077729973930978,0.3135779900002071,
59,4,paint,test,rand_attr_same_norm,all,inject,1,,0.20963159203529358,100,0.02556130740258844,0.22688921372096563,
59,4,paint,test,rand_attr_same_norm,all,inject,2,,0.20963159203529358,100,-0.8040936192124315,-0.7306783622076938,
59,4,paint,test,attr,all,remove,,,0.20963159203529358,100,11.753531277557839,80.98158151204294,71.77609205245972
59,4,paint,test,rand_attr_same_norm,all,remove,0,,0.20963159203529358,100,-0.11055478699455445,-0.04544267308479757,
59,4,paint,test,rand_attr_same_norm,all,remove,1,,0.20963159203529358,100,-4.1979329460657855,-3.4374470254713003,
59,4,paint,test,rand_attr_same_norm,all,remove,2,,0.20963159203529358,100,2.7305177131472513,3.1157711163059303,
59,4,paint,test,mlp_ceiling,all,inject,,,0.20963159203529358,,87.12001901033385,93.80303885768097,
59,4,paint,test,mlp_ceiling,all,remove,,,0.20963159203529358,,94.62710479169311,98.46232343012174,
59,4,paint,test,all_tc,all,inject,,,0.20963159203529358,73728,57.31912425084258,77.17454588699404,10.683201253414154
59,4,paint,test,k_attr_10,all,inject,,10,0.20963159203529358,10,-0.1467287284216301,-0.07105492038738262,-0.2907170448452234
59,4,paint,test,k_random_10,all,inject,,10,0.20963159203529358,10,-0.005615526375990498,0.003837286716099433,0.002740426134550944
59,4,paint,test,k_attr_30,all,inject,,30,0.20963159203529358,30,-0.050838284355747554,0.26532597389892654,-0.08665070054121315
59,4,paint,test,k_random_30,all,inject,,30,0.20963159203529358,30,-0.06476336811596095,-0.04189185136421463,-0.08180823642760515
59,4,paint,test,k_attr_100,all,inject,,100,0.20963159203529358,100,4.323045452070485,6.340871274204903,0.9028545580804348
59,4,paint,test,k_random_100,all,inject,,100,0.20963159203529358,100,-0.23900817577990896,-0.19824385252102023,0.004230775812175125
59,4,paint,test,k_attr_300,all,inject,,300,0.20963159203529358,300,9.072735851752379,14.849658675074718,2.2790610790252686
59,4,paint,test,k_random_300,all,inject,,300,0.20963159203529358,300,-0.7739759163579496,-0.6630404103345764,-0.5115240812301636
59,4,paint,test,k_attr_1000,all,inject,,1000,0.20963159203529358,1000,15.04309241208751,22.10852854104846,5.542854219675064
59,4,paint,test,k_random_1000,all,inject,,1000,0.20963159203529358,1000,0.6207431289058984,0.6928511288170648,0.9788811206817627
59,4,paint,test,k_attr_3000,all,inject,,3000,0.20963159203529358,3000,17.986147136173958,26.722513109781392,6.2444984912872314
59,4,paint,test,k_random_3000,all,inject,,3000,0.20963159203529358,3000,1.9818472067874238,2.5604101064023053,2.4815328419208527
66,5,cover,test,sel_capped,all,inject,,,0.8072509765625,129,-0.04162905923936755,-0.036193694425050486,0.022335958783514798
66,5,cover,test,rand_sel_same_norm,all,inject,0,,0.8072509765625,129,-0.040617498204298386,-0.03979711273080296,
66,5,cover,test,rand_sel_same_norm,all,inject,1,,0.8072509765625,129,-0.3475192093225443,-0.3407028484988207,
66,5,cover,test,rand_sel_same_norm,all,inject,2,,0.8072509765625,129,-0.03236256946543836,-0.030836052876600732,
66,5,cover,test,rand_sel_same_norm,all,inject,3,,0.8072509765625,129,-0.0574079346552292,-0.056655269077805735,
66,5,cover,test,rand_sel_same_norm,all,inject,4,,0.8072509765625,129,0.04997997552169675,0.052756031175308825,
66,5,cover,test,sel_uncapped,all,inject,,,0.8072509765625,457,-2.6846977544231043,-1.6503597628333844,-0.2536117099225521
66,5,cover,test,sel_target,all,inject,,,0.8072509765625,129,-0.038985709965211335,-0.03318666831380572,
66,5,cover,test,sel_xtask,all,inject,,,0.8072509765625,126,-1.69018558379328,-1.0096891465676063,-0.11344696395099163
66,5,cover,test,color,all,inject,,,0.8072509765625,130,-0.19898956128081569,-0.1966062701439958,
66,5,cover,test,sel_capped,all,remove,,,0.8072509765625,129,3.772657490454412,4.0480537829300145,2.6533931493759155
66,5,cover,test,attr,all,inject,,,0.8072509765625,100,0.38934024364887243,0.411259806023222,0.412956764921546
66,5,cover,test,rand_attr_same_norm,all,inject,0,,0.8072509765625,100,0.03484347828140999,0.03669905766671214,
66,5,cover,test,rand_attr_same_norm,all,inject,1,,0.8072509765625,100,0.01332750122864379,0.016437017590061925,
66,5,cover,test,rand_attr_same_norm,all,inject,2,,0.8072509765625,100,-0.0457934418947481,-0.04274748502990357,
66,5,cover,test,rand_attr_same_norm,all,inject,3,,0.8072509765625,100,-0.18777378600862704,-0.18557602804624918,
66,5,cover,test,rand_attr_same_norm,all,inject,4,,0.8072509765625,100,-0.10693750708830052,-0.10559800183570608,
66,5,cover,test,attr,all,remove,,,0.8072509765625,100,11.104311583245119,13.78567079505963,10.130412876605988
66,5,cover,test,rand_attr_same_norm,all,remove,0,,0.8072509765625,100,0.4726574313851484,0.50479016367214,
66,5,cover,test,rand_attr_same_norm,all,remove,1,,0.8072509765625,100,0.3106526089709627,0.316816689245314,
66,5,cover,test,rand_attr_same_norm,all,remove,2,,0.8072509765625,100,2.520514753137759,2.615738996969503,
66,5,cover,test,attr_xtask,all,inject,,,0.8072509765625,100,0.4385227841940065,0.46833196065705684,0.4130077548325062
66,5,cover,test,rand_attr_raw,all,inject,0,,0.8072509765625,100,-0.11961524648420596,-0.11897158123576423,-0.14836331829428673
66,5,cover,test,rand_attr_raw,all,inject,1,,0.8072509765625,100,0.04315747627778865,0.04405098330931798,0.06359000690281391
66,5,cover,test,single_attr_0,all,inject,,,0.8072509765625,1,0.0,0.0,0.0
66,5,cover,test,single_attr_1,all,inject,,,0.8072509765625,1,0.0,0.0,0.0
66,5,cover,test,single_attr_2,all,inject,,,0.8072509765625,1,-0.030974441913644846,-0.03075170099185262,0.002697659147088416
66,5,cover,test,mlp_ceiling,all,inject,,,0.8072509765625,,73.20245050291565,83.65331801916884,
66,5,cover,test,mlp_ceiling,all,remove,,,0.8072509765625,,81.18705986019488,103.12751089120489,
66,5,cover,test,all_tc,all,inject,,,0.8072509765625,73728,39.09856547354642,49.53331961409697,-0.9427452459931374
66,5,cover,test,tc_error,all,inject,,,0.8072509765625,,-15.877705667340836,-2.1621355248029386,
66,5,cover,test,k_attr_10,all,inject,,10,0.8072509765625,10,-0.06941376124678378,-0.06870083712652825,-0.055090972455218434
66,5,cover,test,k_random_10,all,inject,,10,0.8072509765625,10,-0.04004157294343891,-0.039569860482089776,-0.0008081568921625149
66,5,cover,test,k_magnitude_10,all,inject,,10,0.8072509765625,10,0.43638152360879756,0.45778945813052746,0.41471817530691624
66,5,cover,test,k_oracle_10,all,inject,,10,0.8072509765625,10,1.8210904421215757,1.901377696107586,1.787278987467289
66,5,cover,test,k_attr_30,all,inject,,30,0.8072509765625,30,-0.11710480303945836,-0.1146413131075395,-0.07100036600604653
66,5,cover,test,k_random_30,all,inject,,30,0.8072509765625,30,-0.06931039004611783,-0.06827345903491662,-0.002164220859413035
66,5,cover,test,k_magnitude_30,all,inject,,30,0.8072509765625,30,0.6911546149629522,0.72301143604947,0.638526352122426
66,5,cover,test,k_oracle_30,all,inject,,30,0.8072509765625,30,4.223643887985784,4.614946951914389,4.079337790608406
66,5,cover,test,k_attr_100,all,inject,,100,0.8072509765625,100,0.38934024364887243,0.411259806023222,0.412956764921546
66,5,cover,test,k_random_100,all,inject,,100,0.8072509765625,100,-0.06787057689399134,-0.06516724383574328,-0.027854216750711203
66,5,cover,test,k_magnitude_100,all,inject,,100,0.8072509765625,100,1.2129502849500984,1.284899966094397,0.9574158117175102
66,5,cover,test,k_oracle_100,all,inject,,100,0.8072509765625,100,11.65736965777635,14.36837400689967,9.340120106935501
66,5,cover,test,k_attr_300,all,inject,,300,0.8072509765625,300,0.13891612637986217,0.17256903405810461,0.2347622299566865
66,5,cover,test,k_random_300,all,inject,,300,0.8072509765625,300,0.002318468357775938,0.008836088594080388,0.024546709028072655
66,5,cover,test,k_magnitude_300,all,inject,,300,0.8072509765625,300,1.0403572981249054,1.1665144772509326,0.7191129960119724
66,5,cover,test,k_oracle_300,all,inject,,300,0.8072509765625,300,20.171132499432932,26.524847294328865,17.976829409599304
66,5,cover,test,k_attr_1000,all,inject,,1000,0.8072509765625,1000,-3.225284831959785,-1.7967038475366455,-0.12424222659319639
66,5,cover,test,k_random_1000,all,inject,,1000,0.8072509765625,1000,-0.5691101452631075,-0.5484966573076141,-0.5000879522413015
66,5,cover,test,k_magnitude_1000,all,inject,,1000,0.8072509765625,1000,1.435656153126419,1.576375757641037,1.0270453989505768
66,5,cover,test,k_oracle_1000,all,inject,,1000,0.8072509765625,1000,27.605589251285345,39.81917368539855,34.33060646057129
66,5,cover,test,k_attr_3000,all,inject,,3000,0.8072509765625,3000,-7.5028589520641065,-3.2028374182850214,-0.9620439261198044
66,5,cover,test,k_random_3000,all,inject,,3000,0.8072509765625,3000,-1.771767612089814,-0.8428786329438828,0.47713275998830795
66,5,cover,test,k_magnitude_3000,all,inject,,3000,0.8072509765625,3000,-1.4310782856683746,-0.1260292030152839,0.895413476973772
66,5,cover,test,k_oracle_3000,all,inject,,3000,0.8072509765625,3000,31.325719404487373,50.41697602964854,55.58002591133118
66,5,cover,test,k_attr_30,all,remove,,30,0.8072509765625,30,1.6743033371767746,1.774579780927523,1.449939701706171
66,5,cover,test,k_attr_100,all,remove,,100,0.8072509765625,100,11.104311583245119,13.78567079505963,10.130412876605988
66,5,cover,test,k_attr_300,all,remove,,300,0.8072509765625,300,9.709169557122333,11.934153418973303,10.98877415060997
66,5,cover,test,k_attr_1000,all,remove,,1000,0.8072509765625,1000,37.61668393457962,47.94840996235996,20.810018479824066
66,5,cover,test,mlp_ceiling,occluder_tokens,inject,,,0.8072509765625,,50.87242339898685,66.83462026995764,
66,5,cover,test,attr,occluder_tokens,inject,,,0.8072509765625,,0.23920095833963595,0.2536643519748141,
66,5,cover,test,mlp_ceiling,other_tokens,inject,,,0.8072509765625,,-11.367413439910035,-3.8276401847494097,
66,5,cover,test,attr,other_tokens,inject,,,0.8072509765625,,0.11821973527521568,0.12720460220057264,
66,5,paint,test,sel_capped,all,inject,,,0.2944331467151642,12,0.9111965469636885,0.9263125567094376,0.6575938314199448
66,5,paint,test,rand_sel_same_norm,all,inject,0,,0.2944331467151642,12,0.16439029480834755,0.16675906587620348,
66,5,paint,test,rand_sel_same_norm,all,inject,1,,0.2944331467151642,12,0.10304126600264585,0.10524425337031802,
66,5,paint,test,rand_sel_same_norm,all,inject,2,,0.2944331467151642,12,0.1310081636416771,0.13332655352899445,
66,5,paint,test,sel_capped,all,remove,,,0.2944331467151642,12,0.8160605097182194,0.8273040234359824,0.8507342077791691
66,5,paint,test,attr,all,inject,,,0.2944331467151642,100,16.913712656777335,23.23180649347498,2.403510920703411
66,5,paint,test,rand_attr_same_norm,all,inject,0,,0.2944331467151642,100,-0.011377051373973046,-0.0015767511732103767,
66,5,paint,test,rand_attr_same_norm,all,inject,1,,0.2944331467151642,100,0.2115888629193874,0.21832657097321662,
66,5,paint,test,rand_attr_same_norm,all,inject,2,,0.2944331467151642,100,1.67339825742846,1.6992408965990744,
66,5,paint,test,attr,all,remove,,,0.2944331467151642,100,18.716398349436826,24.934210137563564,1.7507081851363182
66,5,paint,test,rand_attr_same_norm,all,remove,0,,0.2944331467151642,100,0.23627625464635038,0.2502627084144516,
66,5,paint,test,rand_attr_same_norm,all,remove,1,,0.2944331467151642,100,1.2199458334940183,1.2383888074790264,
66,5,paint,test,rand_attr_same_norm,all,remove,2,,0.2944331467151642,100,1.7542218830700285,1.784310160533362,
66,5,paint,test,mlp_ceiling,all,inject,,,0.2944331467151642,,58.38814865514447,72.35770323650355,
66,5,paint,test,mlp_ceiling,all,remove,,,0.2944331467151642,,60.680708012936236,76.94977057233267,
66,5,paint,test,all_tc,all,inject,,,0.2944331467151642,73728,51.04326751344723,63.17619619903285,8.807458728551865
66,5,paint,test,k_attr_10,all,inject,,10,0.2944331467151642,10,0.6196444226080677,0.6316977660740493,0.7251482456922531
66,5,paint,test,k_random_10,all,inject,,10,0.2944331467151642,10,0.377072326365091,0.381584355056618,0.05628635990433395
66,5,paint,test,k_attr_30,all,inject,,30,0.2944331467151642,30,1.6641974213973842,1.721414703159686,1.401903759688139
66,5,paint,test,k_random_30,all,inject,,30,0.2944331467151642,30,0.026843363206185966,0.02905170190860535,-0.06373408250510693
66,5,paint,test,k_attr_100,all,inject,,100,0.2944331467151642,100,16.913712656777335,23.23180649347498,2.403510920703411
66,5,paint,test,k_random_100,all,inject,,100,0.2944331467151642,100,-0.9755619114539371,-0.957466994588708,-1.0189592838287354
66,5,paint,test,k_attr_300,all,inject,,300,0.2944331467151642,300,20.985877172179222,27.77840884303255,3.5815656185150146
66,5,paint,test,k_random_300,all,inject,,300,0.2944331467151642,300,0.8269010987053349,0.8421228705319375,0.5238064099103212
66,5,paint,test,k_attr_1000,all,inject,,1000,0.2944331467151642,1000,25.51933354771585,32.744187993773636,9.695348143577576
66,5,paint,test,k_random_1000,all,inject,,1000,0.2944331467151642,1000,-0.38608084569144996,-0.35508298664382343,-0.4510163329541683
66,5,paint,test,k_attr_3000,all,inject,,3000,0.2944331467151642,3000,27.618480501667232,35.184901840261716,12.351489812135696
66,5,paint,test,k_random_3000,all,inject,,3000,0.2944331467151642,3000,1.0973085074735822,1.14738546312304,0.8781915530562401
67,5,cover,test,sel_capped,all,inject,,,0.5595232844352722,129,0.6852065084498205,0.7004547441167226,0.9863466955721378
67,5,cover,test,rand_sel_same_norm,all,inject,0,,0.5595232844352722,129,-0.40632803475950663,-0.40374623406678384,
67,5,cover,test,rand_sel_same_norm,all,inject,1,,0.5595232844352722,129,0.20036766918678506,0.20542319438433201,
67,5,cover,test,rand_sel_same_norm,all,inject,2,,0.5595232844352722,129,0.08696909199005232,0.0891954877533234,
67,5,cover,test,rand_sel_same_norm,all,inject,3,,0.5595232844352722,129,-0.13374533928651733,-0.1318485963858878,
67,5,cover,test,rand_sel_same_norm,all,inject,4,,0.5595232844352722,129,-0.28300108988337236,-0.2774021077563272,
67,5,cover,test,sel_uncapped,all,inject,,,0.5595232844352722,457,2.480813589250863,2.6271211562919814,2.7594173327088356
67,5,cover,test,sel_target,all,inject,,,0.5595232844352722,129,0.7669983614997489,0.7837734816193146,
67,5,cover,test,sel_xtask,all,inject,,,0.5595232844352722,126,0.43277882547623214,0.4440621575593557,0.5286004394292831
67,5,cover,test,color,all,inject,,,0.5595232844352722,130,0.19679899625481,0.2062302842051074,
67,5,cover,test,sel_capped,all,remove,,,0.5595232844352722,129,1.2236713164877067,1.282694573825416,1.0385757312178612
67,5,cover,test,attr,all,inject,,,0.5595232844352722,100,-0.3482705198959879,-0.22130351752383967,-0.6333124358206987
67,5,cover,test,rand_attr_same_norm,all,inject,0,,0.5595232844352722,100,-0.019111042507358178,-0.011941673680846747,
67,5,cover,test,rand_attr_same_norm,all,inject,1,,0.5595232844352722,100,-0.21045582819152475,-0.19935809416363123,
67,5,cover,test,rand_attr_same_norm,all,inject,2,,0.5595232844352722,100,0.17499280672717,0.18709113940468367,
67,5,cover,test,rand_attr_same_norm,all,inject,3,,0.5595232844352722,100,-0.019973915664062147,-0.004747296396516552,
67,5,cover,test,rand_attr_same_norm,all,inject,4,,0.5595232844352722,100,-0.4950974423480803,-0.4853918798650158,
67,5,cover,test,attr,all,remove,,,0.5595232844352722,100,-12.385947609963853,-6.650053704301733,0.007455702871084213
67,5,cover,test,rand_attr_same_norm,all,remove,0,,0.5595232844352722,100,0.2510960885959812,0.2594962948783935,
67,5,cover,test,rand_attr_same_norm,all,remove,1,,0.5595232844352722,100,-1.4457599531619625,-1.412945608884793,
67,5,cover,test,rand_attr_same_norm,all,remove,2,,0.5595232844352722,100,-0.5660341380318012,-0.5259720100880255,
67,5,cover,test,attr_xtask,all,inject,,,0.5595232844352722,100,0.33522089499546937,0.3734649986060416,0.48002847470343113
67,5,cover,test,rand_attr_raw,all,inject,0,,0.5595232844352722,100,0.19220765884083724,0.19524149818099568,0.21961331367492676
67,5,cover,test,rand_attr_raw,all,inject,1,,0.5595232844352722,100,-0.2470267361780243,-0.2453251967190731,-0.14647817006334662
67,5,cover,test,single_attr_0,all,inject,,,0.5595232844352722,1,0.0,0.0,0.0
67,5,cover,test,single_attr_1,all,inject,,,0.5595232844352722,1,0.0,0.0,0.0
67,5,cover,test,single_attr_2,all,inject,,,0.5595232844352722,1,-0.09772837456110128,-0.09715746936111447,0.00292708573397249
67,5,cover,test,mlp_ceiling,all,inject,,,0.5595232844352722,,52.760597547117925,69.46562653138724,
67,5,cover,test,mlp_ceiling,all,remove,,,0.5595232844352722,,52.88126130323887,71.6642651868705,
67,5,cover,test,all_tc,all,inject,,,0.5595232844352722,73728,42.2207297712438,56.99007128405294,28.310197591781616
67,5,cover,test,tc_error,all,inject,,,0.5595232844352722,,17.447769275813997,29.704515631481957,
67,5,cover,test,k_attr_10,all,inject,,10,0.5595232844352722,10,-0.09575761488223034,-0.06818792485007984,-0.09768042946234345
67,5,cover,test,k_random_10,all,inject,,10,0.5595232844352722,10,-0.049428783296656675,-0.04806165621606926,-0.003956018917961046
67,5,cover,test,k_magnitude_10,all,inject,,10,0.5595232844352722,10,0.5250849477317243,0.5776413161891767,0.22141742520034313
67,5,cover,test,k_oracle_10,all,inject,,10,0.5595232844352722,10,5.014848342585787,5.302799342820327,5.035677924752235
67,5,cover,test,k_attr_30,all,inject,,30,0.5595232844352722,30,-0.2117980753241433,-0.18251719977655584,-0.2772323787212372
67,5,cover,test,k_random_30,all,inject,,30,0.5595232844352722,30,-0.12463723374371849,-0.12339924393161583,-0.08324429509229958
67,5,cover,test,k_magnitude_30,all,inject,,30,0.5595232844352722,30,0.0673893282617688,0.17309612466855193,-0.11972630163654685
67,5,cover,test,k_oracle_30,all,inject,,30,0.5595232844352722,30,12.052393871129151,13.009429307021637,12.32827752828598
67,5,cover,test,k_attr_100,all,inject,,100,0.5595232844352722,100,-0.3482705198959879,-0.22130351752383967,-0.6333124358206987
67,5,cover,test,k_random_100,all,inject,,100,0.5595232844352722,100,-0.07514453391692655,-0.07185486077805578,-0.09795054793357849
67,5,cover,test,k_magnitude_100,all,inject,,100,0.5595232844352722,100,0.7160249287250786,0.7969263748001842,0.357047189027071
67,5,cover,test,k_oracle_100,all,inject,,100,0.5595232844352722,100,25.864020991040714,29.704240599727978,29.050320386886597
67,5,cover,test,k_attr_300,all,inject,,300,0.5595232844352722,300,2.4116559036556295,2.594448515378592,1.3690387830138206
67,5,cover,test,k_random_300,all,inject,,300,0.5595232844352722,300,-0.7683406086323785,-0.759662672770422,-0.5864014849066734
67,5,cover,test,k_magnitude_300,all,inject,,300,0.5595232844352722,300,0.8928926203359167,1.0394548804489188,0.5218805279582739
67,5,cover,test,k_oracle_300,all,inject,,300,0.5595232844352722,300,40.1768495819273,46.91842237886731,55.03222346305847
67,5,cover,test,k_attr_1000,all,inject,,1000,0.5595232844352722,1000,9.37790786922209,10.473948992262764,7.429263740777969
67,5,cover,test,k_random_1000,all,inject,,1000,0.5595232844352722,1000,1.5208299177937534,1.6402214931675845,1.3519707135856152
67,5,cover,test,k_magnitude_1000,all,inject,,1000,0.5595232844352722,1000,1.741139544379533,1.974872907478343,2.621041238307953
67,5,cover,test,k_oracle_1000,all,inject,,1000,0.5595232844352722,1000,59.04755528327114,72.47455051107863,100.71033239364624
67,5,cover,test,k_attr_3000,all,inject,,3000,0.5595232844352722,3000,24.92001112573734,31.934542721065302,14.464464783668518
67,5,cover,test,k_random_3000,all,inject,,3000,0.5595232844352722,3000,1.1837234851595935,1.3749545631876054,1.287221536040306
67,5,cover,test,k_magnitude_3000,all,inject,,3000,0.5595232844352722,3000,4.041910921023351,4.901571096265431,5.172524601221085
67,5,cover,test,k_oracle_3000,all,inject,,3000,0.5595232844352722,3000,69.29254681060243,95.84470189273371,156.65959119796753
67,5,cover,test,k_attr_30,all,remove,,30,0.5595232844352722,30,0.3900399723326675,0.4224664531758787,1.2020754627883434
67,5,cover,test,k_attr_100,all,remove,,100,0.5595232844352722,100,-12.385947609963853,-6.650053704301733,0.007455702871084213
67,5,cover,test,k_attr_300,all,remove,,300,0.5595232844352722,300,10.913923289298044,11.926241984216936,16.204530000686646
67,5,cover,test,k_attr_1000,all,remove,,1000,0.5595232844352722,1000,33.206048889966944,44.08858584799392,52.13468670845032
67,5,cover,test,mlp_ceiling,occluder_tokens,inject,,,0.5595232844352722,,8.445663971839235,9.598703082541974,
67,5,cover,test,attr,occluder_tokens,inject,,,0.5595232844352722,,0.32057335684183563,0.33766602017667763,
67,5,cover,test,mlp_ceiling,other_tokens,inject,,,0.5595232844352722,,26.519879159408145,45.74286007122417,
67,5,cover,test,attr,other_tokens,inject,,,0.5595232844352722,,-0.7499752589764652,-0.6308831337507967,
68,5,cover,test,sel_capped,all,inject,,,0.9516514539718628,129,0.18880673268085735,0.19186037660507133,0.15282174572348595
68,5,cover,test,rand_sel_same_norm,all,inject,0,,0.9516514539718628,129,0.015169676780657504,0.01622515107491761,
68,5,cover,test,rand_sel_same_norm,all,inject,1,,0.9516514539718628,129,0.04272813170836942,0.04333551390022827,
68,5,cover,test,rand_sel_same_norm,all,inject,2,,0.9516514539718628,129,0.032086810135145694,0.03273467425097072,
68,5,cover,test,rand_sel_same_norm,all,inject,3,,0.9516514539718628,129,-0.007271674129794015,-0.006657426205432704,
68,5,cover,test,rand_sel_same_norm,all,inject,4,,0.9516514539718628,129,0.026399747163707854,0.026855031550988485,
68,5,cover,test,sel_uncapped,all,inject,,,0.9516514539718628,457,0.5748443166511574,0.5876571870538125,0.3728521289303899
68,5,cover,test,sel_target,all,inject,,,0.9516514539718628,129,0.25626231440163405,0.2615212977634185,
68,5,cover,test,sel_xtask,all,inject,,,0.9516514539718628,126,-0.13345808127263048,-0.1319932022154004,-0.14737870078533888
68,5,cover,test,color,all,inject,,,0.9516514539718628,130,0.05413357407731967,0.05547249693656063,
68,5,cover,test,sel_capped,all,remove,,,0.9516514539718628,129,0.6844956508373801,0.6975089201385245,0.6078016478568316
68,5,cover,test,attr,all,inject,,,0.9516514539718628,100,1.1562838726293267,1.1981951702721099,0.43640797957777977
68,5,cover,test,rand_attr_same_norm,all,inject,0,,0.9516514539718628,100,-0.24067299751184823,-0.23742318911680518,
68,5,cover,test,rand_attr_same_norm,all,inject,1,,0.9516514539718628,100,0.03429148652936975,0.040890067085170234,
68,5,cover,test,rand_attr_same_norm,all,inject,2,,0.9516514539718628,100,0.25790329512687116,0.2719465855558262,
68,5,cover,test,rand_attr_same_norm,all,inject,3,,0.9516514539718628,100,0.5733035484892901,0.5843095025109252,
68,5,cover,test,rand_attr_same_norm,all,inject,4,,0.9516514539718628,100,0.1283159241145415,0.1335376993943404,
68,5,cover,test,attr,all,remove,,,0.9516514539718628,100,0.46558130614799964,0.6572593072956432,0.7526853121817112
68,5,cover,test,rand_attr_same_norm,all,remove,0,,0.9516514539718628,100,0.27291012649205415,0.27964865942785955,
68,5,cover,test,rand_attr_same_norm,all,remove,1,,0.9516514539718628,100,-0.10256129532755232,-0.08478642739907438,
68,5,cover,test,rand_attr_same_norm,all,remove,2,,0.9516514539718628,100,0.8976790895588449,0.9454740586678425,
68,5,cover,test,attr_xtask,all,inject,,,0.9516514539718628,100,0.2762484575094315,0.28491560062065485,0.2296510385349393
68,5,cover,test,rand_attr_raw,all,inject,0,,0.9516514539718628,100,-0.12941199902642975,-0.12803058080908977,-0.14708669623360038
68,5,cover,test,rand_attr_raw,all,inject,1,,0.9516514539718628,100,-0.11149900332343421,-0.11066069228795536,-0.09741262183524668
68,5,cover,test,single_attr_0,all,inject,,,0.9516514539718628,1,-0.059482419647372,-0.05895616447522339,0.0001110246103053214
68,5,cover,test,single_attr_1,all,inject,,,0.9516514539718628,1,0.0,0.0,0.0
68,5,cover,test,single_attr_2,all,inject,,,0.9516514539718628,1,-0.028623213413547788,-0.027641895750424104,-0.010265490709571168
68,5,cover,test,mlp_ceiling,all,inject,,,0.9516514539718628,,73.66295145290054,84.55249595392529,
68,5,cover,test,mlp_ceiling,all,remove,,,0.9516514539718628,,90.27765190314305,97.74486574541645,
68,5,cover,test,all_tc,all,inject,,,0.9516514539718628,73728,62.46906093687974,79.09373703258329,19.985930621623993
68,5,cover,test,tc_error,all,inject,,,0.9516514539718628,,13.207840480639499,20.685223571502156,
68,5,cover,test,k_attr_10,all,inject,,10,0.9516514539718628,10,0.16151759901721352,0.1918161113804215,-0.17242906615138054
68,5,cover,test,k_random_10,all,inject,,10,0.9516514539718628,10,-0.01747456573826245,-0.0173013375965546,0.0017112830391852185
68,5,cover,test,k_magnitude_10,all,inject,,10,0.9516514539718628,10,0.9042179593189648,0.9193304227750921,0.8541246876120567
68,5,cover,test,k_oracle_10,all,inject,,10,0.9516514539718628,10,3.0225299137633277,3.237431414099499,2.6111936196684837
68,5,cover,test,k_attr_30,all,inject,,30,0.9516514539718628,30,0.47528313493959695,0.5078621432425979,0.097301893401891
68,5,cover,test,k_random_30,all,inject,,30,0.9516514539718628,30,0.04601009315885474,0.04655949932924457,0.06942588952369988
68,5,cover,test,k_magnitude_30,all,inject,,30,0.9516514539718628,30,1.384887519539879,1.4136894159884699,1.2572632171213627
68,5,cover,test,k_oracle_30,all,inject,,30,0.9516514539718628,30,6.953380238658724,7.505955985639202,6.275973469018936
68,5,cover,test,k_attr_100,all,inject,,100,0.9516514539718628,100,1.1562838726293267,1.1981951702721099,0.43640797957777977
68,5,cover,test,k_random_100,all,inject,,100,0.9516514539718628,100,0.04721264391933655,0.048364440190302706,0.02331010182388127
68,5,cover,test,k_magnitude_100,all,inject,,100,0.9516514539718628,100,1.7343537811640664,1.7975356312117237,1.5915850177407265
68,5,cover,test,k_oracle_100,all,inject,,100,0.9516514539718628,100,11.128016413815756,13.77305492359875,13.984942436218262
68,5,cover,test,k_attr_300,all,inject,,300,0.9516514539718628,300,2.419732555216181,2.5153394610946207,1.170866470783949
68,5,cover,test,k_random_300,all,inject,,300,0.9516514539718628,300,0.06273306467180495,0.06920267077937363,0.021021405700594187
68,5,cover,test,k_magnitude_300,all,inject,,300,0.9516514539718628,300,2.447071795161515,2.5615892119758032,2.101980522274971
68,5,cover,test,k_oracle_300,all,inject,,300,0.9516514539718628,300,18.09829499597333,23.368786832277326,25.960052013397217
68,5,cover,test,k_attr_1000,all,inject,,1000,0.9516514539718628,1000,5.278991150103263,5.723544544370108,2.7617717161774635
68,5,cover,test,k_random_1000,all,inject,,1000,0.9516514539718628,1000,0.5233789020736568,0.5557491056995497,-0.042010145261883736
68,5,cover,test,k_magnitude_1000,all,inject,,1000,0.9516514539718628,1000,4.274541837555179,4.51711867490933,3.3402275294065475
68,5,cover,test,k_oracle_1000,all,inject,,1000,0.9516514539718628,1000,23.846005358115228,31.611598972138168,46.51235640048981
68,5,cover,test,k_attr_3000,all,inject,,3000,0.9516514539718628,3000,7.017773073911404,8.83935964188508,5.3458042442798615
68,5,cover,test,k_random_3000,all,inject,,3000,0.9516514539718628,3000,1.6579229117361538,1.7688889228535585,0.8078712038695812
68,5,cover,test,k_magnitude_3000,all,inject,,3000,0.9516514539718628,3000,6.294100574080197,6.804624535820638,4.4297657907009125
68,5,cover,test,k_oracle_3000,all,inject,,3000,0.9516514539718628,3000,-8.021652427505298,39.513753765665605,71.02574110031128
68,5,cover,test,k_attr_30,all,remove,,30,0.9516514539718628,30,0.9494889848229326,1.0295349613589035,1.0760639794170856
68,5,cover,test,k_attr_100,all,remove,,100,0.9516514539718628,100,0.46558130614799964,0.6572593072956432,0.7526853121817112
68,5,cover,test,k_attr_300,all,remove,,300,0.9516514539718628,300,1.091245918999939,1.532267415691934,1.0249067097902298
68,5,cover,test,k_attr_1000,all,remove,,1000,0.9516514539718628,1000,2.333054951183333,5.394909287053235,1.5345805324614048
68,5,cover,test,mlp_ceiling,occluder_tokens,inject,,,0.9516514539718628,,7.239518423516078,9.675235712133217,
68,5,cover,test,attr,occluder_tokens,inject,,,0.9516514539718628,,0.2690331529465406,0.2721674791811284,
68,5,cover,test,mlp_ceiling,other_tokens,inject,,,0.9516514539718628,,18.838609044609743,27.96416732697194,
68,5,cover,test,attr,other_tokens,inject,,,0.9516514539718628,,0.7979237460057464,0.83470704710199,
68,5,paint,test,sel_capped,all,inject,,,0.2949552536010742,12,0.008467164376957381,0.016162966991595567,0.0664623687043786
68,5,paint,test,rand_sel_same_norm,all,inject,0,,0.2949552536010742,12,0.0,0.0,
68,5,paint,test,rand_sel_same_norm,all,inject,1,,0.2949552536010742,12,-0.023350378132658278,-0.020285648091895654,
68,5,paint,test,rand_sel_same_norm,all,inject,2,,0.2949552536010742,12,0.07894266739523204,0.08116162285099585,
68,5,paint,test,sel_capped,all,remove,,,0.2949552536010742,12,0.7069779134320386,0.7393928218207698,0.2231805119663477
68,5,paint,test,attr,all,inject,,,0.2949552536010742,100,1.3046000750122078,1.393353491002087,0.8557801134884357
68,5,paint,test,rand_attr_same_norm,all,inject,0,,0.2949552536010742,100,0.2748393057491083,0.28156076736593677,
68,5,paint,test,rand_attr_same_norm,all,inject,1,,0.2949552536010742,100,-0.03188827061300081,-0.007810398511002321,
68,5,paint,test,rand_attr_same_norm,all,inject,2,,0.2949552536010742,100,-0.13758636911824773,-0.12021510493436204,
68,5,paint,test,attr,all,remove,,,0.2949552536010742,100,7.066242729150973,7.595649433834077,7.328301668167114
68,5,paint,test,rand_attr_same_norm,all,remove,0,,0.2949552536010742,100,-0.07427461257165646,-0.06537609072184941,
68,5,paint,test,rand_attr_same_norm,all,remove,1,,0.2949552536010742,100,1.2679932295017848,1.3293472525250538,
68,5,paint,test,rand_attr_same_norm,all,remove,2,,0.2949552536010742,100,-0.8231033551795663,-0.7989725368232257,
68,5,paint,test,mlp_ceiling,all,inject,,,0.2949552536010742,,93.76352232926641,99.14446678663842,
68,5,paint,test,mlp_ceiling,all,remove,,,0.2949552536010742,,95.092558963999,99.5275963331463,
68,5,paint,test,all_tc,all,inject,,,0.2949552536010742,73728,47.219491331563646,63.2903025642256,17.890889942646027
68,5,paint,test,k_attr_10,all,inject,,10,0.2949552536010742,10,-0.08846064930823072,-0.0840929657155463,-0.05681884358637035
68,5,paint,test,k_random_10,all,inject,,10,0.2949552536010742,10,0.025361077071806015,0.02803826085504744,-0.005529868940357119
68,5,paint,test,k_attr_30,all,inject,,30,0.2949552536010742,30,0.08361072221880761,0.09358101664788206,0.1363500370644033
68,5,paint,test,k_random_30,all,inject,,30,0.2949552536010742,30,0.1819429939569961,0.18395255542001712,0.04369961388874799
68,5,paint,test,k_attr_100,all,inject,,100,0.2949552536010742,100,1.3046000750122078,1.393353491002087,0.8557801134884357
68,5,paint,test,k_random_100,all,inject,,100,0.2949552536010742,100,-0.11994475933045923,-0.1141126877218268,-0.13436320004984736
68,5,paint,test,k_attr_300,all,inject,,300,0.2949552536010742,300,1.5520170846764936,1.709356754030067,1.0568023659288883
68,5,paint,test,k_random_300,all,inject,,300,0.2949552536010742,300,1.036601187262154,1.0706578596586023,0.9398648515343666
68,5,paint,test,k_attr_1000,all,inject,,1000,0.2949552536010742,1000,5.607899965403851,6.206412938032472,2.0886000245809555
68,5,paint,test,k_random_1000,all,inject,,1000,0.2949552536010742,1000,0.02257236899538828,0.053999739919907606,-0.10420619510114193
68,5,paint,test,k_attr_3000,all,inject,,3000,0.2949552536010742,3000,17.401826361293704,25.02558205918413,-1.1998802423477173
68,5,paint,test,k_random_3000,all,inject,,3000,0.2949552536010742,3000,2.0119417329759526,2.152640783853336,1.3773288577795029
69,5,cover,test,sel_capped,all,inject,,,1.0449793338775635,129,0.23518347528075356,0.2411026554759688,0.25069189723581076
69,5,cover,test,rand_sel_same_norm,all,inject,0,,1.0449793338775635,129,0.1160973141216659,0.11736682377769944,
69,5,cover,test,rand_sel_same_norm,all,inject,1,,1.0449793338775635,129,0.009708048965073601,0.011285221881707273,
69,5,cover,test,rand_sel_same_norm,all,inject,2,,1.0449793338775635,129,0.03740621922029286,0.038447573135218606,
69,5,cover,test,rand_sel_same_norm,all,inject,3,,1.0449793338775635,129,0.28550333895281943,0.2879714204325871,
69,5,cover,test,rand_sel_same_norm,all,inject,4,,1.0449793338775635,129,0.08505665462229528,0.08655487846262931,
69,5,cover,test,sel_uncapped,all,inject,,,1.0449793338775635,457,1.2896989044620777,1.3428998382669046,0.9634566493332386
69,5,cover,test,sel_target,all,inject,,,1.0449793338775635,129,0.3136806373590817,0.321139667866257,
69,5,cover,test,sel_xtask,all,inject,,,1.0449793338775635,126,0.29508590197357965,0.30092546383981755,0.23070790339261293
69,5,cover,test,color,all,inject,,,1.0449793338775635,130,0.09470766452176482,0.09690244604338806,
69,5,cover,test,sel_capped,all,remove,,,1.0449793338775635,129,1.2793520179622875,1.8966640153644445,-0.2621718216687441
69,5,cover,test,attr,all,inject,,,1.0449793338775635,100,1.7130770727825317,1.92644138482815,0.9185913018882275
69,5,cover,test,rand_attr_same_norm,all,inject,0,,1.0449793338775635,100,0.3549541052270344,0.35994896085188743,
69,5,cover,test,rand_attr_same_norm,all,inject,1,,1.0449793338775635,100,-0.10252201650893245,-0.10105452019248275,
69,5,cover,test,rand_attr_same_norm,all,inject,2,,1.0449793338775635,100,-0.35217059882577395,-0.3414017809804116,
69,5,cover,test,rand_attr_same_norm,all,inject,3,,1.0449793338775635,100,-0.15407392399795494,-0.14721539406821615,
69,5,cover,test,rand_attr_same_norm,all,inject,4,,1.0449793338775635,100,-0.24235898973319348,-0.23778933346082473,
69,5,cover,test,attr,all,remove,,,1.0449793338775635,100,0.3091061042979848,0.37632987642649307,-0.25936176534742117
69,5,cover,test,rand_attr_same_norm,all,remove,0,,1.0449793338775635,100,0.2406250021389611,0.2446040268985573,
69,5,cover,test,rand_attr_same_norm,all,remove,1,,1.0449793338775635,100,-0.27707296505719015,-0.2735922688107048,
69,5,cover,test,rand_attr_same_norm,all,remove,2,,1.0449793338775635,100,1.2014480621661883,1.773450450425273,
69,5,cover,test,attr_xtask,all,inject,,,1.0449793338775635,100,1.188637088032496,1.2789625406828002,1.222904585301876
69,5,cover,test,rand_attr_raw,all,inject,0,,1.0449793338775635,100,0.0654694394953581,0.06757069191751731,0.1476267003454268
69,5,cover,test,rand_attr_raw,all,inject,1,,1.0449793338775635,100,-0.12087718781892409,-0.11999908660825218,-0.012672597949858755
69,5,cover,test,single_attr_0,all,inject,,,1.0449793338775635,1,-0.09506130672849444,-0.09475382015088168,0.018864076992031187
69,5,cover,test,single_attr_1,all,inject,,,1.0449793338775635,1,-0.041843858523948896,-0.04145798167771836,0.0712869456037879
69,5,cover,test,single_attr_2,all,inject,,,1.0449793338775635,1,0.005715314373089253,0.005893787140927626,-0.002298588151461445
69,5,cover,test,mlp_ceiling,all,inject,,,1.0449793338775635,,62.10625362625859,77.0230251075559,
69,5,cover,test,mlp_ceiling,all,remove,,,1.0449793338775635,,80.89826432404944,94.099165423692,
69,5,cover,test,all_tc,all,inject,,,1.0449793338775635,73728,51.011068772914015,66.38540305915495,21.94753885269165
69,5,cover,test,tc_error,all,inject,,,1.0449793338775635,,23.8160515231598,32.19821267163431,
69,5,cover,test,k_attr_10,all,inject,,10,1.0449793338775635,10,0.16340551513006618,0.16868340636807594,0.15089786611497402
69,5,cover,test,k_random_10,all,inject,,10,1.0449793338775635,10,-0.02013479015670061,-0.019848912828017554,0.00024596083676442504
69,5,cover,test,k_magnitude_10,all,inject,,10,1.0449793338775635,10,1.4175234504710366,1.6089940229420652,0.8745481260120869
69,5,cover,test,k_oracle_10,all,inject,,10,1.0449793338775635,10,8.811640121826315,11.710056995844685,7.714062929153442
69,5,cover,test,k_attr_30,all,inject,,30,1.0449793338775635,30,-0.3100643606000597,-0.2929272662196217,-0.550398463383317
69,5,cover,test,k_random_30,all,inject,,30,1.0449793338775635,30,-0.2088884660392809,-0.20756340892522349,-0.10395003482699394
69,5,cover,test,k_magnitude_30,all,inject,,30,1.0449793338775635,30,1.7911863692147811,2.0024244493648853,1.360268797725439
69,5,cover,test,k_oracle_30,all,inject,,30,1.0449793338775635,30,11.455897052243902,15.677094146148269,13.79372924566269
69,5,cover,test,k_attr_100,all,inject,,100,1.0449793338775635,100,1.7130770727825317,1.92644138482815,0.9185913018882275
69,5,cover,test,k_random_100,all,inject,,100,1.0449793338775635,100,-0.06582308170206552,-0.06428240052925568,0.013972911983728409
69,5,cover,test,k_magnitude_100,all,inject,,100,1.0449793338775635,100,1.6801769397446153,2.1610973516654797,1.218361221253872
69,5,cover,test,k_oracle_100,all,inject,,100,1.0449793338775635,100,21.178508090763305,27.726422340965783,25.835078954696655
69,5,cover,test,k_attr_300,all,inject,,300,1.0449793338775635,300,2.254594553773126,2.5589396561085684,0.8362595923244953
69,5,cover,test,k_random_300,all,inject,,300,1.0449793338775635,300,0.07296437271515632,0.08052928918334569,0.09555862052366138
69,5,cover,test,k_magnitude_300,all,inject,,300,1.0449793338775635,300,2.3668360270602484,3.159042650666096,2.165365032851696
69,5,cover,test,k_oracle_300,all,inject,,300,1.0449793338775635,300,26.844204180689722,35.39525795849796,44.05725300312042
69,5,cover,test,k_attr_1000,all,inject,,1000,1.0449793338775635,1000,7.610403104202845,9.80079900381037,3.296397626399994
69,5,cover,test,k_random_1000,all,inject,,1000,1.0449793338775635,1000,0.7378801682241809,0.7660994372079541,0.7278787437826395
69,5,cover,test,k_magnitude_1000,all,inject,,1000,1.0449793338775635,1000,4.032502228516288,5.100641023593629,3.4118659794330597
69,5,cover,test,k_oracle_1000,all,inject,,1000,1.0449793338775635,1000,39.50389930460253,51.963330384262825,76.1555552482605
69,5,cover,test,k_attr_3000,all,inject,,3000,1.0449793338775635,3000,20.510894347451412,28.764300862682973,9.614991396665573
69,5,cover,test,k_random_3000,all,inject,,3000,1.0449793338775635,3000,0.18998571969953693,0.27432774816508193,-0.5305022932589054
69,5,cover,test,k_magnitude_3000,all,inject,,3000,1.0449793338775635,3000,8.839241325670022,11.78655982407783,3.671599179506302
69,5,cover,test,k_oracle_3000,all,inject,,3000,1.0449793338775635,3000,48.93652373361296,62.92677415336657,115.3071403503418
69,5,cover,test,k_attr_30,all,remove,,30,1.0449793338775635,30,0.4174917367505637,0.4374638061813902,0.47179004177451134
69,5,cover,test,k_attr_100,all,remove,,100,1.0449793338775635,100,0.3091061042979848,0.37632987642649307,-0.25936176534742117
69,5,cover,test,k_attr_300,all,remove,,300,1.0449793338775635,300,3.9089442046141842,4.798337175376006,2.2234685719013214
69,5,cover,test,k_attr_1000,all,remove,,1000,1.0449793338775635,1000,11.117837918247508,13.989493537064067,7.51384049654007
69,5,cover,test,mlp_ceiling,occluder_tokens,inject,,,1.0449793338775635,,21.457691501247677,31.37024182910509,
69,5,cover,test,attr,occluder_tokens,inject,,,1.0449793338775635,,0.6903780343927357,0.7075579006277688,
69,5,cover,test,mlp_ceiling,other_tokens,inject,,,1.0449793338775635,,24.442836703315407,34.07387741022635,
69,5,cover,test,attr,other_tokens,inject,,,1.0449793338775635,,0.6776811383902293,0.8191626818948363,
69,5,paint,test,sel_capped,all,inject,,,0.34760332107543945,12,0.864910689912024,0.8835674539402043,0.8032654412090778
69,5,paint,test,rand_sel_same_norm,all,inject,0,,0.34760332107543945,12,-0.16193926557352967,-0.15863919559325326,
69,5,paint,test,rand_sel_same_norm,all,inject,1,,0.34760332107543945,12,-0.39954106919697363,-0.39701635252638817,
69,5,paint,test,rand_sel_same_norm,all,inject,2,,0.34760332107543945,12,-0.955928650698179,-0.9496164805118589,
69,5,paint,test,sel_capped,all,remove,,,0.34760332107543945,12,-1.5745609943798033,-1.5453996401234564,0.5137050524353981
69,5,paint,test,attr,all,inject,,,0.34760332107543945,100,2.1991863254944954,2.3087518234670967,2.106894925236702
69,5,paint,test,rand_attr_same_norm,all,inject,0,,0.34760332107543945,100,1.779651484203204,1.805372523548569,
69,5,paint,test,rand_attr_same_norm,all,inject,1,,0.34760332107543945,100,-0.6399035909226303,-0.6276647995034108,
69,5,paint,test,rand_attr_same_norm,all,inject,2,,0.34760332107543945,100,0.33843660362398165,0.35518665776837577,
69,5,paint,test,attr,all,remove,,,0.34760332107543945,100,8.132964071568782,8.446786805621203,12.00953871011734
69,5,paint,test,rand_attr_same_norm,all,remove,0,,0.34760332107543945,100,6.397021099431122,6.684205491526989,
69,5,paint,test,rand_attr_same_norm,all,remove,1,,0.34760332107543945,100,-1.3312662813778742,-1.310483079867047,
69,5,paint,test,rand_attr_same_norm,all,remove,2,,0.34760332107543945,100,1.6568595442654543,1.6830884882623383,
69,5,paint,test,mlp_ceiling,all,inject,,,0.34760332107543945,,85.65891396436376,90.64440957371191,
69,5,paint,test,mlp_ceiling,all,remove,,,0.34760332107543945,,92.13166351184606,95.49356017991663,
69,5,paint,test,all_tc,all,inject,,,0.34760332107543945,73728,71.69956579562866,90.03180942058216,6.607045978307724
69,5,paint,test,k_attr_10,all,inject,,10,0.34760332107543945,10,0.5486798623276168,0.5528265532800578,0.6957584526389837
69,5,paint,test,k_random_10,all,inject,,10,0.34760332107543945,10,-0.383328280590467,-0.3805338172865222,0.053951446898281574
69,5,paint,test,k_attr_30,all,inject,,30,0.34760332107543945,30,2.0289134636620854,2.049726501358828,1.377885602414608
69,5,paint,test,k_random_30,all,inject,,30,0.34760332107543945,30,-0.007716292832293803,-0.004798768934482282,-0.03136054438073188
69,5,paint,test,k_attr_100,all,inject,,100,0.34760332107543945,100,2.1991863254944954,2.3087518234670967,2.106894925236702
69,5,paint,test,k_random_100,all,inject,,100,0.34760332107543945,100,0.36646389392257506,0.38630572432911925,-0.22825216874480247
69,5,paint,test,k_attr_300,all,inject,,300,0.34760332107543945,300,8.247293810367129,8.771879124562602,5.85954412817955
69,5,paint,test,k_random_300,all,inject,,300,0.34760332107543945,300,0.9954189226820565,1.0114412271478035,1.1566424742341042
69,5,paint,test,k_attr_1000,all,inject,,1000,0.34760332107543945,1000,26.616691953244064,32.42641816398738,12.592287361621857
69,5,paint,test,k_random_1000,all,inject,,1000,0.34760332107543945,1000,3.1039731020320205,3.1376068079051604,2.6281241327524185
69,5,paint,test,k_attr_3000,all,inject,,3000,0.34760332107543945,3000,32.800846254408576,42.02585164888692,17.157480120658875
69,5,paint,test,k_random_3000,all,inject,,3000,0.34760332107543945,3000,0.37641791167623007,0.46847703525177287,-1.154697872698307
70,5,cover,test,sel_capped,all,inject,,,0.265040785074234,129,0.590321267948779,0.6327008057641123,0.6358676124364138
70,5,cover,test,rand_sel_same_norm,all,inject,0,,0.265040785074234,129,0.07128967863759827,0.08215777399106197,
70,5,cover,test,rand_sel_same_norm,all,inject,1,,0.265040785074234,129,-0.2251359535776043,-0.20254402463602314,
70,5,cover,test,rand_sel_same_norm,all,inject,2,,0.265040785074234,129,0.032923687547459224,0.03850094541212,
70,5,cover,test,rand_sel_same_norm,all,inject,3,,0.265040785074234,129,-0.15842275746453804,-0.14131423012214367,
70,5,cover,test,rand_sel_same_norm,all,inject,4,,0.265040785074234,129,-0.023984366645746213,-0.014569688233278469,
70,5,cover,test,sel_uncapped,all,inject,,,0.265040785074234,457,1.7154500588252297,1.9361334648946795,1.327582448720932
70,5,cover,test,sel_target,all,inject,,,0.265040785074234,129,0.5863632290086462,0.6179751743383073,
70,5,cover,test,sel_xtask,all,inject,,,0.265040785074234,126,0.4130640922322071,0.4321582238202011,0.5027844104915857
70,5,cover,test,color,all,inject,,,0.265040785074234,130,-0.43847650133646,-0.43275860208105144,
70,5,cover,test,sel_capped,all,remove,,,0.265040785074234,129,-0.04204291931009241,0.0031645278416381887,-0.0012377910934446845
70,5,cover,test,attr,all,inject,,,0.265040785074234,100,-1.7231749814157649,-1.5247481713203042,-1.6207540407776833
70,5,cover,test,rand_attr_same_norm,all,inject,0,,0.265040785074234,100,-0.5447138647068028,-0.5075049076589385,
70,5,cover,test,rand_attr_same_norm,all,inject,1,,0.265040785074234,100,-0.17336660334927867,-0.16337991913073316,
70,5,cover,test,rand_attr_same_norm,all,inject,2,,0.265040785074234,100,0.06744408398553503,0.08426096158579882,
70,5,cover,test,rand_attr_same_norm,all,inject,3,,0.265040785074234,100,-0.08588494722934215,-0.05978469113109451,
70,5,cover,test,rand_attr_same_norm,all,inject,4,,0.265040785074234,100,-0.12919848699464165,-0.12172885910685165,
70,5,cover,test,attr,all,remove,,,0.265040785074234,100,2.098097971133972,3.5790309384311985,4.684122651815414
70,5,cover,test,rand_attr_same_norm,all,remove,0,,0.265040785074234,100,-0.2705859348162809,-0.238650298080473,
70,5,cover,test,rand_attr_same_norm,all,remove,1,,0.265040785074234,100,-0.3835137333269012,-0.36859219058019627,
70,5,cover,test,rand_attr_same_norm,all,remove,2,,0.265040785074234,100,-0.3931614532434624,-0.3439864396987784,
70,5,cover,test,attr_xtask,all,inject,,,0.265040785074234,100,-0.8900190289468757,-0.6828584517859965,-0.9498016908764839
70,5,cover,test,rand_attr_raw,all,inject,0,,0.265040785074234,100,1.4204412246397347,1.4811490486924637,0.8161579258739948
70,5,cover,test,rand_attr_raw,all,inject,1,,0.265040785074234,100,0.16205470796925026,0.18945067539487603,0.34394862595945597
70,5,cover,test,single_attr_0,all,inject,,,0.265040785074234,1,0.0,0.0,0.0
70,5,cover,test,single_attr_1,all,inject,,,0.265040785074234,1,0.0,0.0,0.0
70,5,cover,test,single_attr_2,all,inject,,,0.265040785074234,1,0.40897112014638415,0.4141177237694265,0.20897549111396074
70,5,cover,test,mlp_ceiling,all,inject,,,0.265040785074234,,76.39574283676474,102.4508330326553,
70,5,cover,test,mlp_ceiling,all,remove,,,0.265040785074234,,83.91460002498512,97.16428098592812,
70,5,cover,test,all_tc,all,inject,,,0.265040785074234,73728,58.89468051935318,78.4685800055561,22.932027280330658
70,5,cover,test,tc_error,all,inject,,,0.265040785074234,,28.641556058031593,47.09971311010262,
70,5,cover,test,k_attr_10,all,inject,,10,0.265040785074234,10,0.3413133920135092,0.34797071856916406,0.19943006336688995
70,5,cover,test,k_random_10,all,inject,,10,0.265040785074234,10,0.06624093010316745,0.06810931057540039,-0.0020516679796855897
70,5,cover,test,k_magnitude_10,all,inject,,10,0.265040785074234,10,-1.6297450224568077,-1.2901268198649358,-1.1996093206107616
70,5,cover,test,k_oracle_10,all,inject,,10,0.265040785074234,10,8.884751688716431,9.610869745501098,8.007833361625671
70,5,cover,test,k_attr_30,all,inject,,30,0.265040785074234,30,-0.46457482059794053,-0.4236360162295541,-0.22916521411389112
70,5,cover,test,k_random_30,all,inject,,30,0.265040785074234,30,-0.2428009512337015,-0.23268445579008917,-0.36914548836648464
70,5,cover,test,k_magnitude_30,all,inject,,30,0.265040785074234,30,-0.9953343491550415,-0.6399835286169588,-0.8319553919136524
70,5,cover,test,k_oracle_30,all,inject,,30,0.265040785074234,30,18.37388018139062,21.750569090225984,19.440793991088867
70,5,cover,test,k_attr_100,all,inject,,100,0.265040785074234,100,-1.7231749814157649,-1.5247481713203042,-1.6207540407776833
70,5,cover,test,k_random_100,all,inject,,100,0.265040785074234,100,0.14572779734121077,0.18173621475269294,0.04249616467859596
70,5,cover,test,k_magnitude_100,all,inject,,100,0.265040785074234,100,-0.6122591485516082,-0.156271988414399,-0.41940389201045036
70,5,cover,test,k_oracle_100,all,inject,,100,0.265040785074234,100,33.96167201507922,46.38310123006342,44.28764581680298
70,5,cover,test,k_attr_300,all,inject,,300,0.265040785074234,300,-0.10303270116029939,0.1760251362438036,-0.48839268274605274
70,5,cover,test,k_random_300,all,inject,,300,0.265040785074234,300,0.0952628008545342,0.13086649077939236,0.2601002575829625
70,5,cover,test,k_magnitude_300,all,inject,,300,0.265040785074234,300,0.45893011733674216,1.2843051022973766,-0.13790801167488098
70,5,cover,test,k_oracle_300,all,inject,,300,0.265040785074234,300,45.84461571208776,75.45293515416347,85.00775694847107
70,5,cover,test,k_attr_1000,all,inject,,1000,0.265040785074234,1000,3.5898401188401152,4.5896831930587245,1.7320822924375534
70,5,cover,test,k_random_1000,all,inject,,1000,0.265040785074234,1000,-0.5123861318861334,-0.37734282797754065,-0.7630401756614447
70,5,cover,test,k_magnitude_1000,all,inject,,1000,0.265040785074234,1000,6.663813955078279,8.833835545162565,4.755319282412529
70,5,cover,test,k_oracle_1000,all,inject,,1000,0.265040785074234,1000,48.74601005499313,99.05687302657012,160.26859283447266
70,5,cover,test,k_attr_3000,all,inject,,3000,0.265040785074234,3000,11.643015697335057,13.103065356607765,5.44612780213356
70,5,cover,test,k_random_3000,all,inject,,3000,0.265040785074234,3000,2.134889742191115,2.6136343316309434,0.535940146073699
70,5,cover,test,k_magnitude_3000,all,inject,,3000,0.265040785074234,3000,10.508396608545334,12.743124467671882,6.310870498418808
70,5,cover,test,k_oracle_3000,all,inject,,3000,0.265040785074234,3000,42.28736194793087,112.88605837361101,249.4692087173462
70,5,cover,test,k_attr_30,all,remove,,30,0.265040785074234,30,1.1022688671114333,1.2203790602879947,1.5102176927030087
70,5,cover,test,k_attr_100,all,remove,,100,0.265040785074234,100,2.098097971133972,3.5790309384311985,4.684122651815414
70,5,cover,test,k_attr_300,all,remove,,300,0.265040785074234,300,0.8650451525661018,2.2019045448166454,3.294496610760689
70,5,cover,test,k_attr_1000,all,remove,,1000,0.265040785074234,1000,10.076773586566867,12.063770222456231,11.714457720518112
70,5,cover,test,mlp_ceiling,occluder_tokens,inject,,,0.265040785074234,,58.368474984463006,64.58915537414109,
70,5,cover,test,attr,occluder_tokens,inject,,,0.265040785074234,,-1.4651490735771322,-1.3145834155979634,
70,5,cover,test,mlp_ceiling,other_tokens,inject,,,0.265040785074234,,21.88197330280246,35.3762294796456,
70,5,cover,test,attr,other_tokens,inject,,,0.265040785074234,,-0.4272882946733114,-0.3470322411635375,
70,5,paint,test,sel_capped,all,inject,,,0.10926736146211624,12,0.6847990098200474,0.7437459213049633,0.104958051815629
70,5,paint,test,rand_sel_same_norm,all,inject,0,,0.10926736146211624,12,0.27514014582543656,0.2952518947567452,
70,5,paint,test,rand_sel_same_norm,all,inject,1,,0.10926736146211624,12,-0.028713418603532048,-0.02063506322522892,
70,5,paint,test,rand_sel_same_norm,all,inject,2,,0.10926736146211624,12,0.28877066679158236,0.3021683013920424,
70,5,paint,test,sel_capped,all,remove,,,0.10926736146211624,12,0.09242706938276113,0.15287539958944607,-0.02786114055197686
70,5,paint,test,attr,all,inject,,,0.10926736146211624,100,1.83208793738443,2.8561103002375985,1.5703003853559494
70,5,paint,test,rand_attr_same_norm,all,inject,0,,0.10926736146211624,100,0.8138491547951876,0.9348060215716825,
70,5,paint,test,rand_attr_same_norm,all,inject,1,,0.10926736146211624,100,1.082293366859366,1.3014636068005048,
70,5,paint,test,rand_attr_same_norm,all,inject,2,,0.10926736146211624,100,0.25767071375176753,0.4319357834677503,
70,5,paint,test,attr,all,remove,,,0.10926736146211624,100,1.1403611590293128,2.1354979933305382,2.35772468149662
70,5,paint,test,rand_attr_same_norm,all,remove,0,,0.10926736146211624,100,0.45064588827050667,0.6648035776353034,
70,5,paint,test,rand_attr_same_norm,all,remove,1,,0.10926736146211624,100,-0.1985392090902094,0.04105078359726439,
70,5,paint,test,rand_attr_same_norm,all,remove,2,,0.10926736146211624,100,-2.2336189469559953,-1.9956372298090974,
70,5,paint,test,mlp_ceiling,all,inject,,,0.10926736146211624,,83.4353201778009,95.70695630959501,
70,5,paint,test,mlp_ceiling,all,remove,,,0.10926736146211624,,71.44661046309882,89.37443102239898,
70,5,paint,test,all_tc,all,inject,,,0.10926736146211624,73728,25.77348092480528,46.04793207665499,54.761725664138794
70,5,paint,test,k_attr_10,all,inject,,10,0.10926736146211624,10,0.8034302273133176,0.8323872006541659,0.25700253900140524
70,5,paint,test,k_random_10,all,inject,,10,0.10926736146211624,10,-0.02516089162836188,-0.01108110432928909,-0.05190587253309786
70,5,paint,test,k_attr_30,all,inject,,30,0.10926736146211624,30,-0.27772442168645384,-0.19283378702248388,-0.7944359444081783
70,5,paint,test,k_random_30,all,inject,,30,0.10926736146211624,30,0.7665207675885743,0.7828801586256491,0.17978744581341743
70,5,paint,test,k_attr_100,all,inject,,100,0.10926736146211624,100,1.83208793738443,2.8561103002375985,1.5703003853559494
70,5,paint,test,k_random_100,all,inject,,100,0.10926736146211624,100,0.2669986540627667,0.3167519183345836,0.06157957250252366
70,5,paint,test,k_attr_300,all,inject,,300,0.10926736146211624,300,7.492293027971475,9.216164817677269,6.815384328365326
70,5,paint,test,k_random_300,all,inject,,300,0.10926736146211624,300,3.1970219868690197,3.521847613049816,2.7273517102003098
70,5,paint,test,k_attr_1000,all,inject,,1000,0.10926736146211624,1000,10.104157227070642,13.747687004066629,8.519381284713745
70,5,paint,test,k_random_1000,all,inject,,1000,0.10926736146211624,1000,1.1735885370523502,1.596596399953626,0.622190535068512
70,5,paint,test,k_attr_3000,all,inject,,3000,0.10926736146211624,3000,18.752630728049148,24.615229075602674,19.27843689918518
70,5,paint,test,k_random_3000,all,inject,,3000,0.10926736146211624,3000,-0.2906730756708109,1.084573257099939,0.22317245602607727
71,5,cover,test,sel_capped,all,inject,,,1.0175732374191284,129,-0.020185044018750098,-0.018313728811321667,0.15193925937637687
71,5,cover,test,rand_sel_same_norm,all,inject,0,,1.0175732374191284,129,-0.14927326226745752,-0.14672997052696446,
71,5,cover,test,rand_sel_same_norm,all,inject,1,,1.0175732374191284,129,0.02245776516769382,0.023862378164685137,
71,5,cover,test,rand_sel_same_norm,all,inject,2,,1.0175732374191284,129,0.0494844027482122,0.05019810405986528,
71,5,cover,test,rand_sel_same_norm,all,inject,3,,1.0175732374191284,129,0.10525979135717067,0.10617384381670021,
71,5,cover,test,rand_sel_same_norm,all,inject,4,,1.0175732374191284,129,0.04007721160076416,0.04095725524351495,
71,5,cover,test,sel_uncapped,all,inject,,,1.0175732374191284,457,0.4500105025490253,0.47402809132780105,0.6323622539639473
71,5,cover,test,sel_target,all,inject,,,1.0175732374191284,129,0.01736171516876217,0.019742135026904497,
71,5,cover,test,sel_xtask,all,inject,,,1.0175732374191284,126,-0.056138555390483624,-0.05470892307113948,0.048569406499154866
71,5,cover,test,color,all,inject,,,1.0175732374191284,130,-0.031115192637143352,-0.028994046352928158,
71,5,cover,test,sel_capped,all,remove,,,1.0175732374191284,129,0.29441110924841585,0.29906618494520326,0.24077228736132383
71,5,cover,test,attr,all,inject,,,1.0175732374191284,100,-0.15966451824227512,-0.11930090026837763,-0.12160378973931074
71,5,cover,test,rand_attr_same_norm,all,inject,0,,1.0175732374191284,100,0.1661077998501126,0.1713073515237047,
71,5,cover,test,rand_attr_same_norm,all,inject,1,,1.0175732374191284,100,0.01696340321482026,0.019563704003011554,
71,5,cover,test,rand_attr_same_norm,all,inject,2,,1.0175732374191284,100,-1.0072489261099715,-0.368765924948324,
71,5,cover,test,rand_attr_same_norm,all,inject,3,,1.0175732374191284,100,-0.9322256980797805,-0.3365854152998742,
71,5,cover,test,rand_attr_same_norm,all,inject,4,,1.0175732374191284,100,-0.09014736722241512,-0.08586215503725718,
71,5,cover,test,attr,all,remove,,,1.0175732374191284,100,0.44060331140157727,0.46713488756744914,0.5218615755438805
71,5,cover,test,rand_attr_same_norm,all,remove,0,,1.0175732374191284,100,0.13616411295986897,0.14275011497477438,
71,5,cover,test,rand_attr_same_norm,all,remove,1,,1.0175732374191284,100,-0.09189291078526285,-0.09009451787213028,
71,5,cover,test,rand_attr_same_norm,all,remove,2,,1.0175732374191284,100,0.3713790368184311,0.38154884915334863,
71,5,cover,test,attr_xtask,all,inject,,,1.0175732374191284,100,-0.7054104704263375,-0.6077672833516526,-0.5409948527812958
71,5,cover,test,rand_attr_raw,all,inject,0,,1.0175732374191284,100,0.1097349433102468,0.11228724857702006,0.22074095904827118
71,5,cover,test,rand_attr_raw,all,inject,1,,1.0175732374191284,100,-0.010496691492045684,-0.009812899394385665,-0.0077506148954853415
71,5,cover,test,single_attr_0,all,inject,,,1.0175732374191284,1,0.0,0.0,0.0
71,5,cover,test,single_attr_1,all,inject,,,1.0175732374191284,1,0.0,0.0,0.0
71,5,cover,test,single_attr_2,all,inject,,,1.0175732374191284,1,0.014022923790157904,0.01443754548321762,0.015509653894696385
71,5,cover,test,mlp_ceiling,all,inject,,,1.0175732374191284,,86.7219576376493,93.9024613085622,
71,5,cover,test,mlp_ceiling,all,remove,,,1.0175732374191284,,86.13980860876312,96.87777226780233,
71,5,cover,test,all_tc,all,inject,,,1.0175732374191284,73728,6.759752170302258,12.600966861750113,1.3668036088347435
71,5,cover,test,tc_error,all,inject,,,1.0175732374191284,,-0.1844887250186611,1.2138143659796432,
71,5,cover,test,k_attr_10,all,inject,,10,1.0175732374191284,10,-0.024765631489054307,-0.02247933008902477,-0.044563389383256435
71,5,cover,test,k_random_10,all,inject,,10,1.0175732374191284,10,-0.0036550979302552022,-0.003501766150618423,0.0018978425941895694
71,5,cover,test,k_magnitude_10,all,inject,,10,1.0175732374191284,10,0.29907370212099993,0.3230107764088731,0.32822047360241413
71,5,cover,test,k_oracle_10,all,inject,,10,1.0175732374191284,10,1.8525254676563074,2.154650350164133,3.022877685725689
71,5,cover,test,k_attr_30,all,inject,,30,1.0175732374191284,30,0.09493882572715329,0.10071937895611957,0.16790347872301936
71,5,cover,test,k_random_30,all,inject,,30,1.0175732374191284,30,-0.16949345145860217,-0.1666787530700991,-0.08992480579763651
71,5,cover,test,k_magnitude_30,all,inject,,30,1.0175732374191284,30,0.15786039939208463,0.185946820188042,0.2228856785222888
71,5,cover,test,k_oracle_30,all,inject,,30,1.0175732374191284,30,2.864917303995085,3.4779869252745437,5.785179138183594
71,5,cover,test,k_attr_100,all,inject,,100,1.0175732374191284,100,-0.15966451824227512,-0.11930090026837763,-0.12160378973931074
71,5,cover,test,k_random_100,all,inject,,100,1.0175732374191284,100,0.13684358629305615,0.13952115322172307,0.11780806817114353
71,5,cover,test,k_magnitude_100,all,inject,,100,1.0175732374191284,100,-0.1637999335287743,-0.1209308575568752,-0.049729266902431846
71,5,cover,test,k_oracle_100,all,inject,,100,1.0175732374191284,100,7.512034585661265,10.686847913141005,12.04456090927124
71,5,cover,test,k_attr_300,all,inject,,300,1.0175732374191284,300,0.09427106745143465,0.15398010212218824,0.4737050272524357
71,5,cover,test,k_random_300,all,inject,,300,1.0175732374191284,300,-0.03985462550886165,-0.033462305231279604,-0.08468543528579175
71,5,cover,test,k_magnitude_300,all,inject,,300,1.0175732374191284,300,-0.6236159391791674,-0.5355643118342399,-0.3563709557056427
71,5,cover,test,k_oracle_300,all,inject,,300,1.0175732374191284,300,9.916485698316412,14.221560674303106,22.323381900787354
71,5,cover,test,k_attr_1000,all,inject,,1000,1.0175732374191284,1000,1.2835602715690952,1.5073397651841016,2.199224568903446
71,5,cover,test,k_random_1000,all,inject,,1000,1.0175732374191284,1000,-0.23227444443389977,-0.20365565113489353,-0.10485032107681036
71,5,cover,test,k_magnitude_1000,all,inject,,1000,1.0175732374191284,1000,-1.1367588864275469,-0.9405665860674868,-0.38447543047368526
71,5,cover,test,k_oracle_1000,all,inject,,1000,1.0175732374191284,1000,14.291819504235171,20.601812262645456,40.90884029865265
71,5,cover,test,k_attr_3000,all,inject,,3000,1.0175732374191284,3000,3.6593856412992287,4.835618176721333,4.308698698878288
71,5,cover,test,k_random_3000,all,inject,,3000,1.0175732374191284,3000,-0.49179811254023154,-0.45151880961204693,-0.44307056814432144
71,5,cover,test,k_magnitude_3000,all,inject,,3000,1.0175732374191284,3000,-1.4896867077326181,-0.9163559516281977,-0.7277985569089651
71,5,cover,test,k_oracle_3000,all,inject,,3000,1.0175732374191284,3000,19.860888378580988,29.678617559227956,64.28474187850952
71,5,cover,test,k_attr_30,all,remove,,30,1.0175732374191284,30,0.2965549647652055,0.30296985905185253,0.2690246794372797
71,5,cover,test,k_attr_100,all,remove,,100,1.0175732374191284,100,0.44060331140157727,0.46713488756744914,0.5218615755438805
71,5,cover,test,k_attr_300,all,remove,,300,1.0175732374191284,300,0.5865143521754823,0.6568614225454217,0.7945045828819275
71,5,cover,test,k_attr_1000,all,remove,,1000,1.0175732374191284,1000,0.6349678298664396,0.9104409031554307,-0.4031319636851549
71,5,cover,test,mlp_ceiling,occluder_tokens,inject,,,1.0175732374191284,,1.6511201996527003,5.1380419371726385,
71,5,cover,test,attr,occluder_tokens,inject,,,1.0175732374191284,,0.016354220226444394,0.025119199325007658,
71,5,cover,test,mlp_ceiling,other_tokens,inject,,,1.0175732374191284,,2.7413351627567084,3.9364623902913505,
71,5,cover,test,attr,other_tokens,inject,,,1.0175732374191284,,-0.20490807018678225,-0.18069957642484724,
71,5,paint,test,sel_capped,all,inject,,,0.31636109948158264,12,-11.329760571445968,-5.744717911647443,-0.7934386841952801
71,5,paint,test,rand_sel_same_norm,all,inject,0,,0.31636109948158264,12,-0.257090767991186,-0.25346695751770787,
71,5,paint,test,rand_sel_same_norm,all,inject,1,,0.31636109948158264,12,-0.1627648048569741,-0.15873900856973688,
71,5,paint,test,rand_sel_same_norm,all,inject,2,,0.31636109948158264,12,-0.097641926284453,-0.09537778329073911,
71,5,paint,test,sel_capped,all,remove,,,0.31636109948158264,12,-1.1794654836968066,-1.1609542097768006,-1.2396405450999737
71,5,paint,test,attr,all,inject,,,0.31636109948158264,100,-0.5185337376170773,0.15177158907314442,0.40368312038481236
71,5,paint,test,rand_attr_same_norm,all,inject,0,,0.31636109948158264,100,0.4083533256708183,0.4395217242378369,
71,5,paint,test,rand_attr_same_norm,all,inject,1,,0.31636109948158264,100,0.6310692370279702,0.6717107200064382,
71,5,paint,test,rand_attr_same_norm,all,inject,2,,0.31636109948158264,100,0.3869408704422095,0.4120989595714979,
71,5,paint,test,attr,all,remove,,,0.31636109948158264,100,15.71535734637034,22.602878442353887,8.03423523902893
71,5,paint,test,rand_attr_same_norm,all,remove,0,,0.31636109948158264,100,1.6992615481949302,1.7396805000425253,
71,5,paint,test,rand_attr_same_norm,all,remove,1,,0.31636109948158264,100,1.2244005525223645,1.2753721020891389,
71,5,paint,test,rand_attr_same_norm,all,remove,2,,0.31636109948158264,100,2.3532033946795927,2.427798885827482,
71,5,paint,test,mlp_ceiling,all,inject,,,0.31636109948158264,,61.748848385780654,79.57974922406387,
71,5,paint,test,mlp_ceiling,all,remove,,,0.31636109948158264,,87.87423870620161,99.4953379581497,
71,5,paint,test,all_tc,all,inject,,,0.31636109948158264,73728,50.881518658368854,63.88438619725031,61.56221628189087
71,5,paint,test,k_attr_10,all,inject,,10,0.31636109948158264,10,-2.0362839847363867,-1.9740963628766413,-0.724867545068264
71,5,paint,test,k_random_10,all,inject,,10,0.31636109948158264,10,-0.05403512678896494,-0.05160568426507923,0.03694590413942933
71,5,paint,test,k_attr_30,all,inject,,30,0.31636109948158264,30,-12.389135435145281,-6.633439887859655,-1.1952884495258331
71,5,paint,test,k_random_30,all,inject,,30,0.31636109948158264,30,-0.11208332261769538,-0.10835018045395081,-0.184163311496377
71,5,paint,test,k_attr_100,all,inject,,100,0.31636109948158264,100,-0.5185337376170773,0.15177158907314442,0.40368312038481236
71,5,paint,test,k_random_100,all,inject,,100,0.31636109948158264,100,-2.351187439809843,-2.276884773933904,-1.70079804956913
71,5,paint,test,k_attr_300,all,inject,,300,0.31636109948158264,300,-0.9466038555419498,1.0379105415691698,3.266659379005432
71,5,paint,test,k_random_300,all,inject,,300,0.31636109948158264,300,1.7493589687429978,1.8144656971489785,2.504049241542816
71,5,paint,test,k_attr_1000,all,inject,,1000,0.31636109948158264,1000,1.7682844516089369,3.1231211433924306,6.5850235521793365
71,5,paint,test,k_random_1000,all,inject,,1000,0.31636109948158264,1000,2.2214221205075657,2.2851121308157367,3.421904891729355
71,5,paint,test,k_attr_3000,all,inject,,3000,0.31636109948158264,3000,8.38952807532738,10.231899842084841,14.301550388336182
71,5,paint,test,k_random_3000,all,inject,,3000,0.31636109948158264,3000,0.7872303766340627,1.3684148100754685,2.100405842065811
78,6,cover,test,sel_capped,all,inject,,,0.19548530876636505,129,0.13960121495896205,0.1677700231486598,-0.01763109612511471
78,6,cover,test,rand_sel_same_norm,all,inject,0,,0.19548530876636505,129,0.20895208607923932,0.22581084860225317,
78,6,cover,test,rand_sel_same_norm,all,inject,1,,0.19548530876636505,129,0.05684210221409414,0.07015614372609678,
78,6,cover,test,rand_sel_same_norm,all,inject,2,,0.19548530876636505,129,0.2062612905741279,0.21981781765244046,
78,6,cover,test,rand_sel_same_norm,all,inject,3,,0.19548530876636505,129,-0.01269933516008237,-0.0015067388160592968,
78,6,cover,test,rand_sel_same_norm,all,inject,4,,0.19548530876636505,129,0.3877261001904331,0.3951714708873276,
78,6,cover,test,sel_uncapped,all,inject,,,0.19548530876636505,457,-0.7262708615736635,-0.6496070599579915,-0.2149619162082672
78,6,cover,test,sel_target,all,inject,,,0.19548530876636505,129,0.046017938992426455,0.07375237869048412,
78,6,cover,test,sel_xtask,all,inject,,,0.19548530876636505,132,0.06678203801766536,0.09789877542516513,-0.012017454719170928
78,6,cover,test,color,all,inject,,,0.19548530876636505,130,-0.1335335854347086,-0.11266102579702464,
78,6,cover,test,sel_capped,all,remove,,,0.19548530876636505,129,1.7104693364795587,1.7678540692171703,1.5394761227071285
78,6,cover,test,attr,all,inject,,,0.19548530876636505,100,-0.7312636974259101,-0.47824325982585403,-1.8288392573595047
78,6,cover,test,rand_attr_same_norm,all,inject,0,,0.19548530876636505,100,0.5465668841434179,0.5777936870124079,
78,6,cover,test,rand_attr_same_norm,all,inject,1,,0.19548530876636505,100,0.4368998163474913,0.46377740852872906,
78,6,cover,test,rand_attr_same_norm,all,inject,2,,0.19548530876636505,100,-1.0691605335458654,-1.012463755240187,
78,6,cover,test,rand_attr_same_norm,all,inject,3,,0.19548530876636505,100,0.8863693828023989,0.904466006647089,
78,6,cover,test,rand_attr_same_norm,all,inject,4,,0.19548530876636505,100,-0.5782923540931462,-0.5188006968519876,
78,6,cover,test,attr,all,remove,,,0.19548530876636505,100,-6.24660172727729,51.466168539042236,20.218902826309204
78,6,cover,test,rand_attr_same_norm,all,remove,0,,0.19548530876636505,100,0.6899260656293427,0.7396253118407653,
78,6,cover,test,rand_attr_same_norm,all,remove,1,,0.19548530876636505,100,0.2298915060580664,0.24453007919336522,
78,6,cover,test,rand_attr_same_norm,all,remove,2,,0.19548530876636505,100,1.6920835043030213,1.7682492401310081,
78,6,cover,test,attr_xtask,all,inject,,,0.19548530876636505,100,-1.2727538965653595,-1.0682726504703886,-1.7645712941884995
78,6,cover,test,rand_attr_raw,all,inject,0,,0.19548530876636505,100,0.608462803411014,0.6462226500283141,0.6465319078415632
78,6,cover,test,rand_attr_raw,all,inject,1,,0.19548530876636505,100,0.03420283125045165,0.04389679905922451,-0.10749453213065863
78,6,cover,test,single_attr_0,all,inject,,,0.19548530876636505,1,0.0,0.0,0.0
78,6,cover,test,single_attr_1,all,inject,,,0.19548530876636505,1,0.0,0.0,0.0
78,6,cover,test,single_attr_2,all,inject,,,0.19548530876636505,1,0.0,0.0,0.0
78,6,cover,test,mlp_ceiling,all,inject,,,0.19548530876636505,,82.31825677308674,96.83671465646606,
78,6,cover,test,mlp_ceiling,all,remove,,,0.19548530876636505,,88.95328207304374,101.79949982837528,
78,6,cover,test,all_tc,all,inject,,,0.19548530876636505,73728,61.354520540259905,80.7619025345556,25.975555181503296
78,6,cover,test,tc_error,all,inject,,,0.19548530876636505,,-3.483101384982179,8.016048337564651,
78,6,cover,test,k_attr_10,all,inject,,10,0.19548530876636505,10,0.07440468817376811,0.0907043349337915,0.027441600104793906
78,6,cover,test,k_random_10,all,inject,,10,0.19548530876636505,10,0.30137671922204623,0.30992471003657385,-0.006659601058345288
78,6,cover,test,k_magnitude_10,all,inject,,10,0.19548530876636505,10,-0.20546091230773111,-0.07037385955924746,-0.5915282759815454
78,6,cover,test,k_oracle_10,all,inject,,10,0.19548530876636505,10,17.815192963196246,19.07033732992432,9.016178548336029
78,6,cover,test,k_attr_30,all,inject,,30,0.19548530876636505,30,-0.20720649919347967,-0.1800095147173725,-0.21390786860138178
78,6,cover,test,k_random_30,all,inject,,30,0.19548530876636505,30,0.0909001031115908,0.10022206176621876,-0.0580109772272408
78,6,cover,test,k_magnitude_30,all,inject,,30,0.19548530876636505,30,1.1436948067722996,1.4075807466866161,0.5531742703169584
78,6,cover,test,k_oracle_30,all,inject,,30,0.19548530876636505,30,47.9444761589039,59.57976471084835,20.89712917804718
78,6,cover,test,k_attr_100,all,inject,,100,0.19548530876636505,100,-0.7312636974259101,-0.47824325982585403,-1.8288392573595047
78,6,cover,test,k_random_100,all,inject,,100,0.19548530876636505,100,0.3789676751610682,0.4220926147286668,0.399596244096756
78,6,cover,test,k_magnitude_100,all,inject,,100,0.19548530876636505,100,2.5524062915220025,2.8812444981335186,1.2362915091216564
78,6,cover,test,k_oracle_100,all,inject,,100,0.19548530876636505,100,49.859308746068706,87.9248567500424,44.04613673686981
78,6,cover,test,k_attr_300,all,inject,,300,0.19548530876636505,300,-0.7704136286276864,-0.37799053248477377,-2.082708291709423
78,6,cover,test,k_random_300,all,inject,,300,0.19548530876636505,300,0.972147065009088,1.0434720269528532,1.2971271760761738
78,6,cover,test,k_magnitude_300,all,inject,,300,0.19548530876636505,300,5.607785530944643,6.407777808517007,3.958357125520706
78,6,cover,test,k_oracle_300,all,inject,,300,0.19548530876636505,300,38.4531066377504,105.8255006529155,81.44772052764893
78,6,cover,test,k_attr_1000,all,inject,,1000,0.19548530876636505,1000,0.8014225694627286,1.682283913280388,-0.8611923083662987
78,6,cover,test,k_random_1000,all,inject,,1000,0.19548530876636505,1000,-0.3549715724696423,-0.1832446771603146,0.016839684394653887
78,6,cover,test,k_magnitude_1000,all,inject,,1000,0.19548530876636505,1000,9.109509050258191,10.753147142494724,6.020551174879074
78,6,cover,test,k_oracle_1000,all,inject,,1000,0.19548530876636505,1000,29.552229522264884,117.81975140298042,146.80473804473877
78,6,cover,test,k_attr_3000,all,inject,,3000,0.19548530876636505,3000,27.341615241092608,30.779435778913133,9.493690729141235
78,6,cover,test,k_random_3000,all,inject,,3000,0.19548530876636505,3000,1.3152577938358223,1.634969243024457,1.4256683178246021
78,6,cover,test,k_magnitude_3000,all,inject,,3000,0.19548530876636505,3000,37.22189237321074,44.507392127052775,14.369584619998932
78,6,cover,test,k_oracle_3000,all,inject,,3000,0.19548530876636505,3000,22.176797156019713,130.34414927971093,225.15738010406494
78,6,cover,test,k_attr_30,all,remove,,30,0.19548530876636505,30,4.525094793371675,5.291565589663899,2.668243646621704
78,6,cover,test,k_attr_100,all,remove,,100,0.19548530876636505,100,-6.24660172727729,51.466168539042236,20.218902826309204
78,6,cover,test,k_attr_300,all,remove,,300,0.19548530876636505,300,-37.08618252115647,74.36367300007286,33.39009881019592
78,6,cover,test,k_attr_1000,all,remove,,1000,0.19548530876636505,1000,-38.75261580768419,82.65889404658296,67.32918620109558
78,6,cover,test,mlp_ceiling,occluder_tokens,inject,,,0.19548530876636505,,60.614749965259776,64.79543431179627,
78,6,cover,test,attr,occluder_tokens,inject,,,0.19548530876636505,,-0.6024256644873827,-0.49834923728961,
78,6,cover,test,mlp_ceiling,other_tokens,inject,,,0.19548530876636505,,45.12448816762695,54.34815190762982,
78,6,cover,test,attr,other_tokens,inject,,,0.19548530876636505,,-0.6989817740147952,-0.5526216785945968,
78,6,paint,test,sel_capped,all,inject,,,0.14668415486812592,12,-0.40241544760071246,-0.38355664533040984,0.15379139222204685
78,6,paint,test,rand_sel_same_norm,all,inject,0,,0.14668415486812592,12,0.02896237197661522,0.042929998016485726,
78,6,paint,test,rand_sel_same_norm,all,inject,1,,0.14668415486812592,12,0.0,0.0,
78,6,paint,test,rand_sel_same_norm,all,inject,2,,0.14668415486812592,12,0.0,0.0,
78,6,paint,test,sel_capped,all,remove,,,0.14668415486812592,12,0.09334803089902088,0.10527404734327732,0.14313551364466548
78,6,paint,test,attr,all,inject,,,0.14668415486812592,100,2.1656865072628873,2.343852893739198,2.5712668895721436
78,6,paint,test,rand_attr_same_norm,all,inject,0,,0.14668415486812592,100,0.597380667865588,0.6215255752361554,
78,6,paint,test,rand_attr_same_norm,all,inject,1,,0.14668415486812592,100,-0.5065926221430317,-0.475571350333743,
78,6,paint,test,rand_attr_same_norm,all,inject,2,,0.14668415486812592,100,-1.863394924341777,-1.7318678436612898,
78,6,paint,test,attr,all,remove,,,0.14668415486812592,100,3.4251382620565374,3.6810160006412973,3.428731858730316
78,6,paint,test,rand_attr_same_norm,all,remove,0,,0.14668415486812592,100,0.6203087890691017,0.6588713525594136,
78,6,paint,test,rand_attr_same_norm,all,remove,1,,0.14668415486812592,100,-0.5323448539777287,-0.482646135862033,
78,6,paint,test,rand_attr_same_norm,all,remove,2,,0.14668415486812592,100,-3.1859320281269143,-2.962539096454934,
78,6,paint,test,mlp_ceiling,all,inject,,,0.14668415486812592,,93.26232790321875,98.2596901207827,
78,6,paint,test,mlp_ceiling,all,remove,,,0.14668415486812592,,94.30501964331482,99.16366702395594,
78,6,paint,test,all_tc,all,inject,,,0.14668415486812592,73728,10.79145497265438,16.381762873051542,26.495477557182312
78,6,paint,test,k_attr_10,all,inject,,10,0.14668415486812592,10,0.00457140210082807,0.05018029342737906,0.0647001201286912
78,6,paint,test,k_random_10,all,inject,,10,0.14668415486812592,10,0.2938090923562453,0.30710162555803233,4.8431252253067214e-05
78,6,paint,test,k_attr_30,all,inject,,30,0.14668415486812592,30,0.6459695928617837,0.7016393825976737,0.8246565237641335
78,6,paint,test,k_random_30,all,inject,,30,0.14668415486812592,30,-0.04210769268433445,-0.028483945823288268,0.04290197393856943
78,6,paint,test,k_attr_100,all,inject,,100,0.14668415486812592,100,2.1656865072628873,2.343852893739198,2.5712668895721436
78,6,paint,test,k_random_100,all,inject,,100,0.14668415486812592,100,-0.03431599177026179,-0.009170874453365138,-0.0980304554104805
78,6,paint,test,k_attr_300,all,inject,,300,0.14668415486812592,300,3.43996992220591,3.8395467590941603,3.502224013209343
78,6,paint,test,k_random_300,all,inject,,300,0.14668415486812592,300,0.5145367031271553,0.5781238088070962,0.5948934704065323
78,6,paint,test,k_attr_1000,all,inject,,1000,0.14668415486812592,1000,5.7167110245050505,6.8213103634827394,5.859424918889999
78,6,paint,test,k_random_1000,all,inject,,1000,0.14668415486812592,1000,-0.22419171769620938,-0.03922779903936189,0.6365023087710142
78,6,paint,test,k_attr_3000,all,inject,,3000,0.14668415486812592,3000,9.59810569223879,11.51256202751195,11.365800350904465
78,6,paint,test,k_random_3000,all,inject,,3000,0.14668415486812592,3000,2.7062090916654458,2.974122557017695,4.494545981287956
79,6,cover,test,sel_capped,all,inject,,,0.2524191737174988,129,0.1575719422294508,0.20233838788366204,0.10575961787253618
79,6,cover,test,rand_sel_same_norm,all,inject,0,,0.2524191737174988,129,-0.23579119273671179,-0.1908284170989271,
79,6,cover,test,rand_sel_same_norm,all,inject,1,,0.2524191737174988,129,-0.2915069124565406,-0.26701173722075916,
79,6,cover,test,rand_sel_same_norm,all,inject,2,,0.2524191737174988,129,-0.042952699372889036,-0.01468649407948373,
79,6,cover,test,rand_sel_same_norm,all,inject,3,,0.2524191737174988,129,-0.10156105552656669,-0.08982487030156007,
79,6,cover,test,rand_sel_same_norm,all,inject,4,,0.2524191737174988,129,-0.09478402159583954,-0.08088805150088528,
79,6,cover,test,sel_uncapped,all,inject,,,0.2524191737174988,457,1.9855882949525783,2.1101545839732743,1.598297618329525
79,6,cover,test,sel_target,all,inject,,,0.2524191737174988,129,0.03970586255939157,0.0762254919871204,
79,6,cover,test,sel_xtask,all,inject,,,0.2524191737174988,132,-0.3206221836642209,-0.2735364238866566,-0.27555611450225115
79,6,cover,test,color,all,inject,,,0.2524191737174988,130,-0.09134827791317246,-0.07504822122683842,
79,6,cover,test,sel_capped,all,remove,,,0.2524191737174988,129,-2.308536394443217,-2.191572260311963,-1.4485251158475876
79,6,cover,test,attr,all,inject,,,0.2524191737174988,100,4.497341253883514,4.737396073823497,4.2399633675813675
79,6,cover,test,rand_attr_same_norm,all,inject,0,,0.2524191737174988,100,-0.0069895541585429655,0.012232000059624954,
79,6,cover,test,rand_attr_same_norm,all,inject,1,,0.2524191737174988,100,0.4719483925324175,0.48657629218617815,
79,6,cover,test,rand_attr_same_norm,all,inject,2,,0.2524191737174988,100,0.7118483096731465,0.7460398585491257,
79,6,cover,test,rand_attr_same_norm,all,inject,3,,0.2524191737174988,100,-0.42696494431615495,-0.41238334378364794,
79,6,cover,test,rand_attr_same_norm,all,inject,4,,0.2524191737174988,100,1.6355084463803182,1.6886657923954267,
79,6,cover,test,attr,all,remove,,,0.2524191737174988,100,-4.8821917730586195,-2.331377915678406,-14.097234606742859
79,6,cover,test,rand_attr_same_norm,all,remove,0,,0.2524191737174988,100,0.06607017748508914,0.08603720367777234,
79,6,cover,test,rand_attr_same_norm,all,remove,1,,0.2524191737174988,100,-1.3157599569858958,-1.2757947951788227,
79,6,cover,test,rand_attr_same_norm,all,remove,2,,0.2524191737174988,100,0.7999143307348411,0.8607564196734593,
79,6,cover,test,attr_xtask,all,inject,,,0.2524191737174988,100,2.1087437669588205,2.2594176956684207,1.9541887566447258
79,6,cover,test,rand_attr_raw,all,inject,0,,0.2524191737174988,100,0.5382428969246233,0.5559382775994149,0.7802680134773254
79,6,cover,test,rand_attr_raw,all,inject,1,,0.2524191737174988,100,0.3488283405641335,0.359321264574169,0.26868325658142567
79,6,cover,test,single_attr_0,all,inject,,,0.2524191737174988,1,0.0,0.0,0.0
79,6,cover,test,single_attr_1,all,inject,,,0.2524191737174988,1,0.0,0.0,0.0
79,6,cover,test,single_attr_2,all,inject,,,0.2524191737174988,1,0.0,0.0,0.0
79,6,cover,test,mlp_ceiling,all,inject,,,0.2524191737174988,,86.70998556987654,93.602756727709,
79,6,cover,test,mlp_ceiling,all,remove,,,0.2524191737174988,,45.05938877765685,66.34506325911428,
79,6,cover,test,all_tc,all,inject,,,0.2524191737174988,73728,56.68408584778215,70.18968283245236,53.868937492370605
79,6,cover,test,tc_error,all,inject,,,0.2524191737174988,,8.521081180129553,29.32042819975277,
79,6,cover,test,k_attr_10,all,inject,,10,0.2524191737174988,10,0.04670722339724653,0.053461555105923084,0.07986234850250185
79,6,cover,test,k_random_10,all,inject,,10,0.2524191737174988,10,0.03624650551808939,0.038809976641387196,-0.05122018628753722
79,6,cover,test,k_magnitude_10,all,inject,,10,0.2524191737174988,10,-0.2954621500293575,0.006514755521546536,0.28134563472121954
79,6,cover,test,k_oracle_10,all,inject,,10,0.2524191737174988,10,8.589530403497992,10.037422062049638,10.153235495090485
79,6,cover,test,k_attr_30,all,inject,,30,0.2524191737174988,30,0.07837273733846128,0.10274756098712237,0.3252382157370448
79,6,cover,test,k_random_30,all,inject,,30,0.2524191737174988,30,-0.035384617927602946,-0.02803405649361717,0.07670054910704494
79,6,cover,test,k_magnitude_30,all,inject,,30,0.2524191737174988,30,-0.14734735793671128,0.33397284134147315,0.2618483966216445
79,6,cover,test,k_oracle_30,all,inject,,30,0.2524191737174988,30,12.516585432777372,18.724104252943057,21.336761116981506
79,6,cover,test,k_attr_100,all,inject,,100,0.2524191737174988,100,4.497341253883514,4.737396073823497,4.2399633675813675
79,6,cover,test,k_random_100,all,inject,,100,0.2524191737174988,100,0.5253027763878704,0.5928742498075366,0.4657539539039135
79,6,cover,test,k_magnitude_100,all,inject,,100,0.2524191737174988,100,1.2084962753468709,2.1819990714886193,1.5495291911065578
79,6,cover,test,k_oracle_100,all,inject,,100,0.2524191737174988,100,20.412615106268383,40.26481561958676,45.462048053741455
79,6,cover,test,k_attr_300,all,inject,,300,0.2524191737174988,300,6.840075694982472,7.28511838135218,7.396275550127029
79,6,cover,test,k_random_300,all,inject,,300,0.2524191737174988,300,-0.7171967354059339,-0.6036148534194766,-0.9450617246329784
79,6,cover,test,k_magnitude_300,all,inject,,300,0.2524191737174988,300,2.3979247635889545,3.352337375157514,3.7196125835180283
79,6,cover,test,k_oracle_300,all,inject,,300,0.2524191737174988,300,31.080085650374468,94.52708570161754,85.88006496429443
79,6,cover,test,k_attr_1000,all,inject,,1000,0.2524191737174988,1000,12.031744146425494,13.149995385667927,11.767102777957916
79,6,cover,test,k_random_1000,all,inject,,1000,0.2524191737174988,1000,1.5186046110749918,1.6852282967521004,1.5696579590439796
79,6,cover,test,k_magnitude_1000,all,inject,,1000,0.2524191737174988,1000,6.236057787555804,7.7172613780918695,6.937737762928009
79,6,cover,test,k_oracle_1000,all,inject,,1000,0.2524191737174988,1000,11.744340055033298,126.54187756530563,160.97432374954224
79,6,cover,test,k_attr_3000,all,inject,,3000,0.2524191737174988,3000,39.74895693891531,51.086707276780295,21.852485835552216
79,6,cover,test,k_random_3000,all,inject,,3000,0.2524191737174988,3000,1.640360991581602,2.0512400621869986,1.4991413801908493
79,6,cover,test,k_magnitude_3000,all,inject,,3000,0.2524191737174988,3000,7.428762629309704,10.26034155636674,7.1824997663497925
79,6,cover,test,k_oracle_3000,all,inject,,3000,0.2524191737174988,3000,-32.69237626186836,154.40006712377777,251.6373634338379
79,6,cover,test,k_attr_30,all,remove,,30,0.2524191737174988,30,-2.443699259319776,-2.1522331015162464,-2.2273434326052666
79,6,cover,test,k_attr_100,all,remove,,100,0.2524191737174988,100,-4.8821917730586195,-2.331377915678406,-14.097234606742859
79,6,cover,test,k_attr_300,all,remove,,300,0.2524191737174988,300,-22.938972927520453,-7.236847507144517,-30.333268642425537
79,6,cover,test,k_attr_1000,all,remove,,1000,0.2524191737174988,1000,-23.115825177082485,-2.9052138360169875,-48.97123873233795
79,6,cover,test,mlp_ceiling,occluder_tokens,inject,,,0.2524191737174988,,40.4036136939534,52.73333531192243,
79,6,cover,test,attr,occluder_tokens,inject,,,0.2524191737174988,,1.8401536190659873,1.9249641501892818,
79,6,cover,test,mlp_ceiling,other_tokens,inject,,,0.2524191737174988,,-5.259497824147075,28.97581157719239,
79,6,cover,test,attr,other_tokens,inject,,,0.2524191737174988,,1.8520665585017415,1.9922108770284352,
80,6,cover,test,sel_capped,all,inject,,,0.8427647948265076,129,3.3162374205641942,4.273882931994916,0.2509651705622673
80,6,cover,test,rand_sel_same_norm,all,inject,0,,0.8427647948265076,129,0.117637099061918,0.11860231570774873,
80,6,cover,test,rand_sel_same_norm,all,inject,1,,0.8427647948265076,129,0.19273303592475255,0.1934987892527067,
80,6,cover,test,rand_sel_same_norm,all,inject,2,,0.8427647948265076,129,2.5157209574173223,3.3717032170419303,
80,6,cover,test,rand_sel_same_norm,all,inject,3,,0.8427647948265076,129,0.32679250882313715,0.32906119345114454,
80,6,cover,test,rand_sel_same_norm,all,inject,4,,0.8427647948265076,129,2.863532973149141,3.7901118976977424,
80,6,cover,test,sel_uncapped,all,inject,,,0.8427647948265076,457,3.5458960438275122,4.575894172466014,0.2927836263552308
80,6,cover,test,sel_target,all,inject,,,0.8427647948265076,129,3.42708490770407,4.392672725781709,
80,6,cover,test,sel_xtask,all,inject,,,0.8427647948265076,132,0.43697517979564005,0.45213814263006546,-0.05305947852320969
80,6,cover,test,color,all,inject,,,0.8427647948265076,130,2.4273640597692325,3.287463674281932,
80,6,cover,test,sel_capped,all,remove,,,0.8427647948265076,129,0.8630304004166534,0.8780233119282904,0.6992334965616465
80,6,cover,test,attr,all,inject,,,0.8427647948265076,100,2.792143032793759,3.812613295360129,-0.3520883619785309
80,6,cover,test,rand_attr_same_norm,all,inject,0,,0.8427647948265076,100,0.06329898614827467,0.06470183448904422,
80,6,cover,test,rand_attr_same_norm,all,inject,1,,0.8427647948265076,100,0.038884673278571924,0.04124806964475099,
80,6,cover,test,rand_attr_same_norm,all,inject,2,,0.8427647948265076,100,0.29843880653616095,0.30124790089769576,
80,6,cover,test,rand_attr_same_norm,all,inject,3,,0.8427647948265076,100,0.16763268935042763,0.1697346299797784,
80,6,cover,test,rand_attr_same_norm,all,inject,4,,0.8427647948265076,100,2.4981740541062725,3.3800703164744683,
80,6,cover,test,attr,all,remove,,,0.8427647948265076,100,7.013131604533118,8.525935445552918,2.7324359863996506
80,6,cover,test,rand_attr_same_norm,all,remove,0,,0.8427647948265076,100,-0.38291996737873646,-0.37566672374401894,
80,6,cover,test,rand_attr_same_norm,all,remove,1,,0.8427647948265076,100,-0.36683707413838196,-0.3612500454992202,
80,6,cover,test,rand_attr_same_norm,all,remove,2,,0.8427647948265076,100,0.12469546645588192,0.13296090907641464,
80,6,cover,test,attr_xtask,all,inject,,,0.8427647948265076,100,2.7150597199412374,3.688418071449336,-0.341465650126338
80,6,cover,test,rand_attr_raw,all,inject,0,,0.8427647948265076,100,-0.10119350768820201,-0.09724220493817078,-0.2346699358895421
80,6,cover,test,rand_attr_raw,all,inject,1,,0.8427647948265076,100,0.1731704665743461,0.17552352818385897,0.06987731903791428
80,6,cover,test,single_attr_0,all,inject,,,0.8427647948265076,1,0.0,0.0,0.0
80,6,cover,test,single_attr_1,all,inject,,,0.8427647948265076,1,0.0,0.0,0.0
80,6,cover,test,single_attr_2,all,inject,,,0.8427647948265076,1,0.0,0.0,0.0
80,6,cover,test,mlp_ceiling,all,inject,,,0.8427647948265076,,63.01271206309643,76.56171738272158,
80,6,cover,test,mlp_ceiling,all,remove,,,0.8427647948265076,,67.64037717142928,81.5628811806509,
80,6,cover,test,all_tc,all,inject,,,0.8427647948265076,73728,47.8421375622054,61.391433366921426,25.631624460220337
80,6,cover,test,tc_error,all,inject,,,0.8427647948265076,,12.716667302014029,17.14667806894005,
80,6,cover,test,k_attr_10,all,inject,,10,0.8427647948265076,10,-0.029223621314478088,-0.02862679552065011,-0.01066471595549956
80,6,cover,test,k_random_10,all,inject,,10,0.8427647948265076,10,0.022115746333595254,0.022713540833697175,-0.0020061876057297923
80,6,cover,test,k_magnitude_10,all,inject,,10,0.8427647948265076,10,2.900932418819757,3.905862527719997,-0.021108717191964388
80,6,cover,test,k_oracle_10,all,inject,,10,0.8427647948265076,10,6.282272316199011,7.318103785240488,3.8703609257936478
80,6,cover,test,k_attr_30,all,inject,,30,0.8427647948265076,30,0.044054679856708745,0.04675971596716641,-0.0022011137843946926
80,6,cover,test,k_random_30,all,inject,,30,0.8427647948265076,30,0.036112248410402614,0.03680295815654623,0.011493396596051753
80,6,cover,test,k_magnitude_30,all,inject,,30,0.8427647948265076,30,3.506756760101859,4.552355039637877,0.38848232943564653
80,6,cover,test,k_oracle_30,all,inject,,30,0.8427647948265076,30,9.742414146948564,11.303559257447816,9.232965856790543
80,6,cover,test,k_attr_100,all,inject,,100,0.8427647948265076,100,2.792143032793759,3.812613295360129,-0.3520883619785309
80,6,cover,test,k_random_100,all,inject,,100,0.8427647948265076,100,3.6982662513781683,4.6112159153295265,0.8705282583832741
80,6,cover,test,k_magnitude_100,all,inject,,100,0.8427647948265076,100,3.612780793772119,4.671479747583524,0.7390914019197226
80,6,cover,test,k_oracle_100,all,inject,,100,0.8427647948265076,100,19.657935107859704,25.440826829323388,20.935577154159546
80,6,cover,test,k_attr_300,all,inject,,300,0.8427647948265076,300,3.073466359276422,4.172258543848174,-0.20157466642558575
80,6,cover,test,k_random_300,all,inject,,300,0.8427647948265076,300,2.956303118546555,3.9140404946435834,0.09204414673149586
80,6,cover,test,k_magnitude_300,all,inject,,300,0.8427647948265076,300,4.122659431580766,5.225378660930174,1.5192772261798382
80,6,cover,test,k_oracle_300,all,inject,,300,0.8427647948265076,300,20.945422341090726,42.78756182369591,38.49585950374603
80,6,cover,test,k_attr_1000,all,inject,,1000,0.8427647948265076,1000,4.187252687501674,5.63180140451259,0.2596257720142603
80,6,cover,test,k_random_1000,all,inject,,1000,0.8427647948265076,1000,2.661103522698205,3.6609831158455264,-0.43474663980305195
80,6,cover,test,k_magnitude_1000,all,inject,,1000,0.8427647948265076,1000,4.4850054603332135,5.698180776979979,3.0410217121243477
80,6,cover,test,k_oracle_1000,all,inject,,1000,0.8427647948265076,1000,39.24786093630021,58.66214307741564,68.42016577720642
80,6,cover,test,k_attr_3000,all,inject,,3000,0.8427647948265076,3000,12.122781361694868,15.592053347122128,4.859690368175507
80,6,cover,test,k_random_3000,all,inject,,3000,0.8427647948265076,3000,4.305780923128366,5.506534301839095,1.0832158848643303
80,6,cover,test,k_magnitude_3000,all,inject,,3000,0.8427647948265076,3000,7.487506229999374,8.971563094789131,5.019361525774002
80,6,cover,test,k_oracle_3000,all,inject,,3000,0.8427647948265076,3000,53.35227894385041,69.1789479266719,103.45461368560791
80,6,cover,test,k_attr_30,all,remove,,30,0.8427647948265076,30,0.6420214598415352,0.6844440790184421,0.8069446310400963
80,6,cover,test,k_attr_100,all,remove,,100,0.8427647948265076,100,7.013131604533118,8.525935445552918,2.7324359863996506
80,6,cover,test,k_attr_300,all,remove,,300,0.8427647948265076,300,7.3104953891816145,8.990862283420643,3.5045597702264786
80,6,cover,test,k_attr_1000,all,remove,,1000,0.8427647948265076,1000,12.449800190915406,16.00279237844941,6.5604425966739655
80,6,cover,test,mlp_ceiling,occluder_tokens,inject,,,0.8427647948265076,,17.338306629766066,23.859269331321975,
80,6,cover,test,attr,occluder_tokens,inject,,,0.8427647948265076,,3.0080809819646004,3.9599525071006405,
80,6,cover,test,mlp_ceiling,other_tokens,inject,,,0.8427647948265076,,32.32288819906746,41.26691803719832,
80,6,cover,test,attr,other_tokens,inject,,,0.8427647948265076,,1.9127185485903198,2.784667175582734,
80,6,paint,test,sel_capped,all,inject,,,0.23995594680309296,12,0.27727458150944573,0.2889106667703979,0.2514521824195981
80,6,paint,test,rand_sel_same_norm,all,inject,0,,0.23995594680309296,12,-0.08637429236764138,-0.08205631214705587,
80,6,paint,test,rand_sel_same_norm,all,inject,1,,0.23995594680309296,12,0.1868451871994692,0.19008238641902536,
80,6,paint,test,rand_sel_same_norm,all,inject,2,,0.23995594680309296,12,0.11108371140069462,0.11663502474938874,
80,6,paint,test,sel_capped,all,remove,,,0.23995594680309296,12,-0.8722319349400154,-0.8321321958578299,-0.6248794961720705
80,6,paint,test,attr,all,inject,,,0.23995594680309296,100,19.232274189971655,30.076281265362113,15.380264818668365
80,6,paint,test,rand_attr_same_norm,all,inject,0,,0.23995594680309296,100,0.4684605286747523,0.48036888516885573,
80,6,paint,test,rand_attr_same_norm,all,inject,1,,0.23995594680309296,100,0.5290386595286134,0.6110973609248965,
80,6,paint,test,rand_attr_same_norm,all,inject,2,,0.23995594680309296,100,0.4370816157885926,0.5972468359132693,
80,6,paint,test,attr,all,remove,,,0.23995594680309296,100,37.72084392570879,50.557484426590555,60.42318344116211
80,6,paint,test,rand_attr_same_norm,all,remove,0,,0.23995594680309296,100,0.3161613324481283,0.3271483996049127,
80,6,paint,test,rand_attr_same_norm,all,remove,1,,0.23995594680309296,100,0.8736415951864362,0.9511027318085599,
80,6,paint,test,rand_attr_same_norm,all,remove,2,,0.23995594680309296,100,1.3442631889085677,1.5316676696701403,
80,6,paint,test,mlp_ceiling,all,inject,,,0.23995594680309296,,88.14605365614014,100.09366098018828,
80,6,paint,test,mlp_ceiling,all,remove,,,0.23995594680309296,,93.0557194294217,98.55261795500677,
80,6,paint,test,all_tc,all,inject,,,0.23995594680309296,73728,61.76650238639334,77.94040678167583,83.41198563575745
80,6,paint,test,k_attr_10,all,inject,,10,0.23995594680309296,10,3.1945509365826186,3.3529886758801966,3.437872603535652
80,6,paint,test,k_random_10,all,inject,,10,0.23995594680309296,10,-0.08670342009036158,-0.07911529290682758,0.08860317175276577
80,6,paint,test,k_attr_30,all,inject,,30,0.23995594680309296,30,2.992541034309326,3.180510054831803,3.646162524819374
80,6,paint,test,k_random_30,all,inject,,30,0.23995594680309296,30,0.03013071152259128,0.034382996029789746,0.10995245538651943
80,6,paint,test,k_attr_100,all,inject,,100,0.23995594680309296,100,19.232274189971655,30.076281265362113,15.380264818668365
80,6,paint,test,k_random_100,all,inject,,100,0.23995594680309296,100,0.49650469463436986,0.5093651338199237,0.44976971112191677
80,6,paint,test,k_attr_300,all,inject,,300,0.23995594680309296,300,20.6995690476118,31.30068373651281,15.087488293647766
80,6,paint,test,k_random_300,all,inject,,300,0.23995594680309296,300,1.345002173795462,1.4053772816850194,1.473505049943924
80,6,paint,test,k_attr_1000,all,inject,,1000,0.23995594680309296,1000,23.356679252800582,34.814489550497335,20.80881893634796
80,6,paint,test,k_random_1000,all,inject,,1000,0.23995594680309296,1000,7.953234800773091,16.17160672496438,0.2995097544044256
80,6,paint,test,k_attr_3000,all,inject,,3000,0.23995594680309296,3000,30.027266058343415,41.47014991624838,31.470268964767456
80,6,paint,test,k_random_3000,all,inject,,3000,0.23995594680309296,3000,7.872530199176298,19.473750175803627,4.197584092617035
81,6,cover,test,sel_capped,all,inject,,,0.358410507440567,129,-0.5541040561152011,-0.5383464879038249,-0.32319603487849236
81,6,cover,test,rand_sel_same_norm,all,inject,0,,0.358410507440567,129,-0.08462314263759652,-0.08276659965736279,
81,6,cover,test,rand_sel_same_norm,all,inject,1,,0.358410507440567,129,-0.3542830144797282,-0.3492156208454702,
81,6,cover,test,rand_sel_same_norm,all,inject,2,,0.358410507440567,129,0.016671848382465715,0.018989651795092023,
81,6,cover,test,rand_sel_same_norm,all,inject,3,,0.358410507440567,129,-0.18146122057387526,-0.1793077233698377,
81,6,cover,test,rand_sel_same_norm,all,inject,4,,0.358410507440567,129,0.004739627719707595,0.006353748724375865,
81,6,cover,test,sel_uncapped,all,inject,,,0.358410507440567,457,-1.7943897941346876,-1.7274012137707182,-1.9602667540311813
81,6,cover,test,sel_target,all,inject,,,0.358410507440567,129,-0.39910159940816925,-0.38820752313682555,
81,6,cover,test,sel_xtask,all,inject,,,0.358410507440567,132,-0.017702925289908578,-0.009395065744022546,0.19905681256204844
81,6,cover,test,color,all,inject,,,0.358410507440567,130,-0.4333599611716421,-0.427155809361059,
81,6,cover,test,sel_capped,all,remove,,,0.358410507440567,129,6.722671327356022,7.049510350387037,5.600103363394737
81,6,cover,test,attr,all,inject,,,0.358410507440567,100,0.572247683631677,0.6930901294713654,0.49752360209822655
81,6,cover,test,rand_attr_same_norm,all,inject,0,,0.358410507440567,100,-0.23707285248506516,-0.2328551789182511,
81,6,cover,test,rand_attr_same_norm,all,inject,1,,0.358410507440567,100,0.25735347004359754,0.262624238444908,
81,6,cover,test,rand_attr_same_norm,all,inject,2,,0.358410507440567,100,0.16434035482848497,0.16848706100335642,
81,6,cover,test,rand_attr_same_norm,all,inject,3,,0.358410507440567,100,-0.4406357054782095,-0.4347370838852202,
81,6,cover,test,rand_attr_same_norm,all,inject,4,,0.358410507440567,100,-0.5760560160801509,-0.5663124075127263,
81,6,cover,test,attr,all,remove,,,0.358410507440567,100,3.8874925465196553,88.72066126136414,120.99994421005249
81,6,cover,test,rand_attr_same_norm,all,remove,0,,0.358410507440567,100,7.692690188579809,8.19627035059406,
81,6,cover,test,rand_attr_same_norm,all,remove,1,,0.358410507440567,100,4.218276985673275,4.359548139877878,
81,6,cover,test,rand_attr_same_norm,all,remove,2,,0.358410507440567,100,0.009703764120871927,0.016724599166487147,
81,6,cover,test,attr_xtask,all,inject,,,0.358410507440567,100,0.45759026849658824,0.5219677598410363,0.6282515823841095
81,6,cover,test,rand_attr_raw,all,inject,0,,0.358410507440567,100,0.08331766623059789,0.09101078205883278,0.38257832638919353
81,6,cover,test,rand_attr_raw,all,inject,1,,0.358410507440567,100,-0.05966941845017004,-0.05645636302500594,0.051244808128103614
81,6,cover,test,single_attr_0,all,inject,,,0.358410507440567,1,0.0,0.0,0.0
81,6,cover,test,single_attr_1,all,inject,,,0.358410507440567,1,0.0,0.0,0.0
81,6,cover,test,single_attr_2,all,inject,,,0.358410507440567,1,0.0,0.0,0.0
81,6,cover,test,mlp_ceiling,all,inject,,,0.358410507440567,,81.01619655518869,86.83076249009319,
81,6,cover,test,mlp_ceiling,all,remove,,,0.358410507440567,,63.318881903527625,108.82616537252714,
81,6,cover,test,all_tc,all,inject,,,0.358410507440567,73728,38.94015355229693,56.32240267142233,3.4637875854969025
81,6,cover,test,tc_error,all,inject,,,0.358410507440567,,-37.06783845785486,3.7838404470493625,
81,6,cover,test,k_attr_10,all,inject,,10,0.358410507440567,10,0.0,0.0,-1.9297270625884266e-05
81,6,cover,test,k_random_10,all,inject,,10,0.358410507440567,10,-0.0020205781331439354,-0.0001702281905399683,0.03424713504500687
81,6,cover,test,k_magnitude_10,all,inject,,10,0.358410507440567,10,0.717213770763836,0.8202655663277726,0.586110120639205
81,6,cover,test,k_oracle_10,all,inject,,10,0.358410507440567,10,7.941121517319472,8.64729548354538,7.631178200244904
81,6,cover,test,k_attr_30,all,inject,,30,0.358410507440567,30,-0.5181992973543492,-0.5067981513532785,-0.18932605162262917
81,6,cover,test,k_random_30,all,inject,,30,0.358410507440567,30,-0.0872590408606655,-0.08425875138224487,0.07348173530772328
81,6,cover,test,k_magnitude_30,all,inject,,30,0.358410507440567,30,1.019743376598925,1.1674352091674918,0.944722443819046
81,6,cover,test,k_oracle_30,all,inject,,30,0.358410507440567,30,16.35046004739129,18.00141200455011,15.964311361312866
81,6,cover,test,k_attr_100,all,inject,,100,0.358410507440567,100,0.572247683631677,0.6930901294713654,0.49752360209822655
81,6,cover,test,k_random_100,all,inject,,100,0.358410507440567,100,0.1880717539724075,0.20297368207570438,0.10941305663436651
81,6,cover,test,k_magnitude_100,all,inject,,100,0.358410507440567,100,2.4602326525260065,2.6908594553185234,1.886487752199173
81,6,cover,test,k_oracle_100,all,inject,,100,0.358410507440567,100,32.041716872767026,37.30306961236733,34.01517868041992
81,6,cover,test,k_attr_300,all,inject,,300,0.358410507440567,300,1.2762487027347946,1.4400693018739648,0.5337515845894814
81,6,cover,test,k_random_300,all,inject,,300,0.358410507440567,300,-0.009562406802920975,0.0008678760498824843,0.09510029340162873
81,6,cover,test,k_magnitude_300,all,inject,,300,0.358410507440567,300,4.40254040719722,4.874891195809702,3.325743228197098
81,6,cover,test,k_oracle_300,all,inject,,300,0.358410507440567,300,51.24657198110037,64.27120261603497,62.950706481933594
81,6,cover,test,k_attr_1000,all,inject,,1000,0.358410507440567,1000,0.4978188981596188,0.7173771862759131,-0.06284237606450915
81,6,cover,test,k_random_1000,all,inject,,1000,0.358410507440567,1000,-0.7099796021390103,-0.673053451779264,-0.3672154154628515
81,6,cover,test,k_magnitude_1000,all,inject,,1000,0.358410507440567,1000,6.71101350619282,7.573394201176795,5.260162428021431
81,6,cover,test,k_oracle_1000,all,inject,,1000,0.358410507440567,1000,41.75440729250762,101.66828142450404,114.27257061004639
81,6,cover,test,k_attr_3000,all,inject,,3000,0.358410507440567,3000,-4.928206696994186,0.5503330183502048,0.40378207340836525
81,6,cover,test,k_random_3000,all,inject,,3000,0.358410507440567,3000,0.826790637588859,0.9616878799662076,1.2115196324884892
81,6,cover,test,k_magnitude_3000,all,inject,,3000,0.358410507440567,3000,4.564810293074462,5.833130092182465,1.903330348432064
81,6,cover,test,k_oracle_3000,all,inject,,3000,0.358410507440567,3000,18.965412441988416,123.272222547936,174.01827573776245
81,6,cover,test,k_attr_30,all,remove,,30,0.358410507440567,30,14.263369138587635,23.220515368933913,18.590031564235687
81,6,cover,test,k_attr_100,all,remove,,100,0.358410507440567,100,3.8874925465196553,88.72066126136414,120.99994421005249
81,6,cover,test,k_attr_300,all,remove,,300,0.358410507440567,300,-9.66746023556282,99.32556886381487,197.72748947143555
81,6,cover,test,k_attr_1000,all,remove,,1000,0.358410507440567,1000,-22.393743159241254,112.8677802231293,319.58227157592773
81,6,cover,test,mlp_ceiling,occluder_tokens,inject,,,0.358410507440567,,29.80023466977808,77.80077194446568,
81,6,cover,test,attr,occluder_tokens,inject,,,0.358410507440567,,-0.5758065619896335,-0.5468771741747744,
81,6,cover,test,mlp_ceiling,other_tokens,inject,,,0.358410507440567,,-10.320256645020432,8.350069883280117,
81,6,cover,test,attr,other_tokens,inject,,,0.358410507440567,,0.8624459422591935,0.9327866674893885,
81,6,paint,test,sel_capped,all,inject,,,0.14053736627101898,12,1.6041579832606345,1.6420159341714495,1.2143614701926708
81,6,paint,test,rand_sel_same_norm,all,inject,0,,0.14053736627101898,12,0.26596537085066263,0.2740188172107911,
81,6,paint,test,rand_sel_same_norm,all,inject,1,,0.14053736627101898,12,0.17516137483866157,0.18909865547204774,
81,6,paint,test,rand_sel_same_norm,all,inject,2,,0.14053736627101898,12,0.287754512817584,0.30278251631669584,
81,6,paint,test,sel_capped,all,remove,,,0.14053736627101898,12,0.7723004976088688,0.7912896598764416,1.0032054968178272
81,6,paint,test,attr,all,inject,,,0.14053736627101898,100,3.040555477859208,3.208376939713656,2.2559184581041336
81,6,paint,test,rand_attr_same_norm,all,inject,0,,0.14053736627101898,100,0.3840508570236767,0.4080399155221515,
81,6,paint,test,rand_attr_same_norm,all,inject,1,,0.14053736627101898,100,0.561862979060268,0.5846136643127728,
81,6,paint,test,rand_attr_same_norm,all,inject,2,,0.14053736627101898,100,1.315799100081927,1.3852492037380681,
81,6,paint,test,attr,all,remove,,,0.14053736627101898,100,1.5102261055550903,1.638041543992825,1.9097866490483284
81,6,paint,test,rand_attr_same_norm,all,remove,0,,0.14053736627101898,100,-0.2323963083361802,-0.2092184735872257,
81,6,paint,test,rand_attr_same_norm,all,remove,1,,0.14053736627101898,100,0.28898445951741625,0.3286515929567085,
81,6,paint,test,rand_attr_same_norm,all,remove,2,,0.14053736627101898,100,0.4026166903979278,0.4641081062754973,
81,6,paint,test,mlp_ceiling,all,inject,,,0.14053736627101898,,91.8088339702372,95.7099806209705,
81,6,paint,test,mlp_ceiling,all,remove,,,0.14053736627101898,,90.5406880152191,94.71400307675032,
81,6,paint,test,all_tc,all,inject,,,0.14053736627101898,73728,65.19474827603354,83.49477006251037,18.32920014858246
81,6,paint,test,k_attr_10,all,inject,,10,0.14053736627101898,10,0.7878868911326498,0.8159932836459726,0.1661639311350882
81,6,paint,test,k_random_10,all,inject,,10,0.14053736627101898,10,0.3653895967503096,0.38585290255874377,-0.014924879360478371
81,6,paint,test,k_attr_30,all,inject,,30,0.14053736627101898,30,0.9688481008403582,1.0089023149711038,0.8277821354568005
81,6,paint,test,k_random_30,all,inject,,30,0.14053736627101898,30,0.2635584923949552,0.2770277134987005,-0.0642839353531599
81,6,paint,test,k_attr_100,all,inject,,100,0.14053736627101898,100,3.040555477859208,3.208376939713656,2.2559184581041336
81,6,paint,test,k_random_100,all,inject,,100,0.14053736627101898,100,0.36871893523090504,0.38519266877876523,0.10819066083058715
81,6,paint,test,k_attr_300,all,inject,,300,0.14053736627101898,300,3.3508731508255063,3.7068705536839954,3.009924665093422
81,6,paint,test,k_random_300,all,inject,,300,0.14053736627101898,300,0.5219109172931891,0.5564436717370091,-0.48155393451452255
81,6,paint,test,k_attr_1000,all,inject,,1000,0.14053736627101898,1000,11.548229337982253,13.170892151361988,7.77844712138176
81,6,paint,test,k_random_1000,all,inject,,1000,0.14053736627101898,1000,0.7262411142977765,0.7958455774369988,0.41380682960152626
81,6,paint,test,k_attr_3000,all,inject,,3000,0.14053736627101898,3000,72.77144526053293,86.65724778048927,18.87843757867813
81,6,paint,test,k_random_3000,all,inject,,3000,0.14053736627101898,3000,2.4110878422631488,2.6244357152740885,1.7866447567939758
82,6,cover,test,sel_capped,all,inject,,,0.9119808673858643,129,0.012287180157510846,0.013798858502875678,0.09421451832167804
82,6,cover,test,rand_sel_same_norm,all,inject,0,,0.9119808673858643,129,-0.00933956406652392,-0.008914128829464985,
82,6,cover,test,rand_sel_same_norm,all,inject,1,,0.9119808673858643,129,-0.058200712395017895,-0.0578000870463326,
82,6,cover,test,rand_sel_same_norm,all,inject,2,,0.9119808673858643,129,0.038613117218389004,0.03907391627432222,
82,6,cover,test,rand_sel_same_norm,all,inject,3,,0.9119808673858643,129,0.0019933989085285653,0.002353432420620981,
82,6,cover,test,rand_sel_same_norm,all,inject,4,,0.9119808673858643,129,-0.006195875951764407,-0.005825948433397963,
82,6,cover,test,sel_uncapped,all,inject,,,0.9119808673858643,457,0.36092284565863997,0.3766289814362661,0.26846504770219326
82,6,cover,test,sel_target,all,inject,,,0.9119808673858643,129,0.02084245612888891,0.022597023359844353,
82,6,cover,test,sel_xtask,all,inject,,,0.9119808673858643,132,-0.0028495800790784287,-0.0021020259246699383,0.017930695321410894
82,6,cover,test,color,all,inject,,,0.9119808673858643,130,-0.08923237802687112,-0.08526592207580358,
82,6,cover,test,sel_capped,all,remove,,,0.9119808673858643,129,0.16158295480539486,0.16501403965655823,0.4507244098931551
82,6,cover,test,attr,all,inject,,,0.9119808673858643,100,0.7481781641122787,0.7657752201923406,0.774998078122735
82,6,cover,test,rand_attr_same_norm,all,inject,0,,0.9119808673858643,100,-0.06685402437829335,-0.0659935290063191,
82,6,cover,test,rand_attr_same_norm,all,inject,1,,0.9119808673858643,100,-0.04801803862619636,-0.047494235058914175,
82,6,cover,test,rand_attr_same_norm,all,inject,2,,0.9119808673858643,100,0.09886605012907612,0.10071760519718292,
82,6,cover,test,rand_attr_same_norm,all,inject,3,,0.9119808673858643,100,-0.06816117120356235,-0.06725386992513711,
82,6,cover,test,rand_attr_same_norm,all,inject,4,,0.9119808673858643,100,0.010293781248982281,0.010746032750177277,
82,6,cover,test,attr,all,remove,,,0.9119808673858643,100,1.942197967386683,2.0562368797717427,2.693828195333481
82,6,cover,test,rand_attr_same_norm,all,remove,0,,0.9119808673858643,100,0.15853730270252164,0.16007053999908374,
82,6,cover,test,rand_attr_same_norm,all,remove,1,,0.9119808673858643,100,-0.06911538838600961,-0.0687709874346426,
82,6,cover,test,rand_attr_same_norm,all,remove,2,,0.9119808673858643,100,-0.34421750923172567,-0.33427326253686823,
82,6,cover,test,attr_xtask,all,inject,,,0.9119808673858643,100,0.6796509917976534,0.6957053615291214,0.5440157372504473
82,6,cover,test,rand_attr_raw,all,inject,0,,0.9119808673858643,100,0.10727753994967948,0.10868540911759939,0.08432625327259302
82,6,cover,test,rand_attr_raw,all,inject,1,,0.9119808673858643,100,-0.024247573608704442,-0.023552850953066903,0.0011275622455286793
82,6,cover,test,single_attr_0,all,inject,,,0.9119808673858643,1,0.0,0.0,0.0
82,6,cover,test,single_attr_1,all,inject,,,0.9119808673858643,1,0.0,0.0,0.0
82,6,cover,test,single_attr_2,all,inject,,,0.9119808673858643,1,0.0,0.0,0.0
82,6,cover,test,mlp_ceiling,all,inject,,,0.9119808673858643,,55.483101859416365,75.40683191200148,
82,6,cover,test,mlp_ceiling,all,remove,,,0.9119808673858643,,70.37373288454626,86.82363205239788,
82,6,cover,test,all_tc,all,inject,,,0.9119808673858643,73728,47.398973889742166,64.75299689496667,4.071919992566109
82,6,cover,test,tc_error,all,inject,,,0.9119808673858643,,19.61430018626842,33.89449784907932,
82,6,cover,test,k_attr_10,all,inject,,10,0.9119808673858643,10,-0.022724747557267833,-0.022467022596376018,-0.00198435354832327
82,6,cover,test,k_random_10,all,inject,,10,0.9119808673858643,10,-0.00596058952322398,-0.00567971165159876,0.0015547944713034667
82,6,cover,test,k_magnitude_10,all,inject,,10,0.9119808673858643,10,0.37993529623214783,0.39594465007884716,0.39648846723139286
82,6,cover,test,k_oracle_10,all,inject,,10,0.9119808673858643,10,2.153720466651421,2.2689227972850823,1.9247151911258698
82,6,cover,test,k_attr_30,all,inject,,30,0.9119808673858643,30,0.11278062808405265,0.11431268740094307,0.08068544557318091
82,6,cover,test,k_random_30,all,inject,,30,0.9119808673858643,30,-0.0012025750792510337,-0.00030185595253138896,0.04255054518580437
82,6,cover,test,k_magnitude_30,all,inject,,30,0.9119808673858643,30,0.7692820496062236,0.7996419240460918,0.7763950154185295
82,6,cover,test,k_oracle_30,all,inject,,30,0.9119808673858643,30,4.279265383484199,4.642864425216586,4.055716097354889
82,6,cover,test,k_attr_100,all,inject,,100,0.9119808673858643,100,0.7481781641122787,0.7657752201923406,0.774998078122735
82,6,cover,test,k_random_100,all,inject,,100,0.9119808673858643,100,0.05663867193882455,0.057753340827558265,0.023023055109661072
82,6,cover,test,k_magnitude_100,all,inject,,100,0.9119808673858643,100,1.0098166726577595,1.0745680054768436,1.0553603991866112
82,6,cover,test,k_oracle_100,all,inject,,100,0.9119808673858643,100,10.956400117643216,13.210202463520734,8.682706952095032
82,6,cover,test,k_attr_300,all,inject,,300,0.9119808673858643,300,1.23169831051273,1.2756525885167234,1.1845453642308712
82,6,cover,test,k_random_300,all,inject,,300,0.9119808673858643,300,0.09881376425606714,0.10234368971928687,0.06611225544475019
82,6,cover,test,k_magnitude_300,all,inject,,300,0.9119808673858643,300,1.6272278683703179,1.8197607201647688,1.4435391873121262
82,6,cover,test,k_oracle_300,all,inject,,300,0.9119808673858643,300,18.336819058200714,22.85080387213947,16.919134557247162
82,6,cover,test,k_attr_1000,all,inject,,1000,0.9119808673858643,1000,4.379706545537731,5.553579542130767,1.6051087528467178
82,6,cover,test,k_random_1000,all,inject,,1000,0.9119808673858643,1000,0.46139668638279785,0.485257160732808,0.33726124092936516
82,6,cover,test,k_magnitude_1000,all,inject,,1000,0.9119808673858643,1000,1.6299794124374989,1.925790563206372,1.5346157364547253
82,6,cover,test,k_oracle_1000,all,inject,,1000,0.9119808673858643,1000,32.014659651645374,40.7857680066877,32.28062391281128
82,6,cover,test,k_attr_3000,all,inject,,3000,0.9119808673858643,3000,9.213587791248656,12.841162627299761,3.2579589635133743
82,6,cover,test,k_random_3000,all,inject,,3000,0.9119808673858643,3000,0.803967190614685,0.8938277536020085,0.4785852041095495
82,6,cover,test,k_magnitude_3000,all,inject,,3000,0.9119808673858643,3000,4.152550570242807,5.58032321155511,0.8907034061849117
82,6,cover,test,k_oracle_3000,all,inject,,3000,0.9119808673858643,3000,44.06952713963596,56.16590447383534,51.776695251464844
82,6,cover,test,k_attr_30,all,remove,,30,0.9119808673858643,30,1.5851050619260842,1.663683470273641,2.1526603028178215
82,6,cover,test,k_attr_100,all,remove,,100,0.9119808673858643,100,1.942197967386683,2.0562368797717427,2.693828195333481
82,6,cover,test,k_attr_300,all,remove,,300,0.9119808673858643,300,3.481075781837195,3.8912478013265113,4.810904711484909
82,6,cover,test,k_attr_1000,all,remove,,1000,0.9119808673858643,1000,10.593477337341916,13.406146231994152,11.866962164640427
82,6,cover,test,mlp_ceiling,occluder_tokens,inject,,,0.9119808673858643,,6.0219862096009935,7.75855039981314,
82,6,cover,test,attr,occluder_tokens,inject,,,0.9119808673858643,,0.27505637070683875,0.28027759183216255,
82,6,cover,test,mlp_ceiling,other_tokens,inject,,,0.9119808673858643,,18.153923074409327,30.822823347317758,
82,6,cover,test,attr,other_tokens,inject,,,0.9119808673858643,,0.4428678801346342,0.45149148440574643,
83,6,cover,test,sel_capped,all,inject,,,0.9010903239250183,129,0.3397388784482813,0.34639285618405863,0.28403059113770723
83,6,cover,test,rand_sel_same_norm,all,inject,0,,0.9010903239250183,129,-0.05097968373282136,-0.05013586249798652,
83,6,cover,test,rand_sel_same_norm,all,inject,1,,0.9010903239250183,129,-0.009373064986295532,-0.008890119769364614,
83,6,cover,test,rand_sel_same_norm,all,inject,2,,0.9010903239250183,129,-0.08547547336128503,-0.08488525908413648,
83,6,cover,test,rand_sel_same_norm,all,inject,3,,0.9010903239250183,129,0.14525274102618058,0.1455908002563827,
83,6,cover,test,rand_sel_same_norm,all,inject,4,,0.9010903239250183,129,-0.06980519040253874,-0.06939085193562243,
83,6,cover,test,sel_uncapped,all,inject,,,0.9010903239250183,457,0.5595395675306203,0.5880993868962925,0.4579773638397455
83,6,cover,test,sel_target,all,inject,,,0.9010903239250183,129,0.38977927126503387,0.396170576726892,
83,6,cover,test,sel_xtask,all,inject,,,0.9010903239250183,132,0.09134934894902136,0.09250878589022524,0.09593470022082329
83,6,cover,test,color,all,inject,,,0.9010903239250183,130,-0.1173121436358393,-0.1140813553719563,
83,6,cover,test,sel_capped,all,remove,,,0.9010903239250183,129,0.25432293760985214,0.26187787759402936,0.025031485711224377
83,6,cover,test,attr,all,inject,,,0.9010903239250183,100,0.3452820177979765,0.3771871811994953,0.30578700825572014
83,6,cover,test,rand_attr_same_norm,all,inject,0,,0.9010903239250183,100,-0.05396953932477189,-0.053333394856237754,
83,6,cover,test,rand_attr_same_norm,all,inject,1,,0.9010903239250183,100,0.05918855716117166,0.05996831500510081,
83,6,cover,test,rand_attr_same_norm,all,inject,2,,0.9010903239250183,100,0.061735226194148396,0.06260893748825472,
83,6,cover,test,rand_attr_same_norm,all,inject,3,,0.9010903239250183,100,-0.013937225071369852,-0.013726338500698005,
83,6,cover,test,rand_attr_same_norm,all,inject,4,,0.9010903239250183,100,0.03945021847443497,0.03984717920279739,
83,6,cover,test,attr,all,remove,,,0.9010903239250183,100,1.6374684998538447,1.711622627453086,1.2825088575482368
83,6,cover,test,rand_attr_same_norm,all,remove,0,,0.9010903239250183,100,-0.04693147217909033,-0.04605532614969529,
83,6,cover,test,rand_attr_same_norm,all,remove,1,,0.9010903239250183,100,-0.26228706622206666,-0.261202985315042,
83,6,cover,test,rand_attr_same_norm,all,remove,2,,0.9010903239250183,100,0.09138242257282769,0.09845233890507128,
83,6,cover,test,attr_xtask,all,inject,,,0.9010903239250183,100,0.239036308687246,0.2539960384842546,0.20834840834140778
83,6,cover,test,rand_attr_raw,all,inject,0,,0.9010903239250183,100,-0.013626333007610292,-0.012408384180615586,2.7138048608321697e-05
83,6,cover,test,rand_attr_raw,all,inject,1,,0.9010903239250183,100,-0.06039905179242577,-0.059920049237899,-0.06387594039551914
83,6,cover,test,single_attr_0,all,inject,,,0.9010903239250183,1,0.0,0.0,0.0
83,6,cover,test,single_attr_1,all,inject,,,0.9010903239250183,1,0.0,0.0,0.0
83,6,cover,test,single_attr_2,all,inject,,,0.9010903239250183,1,0.0,0.0,0.0
83,6,cover,test,mlp_ceiling,all,inject,,,0.9010903239250183,,79.30614117000061,93.66262718462241,
83,6,cover,test,mlp_ceiling,all,remove,,,0.9010903239250183,,78.59403297585817,90.74646836156676,
83,6,cover,test,all_tc,all,inject,,,0.9010903239250183,73728,65.78046442908608,80.64114472871755,4.771503433585167
83,6,cover,test,tc_error,all,inject,,,0.9010903239250183,,14.844136909720984,31.785784853284653,
83,6,cover,test,k_attr_10,all,inject,,10,0.9010903239250183,10,0.025612214274484124,0.02580194843737416,-0.005880262688151561
83,6,cover,test,k_random_10,all,inject,,10,0.9010903239250183,10,-0.017661315111805465,-0.017525756249328842,0.004243117291480303
83,6,cover,test,k_magnitude_10,all,inject,,10,0.9010903239250183,10,0.34753763894146417,0.37414515322558994,0.2951269270852208
83,6,cover,test,k_oracle_10,all,inject,,10,0.9010903239250183,10,1.749667461249449,1.7784326424870467,1.7069460824131966
83,6,cover,test,k_attr_30,all,inject,,30,0.9010903239250183,30,-0.038292641641257674,-0.03681266506315606,-0.031193727045319974
83,6,cover,test,k_random_30,all,inject,,30,0.9010903239250183,30,-0.021947656756915457,-0.02168849383959972,0.006638500781264156
83,6,cover,test,k_magnitude_30,all,inject,,30,0.9010903239250183,30,0.45328062897036503,0.4901583347875111,0.36258825566619635
83,6,cover,test,k_oracle_30,all,inject,,30,0.9010903239250183,30,4.285217141900466,4.5181964616499775,3.897842764854431
83,6,cover,test,k_attr_100,all,inject,,100,0.9010903239250183,100,0.3452820177979765,0.3771871811994953,0.30578700825572014
83,6,cover,test,k_random_100,all,inject,,100,0.9010903239250183,100,0.026379522346753337,0.027874023253979974,0.04042640794068575
83,6,cover,test,k_magnitude_100,all,inject,,100,0.9010903239250183,100,0.8020023036440449,0.8745572867727993,0.7086609955877066
83,6,cover,test,k_oracle_100,all,inject,,100,0.9010903239250183,100,12.0142187477572,14.36516953475261,8.730026334524155
83,6,cover,test,k_attr_300,all,inject,,300,0.9010903239250183,300,0.6641712837996749,0.7135138694998523,0.5868491716682911
83,6,cover,test,k_random_300,all,inject,,300,0.9010903239250183,300,0.32779268552997065,0.3317984207629735,0.2550701145082712
83,6,cover,test,k_magnitude_300,all,inject,,300,0.9010903239250183,300,1.2338049213155289,1.4203166527960482,1.013316586613655
83,6,cover,test,k_oracle_300,all,inject,,300,0.9010903239250183,300,19.123764609198425,23.20037047974442,17.290641367435455
83,6,cover,test,k_attr_1000,all,inject,,1000,0.9010903239250183,1000,0.30847107450316935,0.4199653849767779,-0.14334702864289284
83,6,cover,test,k_random_1000,all,inject,,1000,0.9010903239250183,1000,0.3595962821807186,0.3656666957502215,0.3316483460366726
83,6,cover,test,k_magnitude_1000,all,inject,,1000,0.9010903239250183,1000,2.0240793179583716,2.2603447407984105,1.3403281569480896
83,6,cover,test,k_oracle_1000,all,inject,,1000,0.9010903239250183,1000,33.183401776992895,42.369494483073375,33.15528631210327
83,6,cover,test,k_attr_3000,all,inject,,3000,0.9010903239250183,3000,4.438301717043636,6.157522349593278,-0.20796856842935085
83,6,cover,test,k_random_3000,all,inject,,3000,0.9010903239250183,3000,0.3569570070010908,0.39358674058363985,0.07196348742581904
83,6,cover,test,k_magnitude_3000,all,inject,,3000,0.9010903239250183,3000,4.976290511303006,6.520042148782518,1.1887436732649803
83,6,cover,test,k_oracle_3000,all,inject,,3000,0.9010903239250183,3000,50.89175419656329,62.9975408735805,53.06519865989685
83,6,cover,test,k_attr_30,all,remove,,30,0.9010903239250183,30,0.4687326260119917,0.4735687115761497,0.47286972403526306
83,6,cover,test,k_attr_100,all,remove,,100,0.9010903239250183,100,1.6374684998538447,1.711622627453086,1.2825088575482368
83,6,cover,test,k_attr_300,all,remove,,300,0.9010903239250183,300,1.349225253669728,1.443177501409434,0.9687568992376328
83,6,cover,test,k_attr_1000,all,remove,,1000,0.9010903239250183,1000,2.873502583413834,3.1262446642862898,2.117623947560787
83,6,cover,test,mlp_ceiling,occluder_tokens,inject,,,0.9010903239250183,,27.67299870014044,42.42234153937019,
83,6,cover,test,attr,occluder_tokens,inject,,,0.9010903239250183,,0.1894986349523231,0.20005675487932562,
83,6,cover,test,mlp_ceiling,other_tokens,inject,,,0.9010903239250183,,9.91850857536225,20.281486751322184,
83,6,cover,test,attr,other_tokens,inject,,,0.9010903239250183,,0.18719009601074754,0.2013825455045773,
83,6,paint,test,sel_capped,all,inject,,,0.10900496691465378,12,0.818378227415395,0.834061020070316,0.5303932819515467
83,6,paint,test,rand_sel_same_norm,all,inject,0,,0.10900496691465378,12,0.08368876337548903,0.10008656906070032,
83,6,paint,test,rand_sel_same_norm,all,inject,1,,0.10900496691465378,12,0.0871883261693629,0.09675452814124472,
83,6,paint,test,rand_sel_same_norm,all,inject,2,,0.10900496691465378,12,0.016233323506764652,0.029074721396420127,
83,6,paint,test,sel_capped,all,remove,,,0.10900496691465378,12,0.4591057291055467,0.49125976166678914,0.2308344468474388
83,6,paint,test,attr,all,inject,,,0.10900496691465378,100,2.902374706253741,3.3162987286457,2.168017067015171
83,6,paint,test,rand_attr_same_norm,all,inject,0,,0.10900496691465378,100,-0.10182907520157602,-0.022413797168418643,
83,6,paint,test,rand_attr_same_norm,all,inject,1,,0.10900496691465378,100,-0.3083511256254834,-0.21979050132162095,
83,6,paint,test,rand_attr_same_norm,all,inject,2,,0.10900496691465378,100,-0.10737232798641028,-0.04784222817665726,
83,6,paint,test,attr,all,remove,,,0.10900496691465378,100,6.334331688424899,7.343491138609735,7.072582095861435
83,6,paint,test,rand_attr_same_norm,all,remove,0,,0.10900496691465378,100,-0.1703712933597945,-0.013830626911729618,
83,6,paint,test,rand_attr_same_norm,all,remove,1,,0.10900496691465378,100,-0.253451734296517,-0.0874806472938617,
83,6,paint,test,rand_attr_same_norm,all,remove,2,,0.10900496691465378,100,-1.0332869253941723,-0.9417464805600237,
83,6,paint,test,mlp_ceiling,all,inject,,,0.10900496691465378,,-15.367721686879499,86.98987913414307,
83,6,paint,test,mlp_ceiling,all,remove,,,0.10900496691465378,,84.62849338558709,95.23179934797815,
83,6,paint,test,all_tc,all,inject,,,0.10900496691465378,73728,-16.26329534826767,67.09321472359014,75.74120759963989
83,6,paint,test,k_attr_10,all,inject,,10,0.10900496691465378,10,-0.053033413511149874,-0.04140083068869162,-0.15941679012030363
83,6,paint,test,k_random_10,all,inject,,10,0.10900496691465378,10,0.2318665403452047,0.2432945252412232,0.03640311770141125
83,6,paint,test,k_attr_30,all,inject,,30,0.10900496691465378,30,-0.3473042669581261,-0.30409338274253,-0.1633310690522194
83,6,paint,test,k_random_30,all,inject,,30,0.10900496691465378,30,0.097495632210709,0.10983485295426113,-0.11333620641380548
83,6,paint,test,k_attr_100,all,inject,,100,0.10900496691465378,100,2.902374706253741,3.3162987286457,2.168017067015171
83,6,paint,test,k_random_100,all,inject,,100,0.10900496691465378,100,0.6491005474286826,0.7028703487576143,0.3430900163948536
83,6,paint,test,k_attr_300,all,inject,,300,0.10900496691465378,300,10.420037074860367,11.273383627126888,7.379111647605896
83,6,paint,test,k_random_300,all,inject,,300,0.10900496691465378,300,0.5908314598938813,0.7594492272361353,0.49090785905718803
83,6,paint,test,k_attr_1000,all,inject,,1000,0.10900496691465378,1000,11.074284440226133,12.313760256708518,7.7949173748493195
83,6,paint,test,k_random_1000,all,inject,,1000,0.10900496691465378,1000,1.6909108220493518,1.840606782421392,0.9870804846286774
83,6,paint,test,k_attr_3000,all,inject,,3000,0.10900496691465378,3000,24.878494427937337,27.427754005710266,22.745198011398315
83,6,paint,test,k_random_3000,all,inject,,3000,0.10900496691465378,3000,1.8885814392348377,2.7718656950357206,-0.193297048099339
90,7,cover,test,sel_capped,all,inject,,,1.2170791625976562,129,-0.10663493182887507,-0.1051696859818428,-0.17197164706885815
90,7,cover,test,rand_sel_same_norm,all,inject,0,,1.2170791625976562,129,0.01352648487698005,0.013901491401636776,
90,7,cover,test,rand_sel_same_norm,all,inject,1,,1.2170791625976562,129,0.017189703808184742,0.017973185347061344,
90,7,cover,test,rand_sel_same_norm,all,inject,2,,1.2170791625976562,129,0.029100062686104877,0.02939716558807581,
90,7,cover,test,rand_sel_same_norm,all,inject,3,,1.2170791625976562,129,-0.00869769628584205,-0.008253472688248623,
90,7,cover,test,rand_sel_same_norm,all,inject,4,,1.2170791625976562,129,0.015083842657892532,0.015381327694360028,
90,7,cover,test,sel_uncapped,all,inject,,,1.2170791625976562,457,-0.18711800658204325,-0.18332593869691094,-0.3198953112587333
90,7,cover,test,sel_target,all,inject,,,1.2170791625976562,129,-0.11124823695345398,-0.10952935005934006,
90,7,cover,test,sel_xtask,all,inject,,,1.2170791625976562,126,-0.07884735934806653,-0.07759589627055005,-0.10792928515002131
90,7,cover,test,color,all,inject,,,1.2170791625976562,130,0.022155618241659347,0.02251975178950214,
90,7,cover,test,sel_capped,all,remove,,,1.2170791625976562,129,1.4581178498667913,1.9107505307700656,0.438458938151598
90,7,cover,test,attr,all,inject,,,1.2170791625976562,100,0.2399996082118827,0.247673995986938,0.189441058319062
90,7,cover,test,rand_attr_same_norm,all,inject,0,,1.2170791625976562,100,0.02557396959723679,0.026012614042794417,
90,7,cover,test,rand_attr_same_norm,all,inject,1,,1.2170791625976562,100,-0.002252781695655237,-0.0008557103524340902,
90,7,cover,test,rand_attr_same_norm,all,inject,2,,1.2170791625976562,100,0.06450791412004886,0.06555600737812772,
90,7,cover,test,rand_attr_same_norm,all,inject,3,,1.2170791625976562,100,0.02298816799874981,0.024101293917956026,
90,7,cover,test,rand_attr_same_norm,all,inject,4,,1.2170791625976562,100,0.007943504152951864,0.008476353356058184,
90,7,cover,test,attr,all,remove,,,1.2170791625976562,100,4.014799796270174,5.068574159238318,2.9779044911265373
90,7,cover,test,rand_attr_same_norm,all,remove,0,,1.2170791625976562,100,0.031871963642060575,0.033809711756558426,
90,7,cover,test,rand_attr_same_norm,all,remove,1,,1.2170791625976562,100,-0.2930673091991798,-0.2881442385754054,
90,7,cover,test,rand_attr_same_norm,all,remove,2,,1.2170791625976562,100,-0.13061236483309369,-0.12600505163073614,
90,7,cover,test,attr_xtask,all,inject,,,1.2170791625976562,100,0.25102844381758027,0.2585339235842384,0.14788871631026268
90,7,cover,test,rand_attr_raw,all,inject,0,,1.2170791625976562,100,-0.0003134304967788992,9.847291888915349e-05,0.028153471066616476
90,7,cover,test,rand_attr_raw,all,inject,1,,1.2170791625976562,100,0.08623256542861224,0.08687930006272175,0.05374418688006699
90,7,cover,test,single_attr_0,all,inject,,,1.2170791625976562,1,0.0,0.0,0.0
90,7,cover,test,single_attr_1,all,inject,,,1.2170791625976562,1,0.0,0.0,0.0
90,7,cover,test,single_attr_2,all,inject,,,1.2170791625976562,1,0.0,0.0,0.0
90,7,cover,test,mlp_ceiling,all,inject,,,1.2170791625976562,,86.9234384794703,96.70946104558583,
90,7,cover,test,mlp_ceiling,all,remove,,,1.2170791625976562,,96.56689139388419,100.70572346367466,
90,7,cover,test,all_tc,all,inject,,,1.2170791625976562,73728,43.80375333019902,60.96225310686202,-2.4462930858135223
90,7,cover,test,tc_error,all,inject,,,1.2170791625976562,,4.379201927597554,6.712007470454761,
90,7,cover,test,k_attr_10,all,inject,,10,1.2170791625976562,10,0.0392179909105117,0.03992340342607898,0.036630601971410215
90,7,cover,test,k_random_10,all,inject,,10,1.2170791625976562,10,-0.011675286005319307,-0.011581139842870914,0.006418664997909218
90,7,cover,test,k_magnitude_10,all,inject,,10,1.2170791625976562,10,0.08419526719949388,0.0930884203525421,0.037722819251939654
90,7,cover,test,k_oracle_10,all,inject,,10,1.2170791625976562,10,0.9281362639084745,0.9556931270191572,0.8897865191102028
90,7,cover,test,k_attr_30,all,inject,,30,1.2170791625976562,30,0.02885519511048873,0.029576885369978285,0.005803002568427473
90,7,cover,test,k_random_30,all,inject,,30,1.2170791625976562,30,-0.02916862560726763,-0.029060863196531964,0.007434272993123159
90,7,cover,test,k_magnitude_30,all,inject,,30,1.2170791625976562,30,0.01899192916470227,0.030622449873183508,-0.07217397214844823
90,7,cover,test,k_oracle_30,all,inject,,30,1.2170791625976562,30,2.8908282400877616,3.4808405809710132,1.7406564205884933
90,7,cover,test,k_attr_100,all,inject,,100,1.2170791625976562,100,0.2399996082118827,0.247673995986938,0.189441058319062
90,7,cover,test,k_random_100,all,inject,,100,1.2170791625976562,100,0.13950595517944198,0.14192434588490443,0.12510981177911162
90,7,cover,test,k_magnitude_100,all,inject,,100,1.2170791625976562,100,0.009128663218926913,0.025330116322200797,-0.1778491772711277
90,7,cover,test,k_oracle_100,all,inject,,100,1.2170791625976562,100,4.637527425168464,5.471436556230548,3.8657817989587784
90,7,cover,test,k_attr_300,all,inject,,300,1.2170791625976562,300,0.16946795173170548,0.17794139848464763,0.11010915040969849
90,7,cover,test,k_random_300,all,inject,,300,1.2170791625976562,300,0.055477197931363964,0.05650007791656886,0.06428590277209878
90,7,cover,test,k_magnitude_300,all,inject,,300,1.2170791625976562,300,0.03936491145588583,0.07383218251847541,-0.2320080529898405
90,7,cover,test,k_oracle_300,all,inject,,300,1.2170791625976562,300,7.910652719009558,9.348546112658168,7.7238403260707855
90,7,cover,test,k_attr_1000,all,inject,,1000,1.2170791625976562,1000,0.3579670114402078,0.3899465088903544,0.04601579566951841
90,7,cover,test,k_random_1000,all,inject,,1000,1.2170791625976562,1000,0.027954082432224414,0.03248933513054901,-0.02143608289770782
90,7,cover,test,k_magnitude_1000,all,inject,,1000,1.2170791625976562,1000,0.07804419370004423,0.13250610842501678,-0.44649969786405563
90,7,cover,test,k_oracle_1000,all,inject,,1000,1.2170791625976562,1000,13.810100297758975,17.194510247034998,14.890286326408386
90,7,cover,test,k_attr_3000,all,inject,,3000,1.2170791625976562,3000,0.5484348064566658,0.673674301031096,-0.35866182297468185
90,7,cover,test,k_random_3000,all,inject,,3000,1.2170791625976562,3000,-0.03244985112051957,-0.01786694692491384,-0.21632614079862833
90,7,cover,test,k_magnitude_3000,all,inject,,3000,1.2170791625976562,3000,1.6481546779501643,2.2991688021278365,-0.574679346755147
90,7,cover,test,k_oracle_3000,all,inject,,3000,1.2170791625976562,3000,20.361439233662438,26.972549233823962,23.824521899223328
90,7,cover,test,k_attr_30,all,remove,,30,1.2170791625976562,30,0.19634461683121218,0.20391863133607133,0.2753895241767168
90,7,cover,test,k_attr_100,all,remove,,100,1.2170791625976562,100,4.014799796270174,5.068574159238318,2.9779044911265373
90,7,cover,test,k_attr_300,all,remove,,300,1.2170791625976562,300,10.682181476257636,15.290626484090083,4.709706082940102
90,7,cover,test,k_attr_1000,all,remove,,1000,1.2170791625976562,1000,58.3478490832158,77.44120678170746,11.679831147193909
90,7,cover,test,mlp_ceiling,occluder_tokens,inject,,,1.2170791625976562,,25.209988638144488,38.354956557732734,
90,7,cover,test,attr,occluder_tokens,inject,,,1.2170791625976562,,-0.02701379094185441,-0.025905332292258,
90,7,cover,test,mlp_ceiling,other_tokens,inject,,,1.2170791625976562,,2.311197304497725,4.357590159097989,
90,7,cover,test,attr,other_tokens,inject,,,1.2170791625976562,,0.2344460115969338,0.2403189849659688,
90,7,paint,test,sel_capped,all,inject,,,0.10755126923322678,12,1.304116779943476,1.3896131019403284,1.2610734440386295
90,7,paint,test,rand_sel_same_norm,all,inject,0,,0.10755126923322678,12,-0.2595029804395299,-0.23953466296506248,
90,7,paint,test,rand_sel_same_norm,all,inject,1,,0.10755126923322678,12,-0.2389768904490719,-0.2262552860324427,
90,7,paint,test,rand_sel_same_norm,all,inject,2,,0.10755126923322678,12,0.17841695838815008,0.18304935367655042,
90,7,paint,test,sel_capped,all,remove,,,0.10755126923322678,12,3.40169197882938,3.596193673856811,3.9935484528541565
90,7,paint,test,attr,all,inject,,,0.10755126923322678,100,6.850705496884125,7.213500854728236,7.435308396816254
90,7,paint,test,rand_attr_same_norm,all,inject,0,,0.10755126923322678,100,0.7064424836167094,0.7368661888172054,
90,7,paint,test,rand_attr_same_norm,all,inject,1,,0.10755126923322678,100,0.2661810603419301,0.3361675856609769,
90,7,paint,test,rand_attr_same_norm,all,inject,2,,0.10755126923322678,100,2.6841655451672053,2.799852948936083,
90,7,paint,test,attr,all,remove,,,0.10755126923322678,100,10.744760391670772,12.090766614788578,12.208043038845062
90,7,paint,test,rand_attr_same_norm,all,remove,0,,0.10755126923322678,100,1.9099169971473429,1.9889686232173729,
90,7,paint,test,rand_attr_same_norm,all,remove,1,,0.10755126923322678,100,0.9432233664630307,1.1794847733056253,
90,7,paint,test,rand_attr_same_norm,all,remove,2,,0.10755126923322678,100,-50.82644356153085,-14.190904676306868,
90,7,paint,test,mlp_ceiling,all,inject,,,0.10755126923322678,,81.653021515956,88.28913959242054,
90,7,paint,test,mlp_ceiling,all,remove,,,0.10755126923322678,,85.39387543870794,91.60637320800932,
90,7,paint,test,all_tc,all,inject,,,0.10755126923322678,73728,40.2240980730068,46.864321049917685,74.50788617134094
90,7,paint,test,k_attr_10,all,inject,,10,0.10755126923322678,10,1.1954802145603294,1.2158249121244677,1.0275340639054775
90,7,paint,test,k_random_10,all,inject,,10,0.10755126923322678,10,-0.1605025241271596,-0.1454621633837698,-0.01585414574947208
90,7,paint,test,k_attr_30,all,inject,,30,0.10755126923322678,30,2.0438665334468253,2.1425595963002055,2.488016150891781
90,7,paint,test,k_random_30,all,inject,,30,0.10755126923322678,30,0.1473264785106121,0.17086995295387694,0.08684642380103469
90,7,paint,test,k_attr_100,all,inject,,100,0.10755126923322678,100,6.850705496884125,7.213500854728236,7.435308396816254
90,7,paint,test,k_random_100,all,inject,,100,0.10755126923322678,100,-2.173562603916368,-2.1163662819663296,-1.9140740856528282
90,7,paint,test,k_attr_300,all,inject,,300,0.10755126923322678,300,10.894670816035735,12.089691873827649,12.06015944480896
90,7,paint,test,k_random_300,all,inject,,300,0.10755126923322678,300,1.247824168650058,1.3337201308875488,0.5089515820145607
90,7,paint,test,k_attr_1000,all,inject,,1000,0.10755126923322678,1000,20.60839524700825,22.73893346593772,26.381710171699524
90,7,paint,test,k_random_1000,all,inject,,1000,0.10755126923322678,1000,1.1671122299127146,1.3523477473370569,1.7877152189612389
90,7,paint,test,k_attr_3000,all,inject,,3000,0.10755126923322678,3000,29.666587162416658,33.91983468893993,41.88376069068909
90,7,paint,test,k_random_3000,all,inject,,3000,0.10755126923322678,3000,1.684427888409834,2.1216862497229227,1.599186658859253
91,7,cover,test,sel_capped,all,inject,,,0.831426203250885,129,0.07905216546800764,0.0852907866589716,0.12933006510138512
91,7,cover,test,rand_sel_same_norm,all,inject,0,,0.831426203250885,129,0.0718043429153492,0.07270791339672948,
91,7,cover,test,rand_sel_same_norm,all,inject,1,,0.831426203250885,129,-0.10579956996252804,-0.1038953727537616,
91,7,cover,test,rand_sel_same_norm,all,inject,2,,0.831426203250885,129,0.035715778394995734,0.036849577411676694,
91,7,cover,test,rand_sel_same_norm,all,inject,3,,0.831426203250885,129,-0.053530653808797624,-0.05232063985504221,
91,7,cover,test,rand_sel_same_norm,all,inject,4,,0.831426203250885,129,-0.02408771886937,-0.022586276352023742,
91,7,cover,test,sel_uncapped,all,inject,,,0.831426203250885,457,0.9463677619720445,0.982244080245892,1.1298500001430511
91,7,cover,test,sel_target,all,inject,,,0.831426203250885,129,0.14315704110189342,0.14978050649108127,
91,7,cover,test,sel_xtask,all,inject,,,0.831426203250885,126,0.10650212842955309,0.11453775468804868,0.07531699957326055
91,7,cover,test,color,all,inject,,,0.831426203250885,130,0.00919778074683908,0.012709683141819196,
91,7,cover,test,sel_capped,all,remove,,,0.831426203250885,129,-0.35354462611953963,0.03115761938342643,-1.2710417620837688
91,7,cover,test,attr,all,inject,,,0.831426203250885,100,-0.16636297740550976,-0.13605775239602338,-0.1842567464336753
91,7,cover,test,rand_attr_same_norm,all,inject,0,,0.831426203250885,100,0.11984357033903992,0.1233114829522005,
91,7,cover,test,rand_attr_same_norm,all,inject,1,,0.831426203250885,100,0.052268916153730416,0.05572010572737345,
91,7,cover,test,rand_attr_same_norm,all,inject,2,,0.831426203250885,100,0.07327398052493495,0.07571022123026559,
91,7,cover,test,rand_attr_same_norm,all,inject,3,,0.831426203250885,100,0.07219146696860745,0.07946216832642074,
91,7,cover,test,rand_attr_same_norm,all,inject,4,,0.831426203250885,100,0.2019568834133567,0.20885522882601887,
91,7,cover,test,attr,all,remove,,,0.831426203250885,100,3.453411806724449,3.8705948714636875,2.1831724792718887
91,7,cover,test,rand_attr_same_norm,all,remove,0,,0.831426203250885,100,0.5831737103768719,0.600702158808138,
91,7,cover,test,rand_attr_same_norm,all,remove,1,,0.831426203250885,100,-0.3281593247753678,-0.24371164381494675,
91,7,cover,test,rand_attr_same_norm,all,remove,2,,0.831426203250885,100,0.9452135587762256,1.0295522820165206,
91,7,cover,test,attr_xtask,all,inject,,,0.831426203250885,100,-0.03032471750519239,-0.014828098776791327,-0.05006052670069039
91,7,cover,test,rand_attr_raw,all,inject,0,,0.831426203250885,100,0.09972745749754486,0.10161189109967644,0.039418385131284595
91,7,cover,test,rand_attr_raw,all,inject,1,,0.831426203250885,100,0.03319230308487242,0.03615619065657625,0.0045022505219094455
91,7,cover,test,single_attr_0,all,inject,,,0.831426203250885,1,0.0,0.0,0.0
91,7,cover,test,single_attr_1,all,inject,,,0.831426203250885,1,0.0,0.0,0.0
91,7,cover,test,single_attr_2,all,inject,,,0.831426203250885,1,0.0,0.0,0.0
91,7,cover,test,mlp_ceiling,all,inject,,,0.831426203250885,,33.388747035006126,54.46096206473435,
91,7,cover,test,mlp_ceiling,all,remove,,,0.831426203250885,,80.57962435632561,91.2352649434311,
91,7,cover,test,all_tc,all,inject,,,0.831426203250885,73728,17.162908325368022,27.196547642592765,0.5089661572128534
91,7,cover,test,tc_error,all,inject,,,0.831426203250885,,10.337595832021707,15.387603443073893,
91,7,cover,test,k_attr_10,all,inject,,10,0.831426203250885,10,0.05112188192185618,0.05361291703603114,0.020239227160345763
91,7,cover,test,k_random_10,all,inject,,10,0.831426203250885,10,-0.006452067554296725,-0.00584113172086323,-0.003365431257407181
91,7,cover,test,k_magnitude_10,all,inject,,10,0.831426203250885,10,-0.24991008326966657,-0.2347295469260215,-0.25027880910784006
91,7,cover,test,k_oracle_10,all,inject,,10,0.831426203250885,10,2.1836234051474723,2.3243636866627178,2.1568475291132927
91,7,cover,test,k_attr_30,all,inject,,30,0.831426203250885,30,0.11644548142711875,0.11875936264431702,0.05930197658017278
91,7,cover,test,k_random_30,all,inject,,30,0.831426203250885,30,-0.008975542864408936,-0.00828933449446967,-0.024938341812230647
91,7,cover,test,k_magnitude_30,all,inject,,30,0.831426203250885,30,-0.07833526907308208,-0.05906223204258005,-0.1049897400662303
91,7,cover,test,k_oracle_30,all,inject,,30,0.831426203250885,30,4.444771986441765,4.8855661783403495,4.556553065776825
91,7,cover,test,k_attr_100,all,inject,,100,0.831426203250885,100,-0.16636297740550976,-0.13605775239602338,-0.1842567464336753
91,7,cover,test,k_random_100,all,inject,,100,0.831426203250885,100,0.1345399464349306,0.14067983804965722,0.13535269536077976
91,7,cover,test,k_magnitude_100,all,inject,,100,0.831426203250885,100,0.10053755042380708,0.1268196537851386,0.10122624225914478
91,7,cover,test,k_oracle_100,all,inject,,100,0.831426203250885,100,13.131893093255243,16.04228357050022,10.404777526855469
91,7,cover,test,k_attr_300,all,inject,,300,0.831426203250885,300,-0.31685386862745357,-0.24377909632081454,-0.4148961044847965
91,7,cover,test,k_random_300,all,inject,,300,0.831426203250885,300,-0.16025502012078086,-0.15112443238593135,-0.20109524484723806
91,7,cover,test,k_magnitude_300,all,inject,,300,0.831426203250885,300,0.10263088789697061,0.1717442421594981,-0.46893125399947166
91,7,cover,test,k_oracle_300,all,inject,,300,0.831426203250885,300,23.87105844089229,31.145257738616596,20.401324331760406
91,7,cover,test,k_attr_1000,all,inject,,1000,0.831426203250885,1000,-1.7178199725471632,-1.2705444664577539,-1.2422924861311913
91,7,cover,test,k_random_1000,all,inject,,1000,0.831426203250885,1000,0.08031390312306375,0.09274665974205515,-0.09353761561214924
91,7,cover,test,k_magnitude_1000,all,inject,,1000,0.831426203250885,1000,-0.15854880670085336,-0.019932751310082375,-0.6077427417039871
91,7,cover,test,k_oracle_1000,all,inject,,1000,0.831426203250885,1000,36.7641605139631,49.7069670001332,39.52753245830536
91,7,cover,test,k_attr_3000,all,inject,,3000,0.831426203250885,3000,4.595721691356458,6.15043478003116,1.1862166225910187
91,7,cover,test,k_random_3000,all,inject,,3000,0.831426203250885,3000,1.1005004868801849,1.1383740157708748,0.9316762909293175
91,7,cover,test,k_magnitude_3000,all,inject,,3000,0.831426203250885,3000,0.4124448339262954,0.6560029159033415,0.034949014661833644
91,7,cover,test,k_oracle_3000,all,inject,,3000,0.831426203250885,3000,45.8645831458948,63.83622064088541,63.668978214263916
91,7,cover,test,k_attr_30,all,remove,,30,0.831426203250885,30,-0.03674094023973229,-0.021344625503963342,-0.2465594094246626
91,7,cover,test,k_attr_100,all,remove,,100,0.831426203250885,100,3.453411806724449,3.8705948714636875,2.1831724792718887
91,7,cover,test,k_attr_300,all,remove,,300,0.831426203250885,300,4.271584155356612,4.653280047936234,3.2993704080581665
91,7,cover,test,k_attr_1000,all,remove,,1000,0.831426203250885,1000,24.160777780971955,32.1482115612046,11.134328693151474
91,7,cover,test,mlp_ceiling,occluder_tokens,inject,,,0.831426203250885,,19.095661006076625,25.623603688784304,
91,7,cover,test,attr,occluder_tokens,inject,,,0.831426203250885,,0.16524461902942544,0.16790732042643117,
91,7,cover,test,mlp_ceiling,other_tokens,inject,,,0.831426203250885,,3.5794350239877093,7.292471038209735,
91,7,cover,test,attr,other_tokens,inject,,,0.831426203250885,,-0.2738974366437441,-0.24131611906492054,
91,7,paint,test,sel_capped,all,inject,,,0.10235565155744553,12,-0.7232596612171127,-0.6414836193279863,-1.3146325014531612
91,7,paint,test,rand_sel_same_norm,all,inject,0,,0.10235565155744553,12,0.4049514545227062,0.43330510521473153,
91,7,paint,test,rand_sel_same_norm,all,inject,1,,0.10235565155744553,12,0.338820739029122,0.365368635260864,
91,7,paint,test,rand_sel_same_norm,all,inject,2,,0.10235565155744553,12,0.06657474121125606,0.07280956974223972,
91,7,paint,test,sel_capped,all,remove,,,0.10235565155744553,12,-4.913392055855814,-4.622375044644503,-3.7100031971931458
91,7,paint,test,attr,all,inject,,,0.10235565155744553,100,-0.003530368411053253,0.6912416571753413,-0.0023209897335618734
91,7,paint,test,rand_attr_same_norm,all,inject,0,,0.10235565155744553,100,0.05860411562342849,0.1900078285554206,
91,7,paint,test,rand_attr_same_norm,all,inject,1,,0.10235565155744553,100,-0.6768844506051641,-0.4167507052904931,
91,7,paint,test,rand_attr_same_norm,all,inject,2,,0.10235565155744553,100,1.243483103693177,1.4859739536833723,
91,7,paint,test,attr,all,remove,,,0.10235565155744553,100,5.750052973723941,9.027435473454101,6.134221330285072
91,7,paint,test,rand_attr_same_norm,all,remove,0,,0.10235565155744553,100,-2.794268399570443,-2.64921073915432,
91,7,paint,test,rand_attr_same_norm,all,remove,1,,0.10235565155744553,100,-1.6704174707960373,-1.4520721104383902,
91,7,paint,test,rand_attr_same_norm,all,remove,2,,0.10235565155744553,100,-3.7331207444957437,-2.935168818152967,
91,7,paint,test,mlp_ceiling,all,inject,,,0.10235565155744553,,88.64555996483607,97.45173435888412,
91,7,paint,test,mlp_ceiling,all,remove,,,0.10235565155744553,,86.44181210389358,99.00913748543303,
91,7,paint,test,all_tc,all,inject,,,0.10235565155744553,73728,7.55301576080204,38.14060269705139,43.15294921398163
91,7,paint,test,k_attr_10,all,inject,,10,0.10235565155744553,10,0.10779634185409392,0.1955531890772156,-0.28273279312998056
91,7,paint,test,k_random_10,all,inject,,10,0.10235565155744553,10,0.5912166035337285,0.6264087848027998,0.05712661659345031
91,7,paint,test,k_attr_30,all,inject,,30,0.10235565155744553,30,-0.6422941192870013,-0.4427748418984784,-1.0800699703395367
91,7,paint,test,k_random_30,all,inject,,30,0.10235565155744553,30,0.21623324539925548,0.26048638560477216,-0.23098941892385483
91,7,paint,test,k_attr_100,all,inject,,100,0.10235565155744553,100,-0.003530368411053253,0.6912416571753413,-0.0023209897335618734
91,7,paint,test,k_random_100,all,inject,,100,0.10235565155744553,100,1.7348448745201472,2.0139067829930273,1.5025091357529163
91,7,paint,test,k_attr_300,all,inject,,300,0.10235565155744553,300,-1.1309480611471523,0.36269879360848717,-0.5809156224131584
91,7,paint,test,k_random_300,all,inject,,300,0.10235565155744553,300,1.9013690768698077,2.306796422952057,1.413545198738575
91,7,paint,test,k_attr_1000,all,inject,,1000,0.10235565155744553,1000,-0.7994501069046533,2.133040472546093,-0.5151714663952589
91,7,paint,test,k_random_1000,all,inject,,1000,0.10235565155744553,1000,1.908371580810897,2.582073916212224,1.7497997730970383
91,7,paint,test,k_attr_3000,all,inject,,3000,0.10235565155744553,3000,3.2602115178378632,9.455700851888313,6.642723083496094
91,7,paint,test,k_random_3000,all,inject,,3000,0.10235565155744553,3000,1.727179971557602,2.885414945662934,1.8705938011407852
92,7,cover,test,sel_capped,all,inject,,,0.9635096192359924,129,0.05031856153002723,0.05432812109194089,0.027276109904050827
92,7,cover,test,rand_sel_same_norm,all,inject,0,,0.9635096192359924,129,-0.01842250752845942,-0.01725042175119392,
92,7,cover,test,rand_sel_same_norm,all,inject,1,,0.9635096192359924,129,-0.08339617998356363,-0.0807111339016165,
92,7,cover,test,rand_sel_same_norm,all,inject,2,,0.9635096192359924,129,-0.018502928145602837,-0.016690359174127523,
92,7,cover,test,rand_sel_same_norm,all,inject,3,,0.9635096192359924,129,-0.007689448239722729,-0.0063954981926833574,
92,7,cover,test,rand_sel_same_norm,all,inject,4,,0.9635096192359924,129,-0.08528297138590268,-0.08458076180695832,
92,7,cover,test,sel_uncapped,all,inject,,,0.9635096192359924,457,0.43902233521799783,0.4602648743048439,0.4131237044930458
92,7,cover,test,sel_target,all,inject,,,0.9635096192359924,129,0.05512523995501173,0.05916931094633885,
92,7,cover,test,sel_xtask,all,inject,,,0.9635096192359924,126,-0.10347040326423862,-0.10064761939999638,-0.1212901552207768
92,7,cover,test,color,all,inject,,,0.9635096192359924,130,-0.10477569174258683,-0.10209455884055978,
92,7,cover,test,sel_capped,all,remove,,,0.9635096192359924,129,0.36001835817103256,0.3651637674297969,0.30033860821276903
92,7,cover,test,attr,all,inject,,,0.9635096192359924,100,0.5741908340415991,0.5909275580326379,0.4892887081950903
92,7,cover,test,rand_attr_same_norm,all,inject,0,,0.9635096192359924,100,-0.037210000934728704,-0.036293308364812656,
92,7,cover,test,rand_attr_same_norm,all,inject,1,,0.9635096192359924,100,0.07291675494891514,0.07533393422200278,
92,7,cover,test,rand_attr_same_norm,all,inject,2,,0.9635096192359924,100,-0.11044843835223972,-0.10827351691519516,
92,7,cover,test,rand_attr_same_norm,all,inject,3,,0.9635096192359924,100,0.14383536687173626,0.1452789513744346,
92,7,cover,test,rand_attr_same_norm,all,inject,4,,0.9635096192359924,100,-0.06742959437882057,-0.06541507878101241,
92,7,cover,test,attr,all,remove,,,0.9635096192359924,100,0.3463654118596504,0.3605742561051309,0.037735828664153814
92,7,cover,test,rand_attr_same_norm,all,remove,0,,0.9635096192359924,100,0.01063408006762856,0.011390763699409903,
92,7,cover,test,rand_attr_same_norm,all,remove,1,,0.9635096192359924,100,0.06037732487498282,0.06287186400489655,
92,7,cover,test,rand_attr_same_norm,all,remove,2,,0.9635096192359924,100,-0.21113505102285934,-0.20763732312150884,
92,7,cover,test,attr_xtask,all,inject,,,0.9635096192359924,100,0.2734610293133821,0.2873348362939134,0.2593542216345668
92,7,cover,test,rand_attr_raw,all,inject,0,,0.9635096192359924,100,0.005994429078259866,0.006770776842214158,-0.0089783119619824
92,7,cover,test,rand_attr_raw,all,inject,1,,0.9635096192359924,100,0.18798009948525207,0.1901946192304192,0.188696151599288
92,7,cover,test,single_attr_0,all,inject,,,0.9635096192359924,1,0.0,0.0,0.0
92,7,cover,test,single_attr_1,all,inject,,,0.9635096192359924,1,0.0,0.0,0.0
92,7,cover,test,single_attr_2,all,inject,,,0.9635096192359924,1,0.0,0.0,0.0
92,7,cover,test,mlp_ceiling,all,inject,,,0.9635096192359924,,81.42581764105421,89.37418363683001,
92,7,cover,test,mlp_ceiling,all,remove,,,0.9635096192359924,,90.71594547209965,96.09359157905335,
92,7,cover,test,all_tc,all,inject,,,0.9635096192359924,73728,73.47850223900278,81.04976120658183,-1.51952700689435
92,7,cover,test,tc_error,all,inject,,,0.9635096192359924,,8.19894378035917,12.707813061040556,
92,7,cover,test,k_attr_10,all,inject,,10,0.9635096192359924,10,-0.07379519553623037,-0.0733197584559422,-0.015220657223835588
92,7,cover,test,k_random_10,all,inject,,10,0.9635096192359924,10,-0.04369932611854033,-0.04313901803045514,-0.046273370389826596
92,7,cover,test,k_magnitude_10,all,inject,,10,0.9635096192359924,10,0.23809451637175627,0.2522173003668897,0.18721463857218623
92,7,cover,test,k_oracle_10,all,inject,,10,0.9635096192359924,10,1.782009524399275,1.8660977847518412,1.739577203989029
92,7,cover,test,k_attr_30,all,inject,,30,0.9635096192359924,30,0.2133558972964411,0.21738472402592676,0.20087235607206821
92,7,cover,test,k_random_30,all,inject,,30,0.9635096192359924,30,0.015929468396835844,0.01625332001948729,0.014663918409496546
92,7,cover,test,k_magnitude_30,all,inject,,30,0.9635096192359924,30,0.374710586304039,0.40239122235189795,0.2528387354686856
92,7,cover,test,k_oracle_30,all,inject,,30,0.9635096192359924,30,3.464569676391771,3.648720131333797,3.7062514573335648
92,7,cover,test,k_attr_100,all,inject,,100,0.9635096192359924,100,0.5741908340415991,0.5909275580326379,0.4892887081950903
92,7,cover,test,k_random_100,all,inject,,100,0.9635096192359924,100,0.13283630092627563,0.1381288303381898,0.16508024418726563
92,7,cover,test,k_magnitude_100,all,inject,,100,0.9635096192359924,100,0.6810945790379663,0.7211174003615455,0.7019799202680588
92,7,cover,test,k_oracle_100,all,inject,,100,0.9635096192359924,100,7.126361637039613,7.951499962102246,7.95208066701889
92,7,cover,test,k_attr_300,all,inject,,300,0.9635096192359924,300,0.7336587316468579,0.7591233118945693,0.6732814013957977
92,7,cover,test,k_random_300,all,inject,,300,0.9635096192359924,300,-0.13145677803210187,-0.12730869435757391,-0.05824839463457465
92,7,cover,test,k_magnitude_300,all,inject,,300,0.9635096192359924,300,1.5620776951005722,1.6558852957560433,1.2875257059931755
92,7,cover,test,k_oracle_300,all,inject,,300,0.9635096192359924,300,11.925746530670045,13.595398883955763,15.182851254940033
92,7,cover,test,k_attr_1000,all,inject,,1000,0.9635096192359924,1000,0.9674600243031128,1.1512012865935217,0.9847363457083702
92,7,cover,test,k_random_1000,all,inject,,1000,0.9635096192359924,1000,0.14851832127034115,0.1598222455928951,0.08157219854183495
92,7,cover,test,k_magnitude_1000,all,inject,,1000,0.9635096192359924,1000,1.9265748630266755,2.118384940024339,1.0103239677846432
92,7,cover,test,k_oracle_1000,all,inject,,1000,0.9635096192359924,1000,22.894425855253154,27.26152615334793,28.547871112823486
92,7,cover,test,k_attr_3000,all,inject,,3000,0.9635096192359924,3000,3.252259247118261,3.8165386173415428,2.29127686470747
92,7,cover,test,k_random_3000,all,inject,,3000,0.9635096192359924,3000,1.0504293563956546,1.083685052783071,0.8161150850355625
92,7,cover,test,k_magnitude_3000,all,inject,,3000,0.9635096192359924,3000,2.323469167261216,2.747637929743857,0.9974554181098938
92,7,cover,test,k_oracle_3000,all,inject,,3000,0.9635096192359924,3000,31.472014645955348,37.58435537517414,44.78524923324585
92,7,cover,test,k_attr_30,all,remove,,30,0.9635096192359924,30,0.02210948351466513,0.023871785820233717,0.03764953289646655
92,7,cover,test,k_attr_100,all,remove,,100,0.9635096192359924,100,0.3463654118596504,0.3605742561051309,0.037735828664153814
92,7,cover,test,k_attr_300,all,remove,,300,0.9635096192359924,300,0.5354466551797166,0.563719329117713,0.28227134607732296
92,7,cover,test,k_attr_1000,all,remove,,1000,0.9635096192359924,1000,4.288825326357692,4.679686963614118,3.3745121210813522
92,7,cover,test,mlp_ceiling,occluder_tokens,inject,,,0.9635096192359924,,29.4648830693506,39.80553709194521,
92,7,cover,test,attr,occluder_tokens,inject,,,0.9635096192359924,,0.47266908419290043,0.4827334992381471,
92,7,cover,test,mlp_ceiling,other_tokens,inject,,,0.9635096192359924,,6.954688364231654,10.298357698254797,
92,7,cover,test,attr,other_tokens,inject,,,0.9635096192359924,,0.04565416573538705,0.04999719032122831,
92,7,paint,test,sel_capped,all,inject,,,0.23323377966880798,12,1.0206455970571016,1.0414322360330892,1.0340693406760693
92,7,paint,test,rand_sel_same_norm,all,inject,0,,0.23323377966880798,12,0.020380711694456544,0.024884123834942887,
92,7,paint,test,rand_sel_same_norm,all,inject,1,,0.23323377966880798,12,0.29039639142568463,0.29261717253176317,
92,7,paint,test,rand_sel_same_norm,all,inject,2,,0.23323377966880798,12,-0.10495747075751627,-0.10223151170347848,
92,7,paint,test,sel_capped,all,remove,,,0.23323377966880798,12,3.0676996130987066,3.150614977346894,2.907952293753624
92,7,paint,test,attr,all,inject,,,0.23323377966880798,100,2.009333727062279,2.1959999236130763,1.5594173222780228
92,7,paint,test,rand_attr_same_norm,all,inject,0,,0.23323377966880798,100,-2.8549543721226645,-2.7377630652945406,
92,7,paint,test,rand_attr_same_norm,all,inject,1,,0.23323377966880798,100,0.2798801997488609,0.31549744322948886,
92,7,paint,test,rand_attr_same_norm,all,inject,2,,0.23323377966880798,100,0.036487223977121896,0.0625180890652745,
92,7,paint,test,attr,all,remove,,,0.23323377966880798,100,9.653384788986797,10.79182434513866,12.722668051719666
92,7,paint,test,rand_attr_same_norm,all,remove,0,,0.23323377966880798,100,-1.8510158475047334,-1.6743293603784783,
92,7,paint,test,rand_attr_same_norm,all,remove,1,,0.23323377966880798,100,0.6863891473924078,0.7850989304578457,
92,7,paint,test,rand_attr_same_norm,all,remove,2,,0.23323377966880798,100,-1.2193798973604286,-1.1645842359930174,
92,7,paint,test,mlp_ceiling,all,inject,,,0.23323377966880798,,40.3225289153743,54.481518121232305,
92,7,paint,test,mlp_ceiling,all,remove,,,0.23323377966880798,,39.68386513361122,53.13233971894621,
92,7,paint,test,all_tc,all,inject,,,0.23323377966880798,73728,33.838728131144954,42.706601583338134,4.451999813318253
92,7,paint,test,k_attr_10,all,inject,,10,0.23323377966880798,10,0.3302058630771376,0.3354060199783111,-0.01906393008539453
92,7,paint,test,k_random_10,all,inject,,10,0.23323377966880798,10,0.029357169352983714,0.0319731028023983,0.08196014096029103
92,7,paint,test,k_attr_30,all,inject,,30,0.23323377966880798,30,-0.04635174399474362,-0.03004750761834338,0.10365985799580812
92,7,paint,test,k_random_30,all,inject,,30,0.23323377966880798,30,0.11623394603672565,0.12028266722788097,0.011800154607044533
92,7,paint,test,k_attr_100,all,inject,,100,0.23323377966880798,100,2.009333727062279,2.1959999236130763,1.5594173222780228
92,7,paint,test,k_random_100,all,inject,,100,0.23323377966880798,100,0.5425294341560583,0.5516737971564029,0.20549078471958637
92,7,paint,test,k_attr_300,all,inject,,300,0.23323377966880798,300,0.39778804749842633,0.8419581161732406,-1.8975049257278442
92,7,paint,test,k_random_300,all,inject,,300,0.23323377966880798,300,-2.7844268873593148,-2.6345342776927643,-3.3458642661571503
92,7,paint,test,k_attr_1000,all,inject,,1000,0.23323377966880798,1000,3.4121464186106176,4.118458273956066,-1.7296941950917244
92,7,paint,test,k_random_1000,all,inject,,1000,0.23323377966880798,1000,1.7676849313195575,1.8847956837631454,0.629027234390378
92,7,paint,test,k_attr_3000,all,inject,,3000,0.23323377966880798,3000,8.897113439552406,10.113091466453618,3.187357634305954
92,7,paint,test,k_random_3000,all,inject,,3000,0.23323377966880798,3000,-0.3572438479959139,-0.1690343221474493,-0.41469037532806396
93,7,cover,test,sel_capped,all,inject,,,1.2181106805801392,129,0.0014777477128413707,0.0026178184049126725,-0.02855185593944043
93,7,cover,test,rand_sel_same_norm,all,inject,0,,1.2181106805801392,129,-0.05834656863554777,-0.05819106312464257,
93,7,cover,test,rand_sel_same_norm,all,inject,1,,1.2181106805801392,129,0.019651108658202965,0.02000234512975139,
93,7,cover,test,rand_sel_same_norm,all,inject,2,,1.2181106805801392,129,0.022900196344721735,0.023179782626361466,
93,7,cover,test,rand_sel_same_norm,all,inject,3,,1.2181106805801392,129,0.019905555284249754,0.0200776905325663,
93,7,cover,test,rand_sel_same_norm,all,inject,4,,1.2181106805801392,129,-0.02909499304821761,-0.02887286106306206,
93,7,cover,test,sel_uncapped,all,inject,,,1.2181106805801392,457,0.16333516110826896,0.17215576659945872,0.09469937067478895
93,7,cover,test,sel_target,all,inject,,,1.2181106805801392,129,0.02766617737884891,0.028751070021214253,
93,7,cover,test,sel_xtask,all,inject,,,1.2181106805801392,126,0.031590527265279444,0.03362612618270596,-0.0253081729169935
93,7,cover,test,color,all,inject,,,1.2181106805801392,130,-0.014366447963265472,-0.01420022402793884,
93,7,cover,test,sel_capped,all,remove,,,1.2181106805801392,129,0.826041398661792,1.6922373980245553,0.25960428174585104
93,7,cover,test,attr,all,inject,,,1.2181106805801392,100,0.08393802737121092,0.0939416375702284,0.009157096792478114
93,7,cover,test,rand_attr_same_norm,all,inject,0,,1.2181106805801392,100,0.1502018006404815,0.1523587742044405,
93,7,cover,test,rand_attr_same_norm,all,inject,1,,1.2181106805801392,100,0.04744450935008082,0.04829886220927582,
93,7,cover,test,rand_attr_same_norm,all,inject,2,,1.2181106805801392,100,-0.009903845598646654,-0.009663008457898982,
93,7,cover,test,rand_attr_same_norm,all,inject,3,,1.2181106805801392,100,0.07077530767735096,0.07321495767888292,
93,7,cover,test,rand_attr_same_norm,all,inject,4,,1.2181106805801392,100,0.010823768015921775,0.010990805120773339,
93,7,cover,test,attr,all,remove,,,1.2181106805801392,100,1.4223762124504047,2.7471367133226288,0.35776225849986076
93,7,cover,test,rand_attr_same_norm,all,remove,0,,1.2181106805801392,100,0.4339978663671751,0.507569604257001,
93,7,cover,test,rand_attr_same_norm,all,remove,1,,1.2181106805801392,100,1.4405789326218499,1.576111490332327,
93,7,cover,test,rand_attr_same_norm,all,remove,2,,1.2181106805801392,100,0.30978876721882154,0.3298122531413855,
93,7,cover,test,attr_xtask,all,inject,,,1.2181106805801392,100,1.0493476722488682,1.5509865544728163,0.2947515342384577
93,7,cover,test,rand_attr_raw,all,inject,0,,1.2181106805801392,100,0.043745246863624576,0.04427608510216231,0.023174511443357915
93,7,cover,test,rand_attr_raw,all,inject,1,,1.2181106805801392,100,0.06137056892210335,0.06171767788533185,0.05482661072164774
93,7,cover,test,single_attr_0,all,inject,,,1.2181106805801392,1,0.0,0.0,0.0
93,7,cover,test,single_attr_1,all,inject,,,1.2181106805801392,1,0.0,0.0,0.0
93,7,cover,test,single_attr_2,all,inject,,,1.2181106805801392,1,0.0,0.0,0.0
93,7,cover,test,mlp_ceiling,all,inject,,,1.2181106805801392,,57.041477638105064,84.2473661558698,
93,7,cover,test,mlp_ceiling,all,remove,,,1.2181106805801392,,95.72406634725134,99.48488987580427,
93,7,cover,test,all_tc,all,inject,,,1.2181106805801392,73728,48.224383365727974,74.11929202533041,2.3922232910990715
93,7,cover,test,tc_error,all,inject,,,1.2181106805801392,,2.386944226180343,5.467699416688821,
93,7,cover,test,k_attr_10,all,inject,,10,1.2181106805801392,10,-0.05181903403643773,-0.050688446867361465,-0.03874204121530056
93,7,cover,test,k_random_10,all,inject,,10,1.2181106805801392,10,0.005695689860096831,0.006018931020499424,0.01000700140139088
93,7,cover,test,k_magnitude_10,all,inject,,10,1.2181106805801392,10,-0.04451837315047058,-0.037744836044216565,-0.09570331894792616
93,7,cover,test,k_oracle_10,all,inject,,10,1.2181106805801392,10,1.2723114215316467,1.3686491072748654,1.2477518990635872
93,7,cover,test,k_attr_30,all,inject,,30,1.2181106805801392,30,-0.0060577869817945995,-0.005469444564160013,-0.007938699127407745
93,7,cover,test,k_random_30,all,inject,,30,1.2181106805801392,30,0.015325516015307628,0.015471792114467474,0.02421258541289717
93,7,cover,test,k_magnitude_30,all,inject,,30,1.2181106805801392,30,0.1451128681194347,0.15698922106664545,0.08844556286931038
93,7,cover,test,k_oracle_30,all,inject,,30,1.2181106805801392,30,2.350822591689594,2.5151811033010345,2.5365324690937996
93,7,cover,test,k_attr_100,all,inject,,100,1.2181106805801392,100,0.08393802737121092,0.0939416375702284,0.009157096792478114
93,7,cover,test,k_random_100,all,inject,,100,1.2181106805801392,100,-0.027627031744081876,-0.027045542083212575,-0.025333493249490857
93,7,cover,test,k_magnitude_100,all,inject,,100,1.2181106805801392,100,-0.1087367870026279,-0.08992778977853286,-0.16782827442511916
93,7,cover,test,k_oracle_100,all,inject,,100,1.2181106805801392,100,4.359522121834325,4.751928063694121,5.152421072125435
93,7,cover,test,k_attr_300,all,inject,,300,1.2181106805801392,300,0.7431603034295575,1.1702996759421511,0.08471698383800685
93,7,cover,test,k_random_300,all,inject,,300,1.2181106805801392,300,0.029848546517685648,0.03245787216931244,0.008066398731898516
93,7,cover,test,k_magnitude_300,all,inject,,300,1.2181106805801392,300,0.03962516880331446,0.06955113790384415,-0.06018573767505586
93,7,cover,test,k_oracle_300,all,inject,,300,1.2181106805801392,300,7.929046188228062,8.706363312415835,9.476911276578903
93,7,cover,test,k_attr_1000,all,inject,,1000,1.2181106805801392,1000,0.36666737455023357,0.39764077919206137,0.2213887870311737
93,7,cover,test,k_random_1000,all,inject,,1000,1.2181106805801392,1000,0.27564398728432415,0.28788930089040987,0.23785245139151812
93,7,cover,test,k_magnitude_1000,all,inject,,1000,1.2181106805801392,1000,-0.025483808240012173,0.03901430522514487,-0.2911957912147045
93,7,cover,test,k_oracle_1000,all,inject,,1000,1.2181106805801392,1000,11.990621097363707,13.289907900956507,17.07051396369934
93,7,cover,test,k_attr_3000,all,inject,,3000,1.2181106805801392,3000,1.6207858623191296,1.756455749056315,1.0145270265638828
93,7,cover,test,k_random_3000,all,inject,,3000,1.2181106805801392,3000,0.06545150134763533,0.09385935702751465,0.02300260530319065
93,7,cover,test,k_magnitude_3000,all,inject,,3000,1.2181106805801392,3000,-0.044851111046084746,0.18516611200422017,-0.3037132788449526
93,7,cover,test,k_oracle_3000,all,inject,,3000,1.2181106805801392,3000,14.73689289157354,16.51953431948087,26.16044580936432
93,7,cover,test,k_attr_30,all,remove,,30,1.2181106805801392,30,-0.26071971402548133,-0.2103045221777421,-0.34002382308244705
93,7,cover,test,k_attr_100,all,remove,,100,1.2181106805801392,100,1.4223762124504047,2.7471367133226288,0.35776225849986076
93,7,cover,test,k_attr_300,all,remove,,300,1.2181106805801392,300,2.005010054066969,3.667662915667391,0.6386227440088987
93,7,cover,test,k_attr_1000,all,remove,,1000,1.2181106805801392,1000,54.24203628545897,69.27506615020498,0.745792593806982
93,7,cover,test,mlp_ceiling,occluder_tokens,inject,,,1.2181106805801392,,45.456004074277665,69.55762513183618,
93,7,cover,test,attr,occluder_tokens,inject,,,1.2181106805801392,,0.009942991233435894,0.013137740223283826,
93,7,cover,test,mlp_ceiling,other_tokens,inject,,,1.2181106805801392,,3.2253850046578436,4.786703638384678,
93,7,cover,test,attr,other_tokens,inject,,,1.2181106805801392,,0.12257476889641072,0.12710428293048523,
94,7,cover,test,sel_capped,all,inject,,,0.6475214958190918,129,0.3034719220354809,0.30839196302970945,0.30559764709323645
94,7,cover,test,rand_sel_same_norm,all,inject,0,,0.6475214958190918,129,0.07695417581341513,0.07774266265665274,
94,7,cover,test,rand_sel_same_norm,all,inject,1,,0.6475214958190918,129,-0.04919176023288063,-0.047977019184218844,
94,7,cover,test,rand_sel_same_norm,all,inject,2,,0.6475214958190918,129,0.11600197650725175,0.11712063287617791,
94,7,cover,test,rand_sel_same_norm,all,inject,3,,0.6475214958190918,129,0.049127324918207815,0.04970062561470801,
94,7,cover,test,rand_sel_same_norm,all,inject,4,,0.6475214958190918,129,-0.013687901846237693,-0.013043318349747035,
94,7,cover,test,sel_uncapped,all,inject,,,0.6475214958190918,457,0.9373497276411347,0.9723252331640321,0.9572655893862247
94,7,cover,test,sel_target,all,inject,,,0.6475214958190918,129,0.3443147064952967,0.3499559140824452,
94,7,cover,test,sel_xtask,all,inject,,,0.6475214958190918,126,-0.28418735285735686,-0.2811483317530331,-0.16432531410828233
94,7,cover,test,color,all,inject,,,0.6475214958190918,130,-0.10583040183334003,-0.10377383229912832,
94,7,cover,test,sel_capped,all,remove,,,0.6475214958190918,129,2.6418847219082275,2.7834731289871213,2.720963954925537
94,7,cover,test,attr,all,inject,,,0.6475214958190918,100,0.22024911060856134,0.24598888888137932,0.1391514320857823
94,7,cover,test,rand_attr_same_norm,all,inject,0,,0.6475214958190918,100,0.3226460306741563,0.3255544300386249,
94,7,cover,test,rand_attr_same_norm,all,inject,1,,0.6475214958190918,100,0.07228721802186033,0.07457938020269521,
94,7,cover,test,rand_attr_same_norm,all,inject,2,,0.6475214958190918,100,0.13977860762280914,0.14605003621181922,
94,7,cover,test,rand_attr_same_norm,all,inject,3,,0.6475214958190918,100,0.08042447776097639,0.0853007079260538,
94,7,cover,test,rand_attr_same_norm,all,inject,4,,0.6475214958190918,100,0.1465074954840051,0.15973900125941382,
94,7,cover,test,attr,all,remove,,,0.6475214958190918,100,0.7618003153280206,0.8949666767040597,0.8452730253338814
94,7,cover,test,rand_attr_same_norm,all,remove,0,,0.6475214958190918,100,-1.326437772791511,-1.2013827635431762,
94,7,cover,test,rand_attr_same_norm,all,remove,1,,0.6475214958190918,100,0.3518628433573867,0.4186337669618859,
94,7,cover,test,rand_attr_same_norm,all,remove,2,,0.6475214958190918,100,0.6602042341734005,0.7402899366937181,
94,7,cover,test,attr_xtask,all,inject,,,0.6475214958190918,100,0.4481936387984553,0.46961744080060963,0.484000938013196
94,7,cover,test,rand_attr_raw,all,inject,0,,0.6475214958190918,100,0.2446608898259206,0.24732773417236373,0.2164643257856369
94,7,cover,test,rand_attr_raw,all,inject,1,,0.6475214958190918,100,0.14054262635396775,0.1417601302502524,0.06369990878738463
94,7,cover,test,single_attr_0,all,inject,,,0.6475214958190918,1,0.0,0.0,0.0
94,7,cover,test,single_attr_1,all,inject,,,0.6475214958190918,1,0.0,0.0,0.0
94,7,cover,test,single_attr_2,all,inject,,,0.6475214958190918,1,0.0,0.0,0.0
94,7,cover,test,mlp_ceiling,all,inject,,,0.6475214958190918,,76.87642309994985,86.61330627673613,
94,7,cover,test,mlp_ceiling,all,remove,,,0.6475214958190918,,76.99690333082711,87.93995781175542,
94,7,cover,test,all_tc,all,inject,,,0.6475214958190918,73728,53.967300734709866,65.4243971663358,27.165362238883972
94,7,cover,test,tc_error,all,inject,,,0.6475214958190918,,12.375234820696768,19.454071700051916,
94,7,cover,test,k_attr_10,all,inject,,10,0.6475214958190918,10,-0.12892585962231973,-0.12755338466783178,-0.14163416344672441
94,7,cover,test,k_random_10,all,inject,,10,0.6475214958190918,10,0.03948043780667154,0.03983558232481101,0.0175572422449477
94,7,cover,test,k_magnitude_10,all,inject,,10,0.6475214958190918,10,0.2507730396752117,0.27998235075105243,0.19252196652814746
94,7,cover,test,k_oracle_10,all,inject,,10,0.6475214958190918,10,6.640059177392999,7.329344474701038,6.071349605917931
94,7,cover,test,k_attr_30,all,inject,,30,0.6475214958190918,30,-0.04145031742677219,-0.039595896097963,-0.039208633825182915
94,7,cover,test,k_random_30,all,inject,,30,0.6475214958190918,30,0.09500526896772943,0.09622243292241715,0.047582085244357586
94,7,cover,test,k_magnitude_30,all,inject,,30,0.6475214958190918,30,0.47078281911497877,0.5247130589274346,0.2968128537759185
94,7,cover,test,k_oracle_30,all,inject,,30,0.6475214958190918,30,10.920948178542522,12.454528893603044,10.903031378984451
94,7,cover,test,k_attr_100,all,inject,,100,0.6475214958190918,100,0.22024911060856134,0.24598888888137932,0.1391514320857823
94,7,cover,test,k_random_100,all,inject,,100,0.6475214958190918,100,-0.1652581720548163,-0.1630663240440137,-0.1614338019862771
94,7,cover,test,k_magnitude_100,all,inject,,100,0.6475214958190918,100,0.06774913085965117,0.1850272575790203,0.26141004636883736
94,7,cover,test,k_oracle_100,all,inject,,100,0.6475214958190918,100,23.715578654899915,28.25333971206892,20.313647389411926
94,7,cover,test,k_attr_300,all,inject,,300,0.6475214958190918,300,0.048013514478795205,0.06902836406318837,-0.10426503140479326
94,7,cover,test,k_random_300,all,inject,,300,0.6475214958190918,300,0.005928048950221143,0.009588817345944906,-0.0055017066188156605
94,7,cover,test,k_magnitude_300,all,inject,,300,0.6475214958190918,300,0.9302434329368281,1.126826103256285,1.1561858467757702
94,7,cover,test,k_oracle_300,all,inject,,300,0.6475214958190918,300,40.00773039675216,49.577816016456055,35.84919273853302
94,7,cover,test,k_attr_1000,all,inject,,1000,0.6475214958190918,1000,8.012273638739542,9.6914232070282,2.6246964931488037
94,7,cover,test,k_random_1000,all,inject,,1000,0.6475214958190918,1000,0.8616382328964778,0.8938034982481179,0.8601635694503784
94,7,cover,test,k_magnitude_1000,all,inject,,1000,0.6475214958190918,1000,3.173291967088654,3.561737077107663,3.7357691675424576
94,7,cover,test,k_oracle_1000,all,inject,,1000,0.6475214958190918,1000,56.27565446028613,71.64407508039359,62.862128019332886
94,7,cover,test,k_attr_3000,all,inject,,3000,0.6475214958190918,3000,22.49251813946158,27.32485052307954,10.444999486207962
94,7,cover,test,k_random_3000,all,inject,,3000,0.6475214958190918,3000,0.2832300281821687,0.3528825438625587,0.10116130579262972
94,7,cover,test,k_magnitude_3000,all,inject,,3000,0.6475214958190918,3000,11.210897889540938,13.740125809849697,5.7859305292367935
94,7,cover,test,k_oracle_3000,all,inject,,3000,0.6475214958190918,3000,65.41978963158465,86.63212638880209,95.27153372764587
94,7,cover,test,k_attr_30,all,remove,,30,0.6475214958190918,30,0.9682142433710794,1.0520616483964276,1.0990397073328495
94,7,cover,test,k_attr_100,all,remove,,100,0.6475214958190918,100,0.7618003153280206,0.8949666767040597,0.8452730253338814
94,7,cover,test,k_attr_300,all,remove,,300,0.6475214958190918,300,4.7120164866037095,5.149106302023703,6.326575577259064
94,7,cover,test,k_attr_1000,all,remove,,1000,0.6475214958190918,1000,18.86182748862072,22.671294473302527,20.263752341270447
94,7,cover,test,mlp_ceiling,occluder_tokens,inject,,,0.6475214958190918,,34.031018976384274,41.996399015905695,
94,7,cover,test,attr,occluder_tokens,inject,,,0.6475214958190918,,0.3073656560509175,0.309445842190137,
94,7,cover,test,mlp_ceiling,other_tokens,inject,,,0.6475214958190918,,14.126181651620717,19.03363715510195,
94,7,cover,test,attr,other_tokens,inject,,,0.6475214958190918,,-0.1458263221574274,-0.11463523147659065,
94,7,paint,test,sel_capped,all,inject,,,0.19374437630176544,12,0.41726000646825634,0.43219618463052345,0.13945386745035648
94,7,paint,test,rand_sel_same_norm,all,inject,0,,0.19374437630176544,12,0.2745354259913735,0.277533365400955,
94,7,paint,test,rand_sel_same_norm,all,inject,1,,0.19374437630176544,12,0.1492082158350727,0.15278334662749543,
94,7,paint,test,rand_sel_same_norm,all,inject,2,,0.19374437630176544,12,-0.10251527365285895,-0.0975126305390598,
94,7,paint,test,sel_capped,all,remove,,,0.19374437630176544,12,-1.8364147265432562,-1.640010388101942,-0.5847672000527382
94,7,paint,test,attr,all,inject,,,0.19374437630176544,100,4.493366964147338,4.900441866807413,3.6294322460889816
94,7,paint,test,rand_attr_same_norm,all,inject,0,,0.19374437630176544,100,0.7405111458152702,0.7522231033579395,
94,7,paint,test,rand_attr_same_norm,all,inject,1,,0.19374437630176544,100,0.4754665929342261,0.48876852828852757,
94,7,paint,test,rand_attr_same_norm,all,inject,2,,0.19374437630176544,100,0.4573770195505089,0.4715132667837632,
94,7,paint,test,attr,all,remove,,,0.19374437630176544,100,10.855528375903178,11.894468367927432,13.779585063457489
94,7,paint,test,rand_attr_same_norm,all,remove,0,,0.19374437630176544,100,0.2327571255575589,0.30368855335077855,
94,7,paint,test,rand_attr_same_norm,all,remove,1,,0.19374437630176544,100,-0.7709834628842671,-0.5576204634556508,
94,7,paint,test,rand_attr_same_norm,all,remove,2,,0.19374437630176544,100,0.11552869124012988,0.23120130197253982,
94,7,paint,test,mlp_ceiling,all,inject,,,0.19374437630176544,,91.26838424038213,100.07142080953699,
94,7,paint,test,mlp_ceiling,all,remove,,,0.19374437630176544,,88.4828754730535,102.38195912819138,
94,7,paint,test,all_tc,all,inject,,,0.19374437630176544,73728,59.928772304801626,75.20450821448193,73.4321117401123
94,7,paint,test,k_attr_10,all,inject,,10,0.19374437630176544,10,0.28127286913939287,0.2860992100120956,0.17149890772998333
94,7,paint,test,k_random_10,all,inject,,10,0.19374437630176544,10,0.13689469245610209,0.13945079620973197,0.06235122564248741
94,7,paint,test,k_attr_30,all,inject,,30,0.19374437630176544,30,0.7574701208625023,0.7691271564435123,0.6183771416544914
94,7,paint,test,k_random_30,all,inject,,30,0.19374437630176544,30,0.2670442506190418,0.27165197125499335,0.011862908286275342
94,7,paint,test,k_attr_100,all,inject,,100,0.19374437630176544,100,4.493366964147338,4.900441866807413,3.6294322460889816
94,7,paint,test,k_random_100,all,inject,,100,0.19374437630176544,100,0.16119101997275065,0.1720183733371651,-0.27991996612399817
94,7,paint,test,k_attr_300,all,inject,,300,0.19374437630176544,300,13.75025236570011,15.17099509389343,13.491319119930267
94,7,paint,test,k_random_300,all,inject,,300,0.19374437630176544,300,2.2252944074222625,2.37678780680769,2.019529975950718
94,7,paint,test,k_attr_1000,all,inject,,1000,0.19374437630176544,1000,26.746941712271955,30.588681975743928,24.640148878097534
94,7,paint,test,k_random_1000,all,inject,,1000,0.19374437630176544,1000,0.07731908215412586,0.13793095354311893,-0.11315650772303343
94,7,paint,test,k_attr_3000,all,inject,,3000,0.19374437630176544,3000,31.87195166269099,36.43762816129997,29.729920625686646
94,7,paint,test,k_random_3000,all,inject,,3000,0.19374437630176544,3000,4.651589202093687,5.06262223618199,3.4348182380199432
95,7,cover,test,sel_capped,all,inject,,,0.7808676958084106,129,0.2296579762466111,0.23433100606221716,0.23397833574563265
95,7,cover,test,rand_sel_same_norm,all,inject,0,,0.7808676958084106,129,-0.008052951937398412,-0.007672238880584732,
95,7,cover,test,rand_sel_same_norm,all,inject,1,,0.7808676958084106,129,-0.13609870430675297,-0.13525426744324553,
95,7,cover,test,rand_sel_same_norm,all,inject,2,,0.7808676958084106,129,0.04651629299188276,0.04734407321244565,
95,7,cover,test,rand_sel_same_norm,all,inject,3,,0.7808676958084106,129,0.01307555134477667,0.013440136471898541,
95,7,cover,test,rand_sel_same_norm,all,inject,4,,0.7808676958084106,129,-0.07159112437986614,-0.07107436820147313,
95,7,cover,test,sel_uncapped,all,inject,,,0.7808676958084106,457,0.6977672942676927,0.7318236264310609,0.5435963161289692
95,7,cover,test,sel_target,all,inject,,,0.7808676958084106,129,0.2867079883603907,0.2921668912197091,
95,7,cover,test,sel_xtask,all,inject,,,0.7808676958084106,126,-0.1638527642539911,-0.1625706709321735,-0.12024621246382594
95,7,cover,test,color,all,inject,,,0.7808676958084106,130,-0.07098047399598517,-0.06761441899322279,
95,7,cover,test,sel_capped,all,remove,,,0.7808676958084106,129,0.6798294392412751,0.6935681716475163,0.5775535479187965
95,7,cover,test,attr,all,inject,,,0.7808676958084106,100,0.8134321101039288,0.8488839763541499,0.723692961037159
95,7,cover,test,rand_attr_same_norm,all,inject,0,,0.7808676958084106,100,-0.05486693699141565,-0.054112857675406266,
95,7,cover,test,rand_attr_same_norm,all,inject,1,,0.7808676958084106,100,0.02683808437142776,0.02777677650358365,
95,7,cover,test,rand_attr_same_norm,all,inject,2,,0.7808676958084106,100,-0.05221060782154563,-0.050782311026978395,
95,7,cover,test,rand_attr_same_norm,all,inject,3,,0.7808676958084106,100,0.06751503306747786,0.06845468030300289,
95,7,cover,test,rand_attr_same_norm,all,inject,4,,0.7808676958084106,100,-0.03380713187743911,-0.03288287108522324,
95,7,cover,test,attr,all,remove,,,0.7808676958084106,100,2.575097402552795,2.6916829498605135,2.0491698756814003
95,7,cover,test,rand_attr_same_norm,all,remove,0,,0.7808676958084106,100,-0.3587494673983782,-0.3536533068658892,
95,7,cover,test,rand_attr_same_norm,all,remove,1,,0.7808676958084106,100,-0.25019872853431213,-0.2468115767841993,
95,7,cover,test,rand_attr_same_norm,all,remove,2,,0.7808676958084106,100,-0.2975546658040118,-0.29237566133456866,
95,7,cover,test,attr_xtask,all,inject,,,0.7808676958084106,100,0.5690879921250502,0.6029511053028885,0.5318239331245422
95,7,cover,test,rand_attr_raw,all,inject,0,,0.7808676958084106,100,0.1248245715944063,0.12844850134438682,0.11815234320238233
95,7,cover,test,rand_attr_raw,all,inject,1,,0.7808676958084106,100,-0.012915255619017074,-0.010943933652570386,0.08455973584204912
95,7,cover,test,single_attr_0,all,inject,,,0.7808676958084106,1,0.0,0.0,0.0
95,7,cover,test,single_attr_1,all,inject,,,0.7808676958084106,1,0.0,0.0,0.0
95,7,cover,test,single_attr_2,all,inject,,,0.7808676958084106,1,0.0,0.0,0.0
95,7,cover,test,mlp_ceiling,all,inject,,,0.7808676958084106,,76.0083364463781,85.22773925516552,
95,7,cover,test,mlp_ceiling,all,remove,,,0.7808676958084106,,93.35557853170032,98.1322010635835,
95,7,cover,test,all_tc,all,inject,,,0.7808676958084106,73728,58.78476299055644,69.92350086534668,13.182881474494934
95,7,cover,test,tc_error,all,inject,,,0.7808676958084106,,5.694551456683595,9.434623069057139,
95,7,cover,test,k_attr_10,all,inject,,10,0.7808676958084106,10,-0.04788262322581449,-0.047625591682713915,0.0018919992726296186
95,7,cover,test,k_random_10,all,inject,,10,0.7808676958084106,10,-0.02189944939181565,-0.021722739919476212,0.0030484898161375895
95,7,cover,test,k_magnitude_10,all,inject,,10,0.7808676958084106,10,0.8709706425248043,0.8982987872705738,0.6800355855375528
95,7,cover,test,k_oracle_10,all,inject,,10,0.7808676958084106,10,3.487431975455524,3.6493936620988165,3.392064943909645
95,7,cover,test,k_attr_30,all,inject,,30,0.7808676958084106,30,0.18855357228184655,0.1913787403829118,0.19476169254630804
95,7,cover,test,k_random_30,all,inject,,30,0.7808676958084106,30,-0.013861763714029252,-0.013482980603037082,-0.01983538386411965
95,7,cover,test,k_magnitude_30,all,inject,,30,0.7808676958084106,30,0.8127298621624646,0.8466761800224248,0.6070713046938181
95,7,cover,test,k_oracle_30,all,inject,,30,0.7808676958084106,30,8.409258803250431,9.1966697129806,8.025255054235458
95,7,cover,test,k_attr_100,all,inject,,100,0.7808676958084106,100,0.8134321101039288,0.8488839763541499,0.723692961037159
95,7,cover,test,k_random_100,all,inject,,100,0.7808676958084106,100,-0.15069324848142607,-0.14191619861347196,-0.16700067790225148
95,7,cover,test,k_magnitude_100,all,inject,,100,0.7808676958084106,100,0.8440104280766025,0.9339378986668527,0.8099382743239403
95,7,cover,test,k_oracle_100,all,inject,,100,0.7808676958084106,100,14.90308291426179,16.98378527790977,16.48784428834915
95,7,cover,test,k_attr_300,all,inject,,300,0.7808676958084106,300,1.3176384989419754,1.3832261558487726,1.0661893524229527
95,7,cover,test,k_random_300,all,inject,,300,0.7808676958084106,300,0.13573994720622595,0.1431536677591761,0.0784281874075532
95,7,cover,test,k_magnitude_300,all,inject,,300,0.7808676958084106,300,2.610965479475813,2.782780341079436,2.2604865953326225
95,7,cover,test,k_oracle_300,all,inject,,300,0.7808676958084106,300,29.32100409853271,35.531772444210056,29.46075201034546
95,7,cover,test,k_attr_1000,all,inject,,1000,0.7808676958084106,1000,2.733316917015516,3.0322288729358196,2.3132631555199623
95,7,cover,test,k_random_1000,all,inject,,1000,0.7808676958084106,1000,0.4943520182682182,0.5095397871252887,0.5373355932533741
95,7,cover,test,k_magnitude_1000,all,inject,,1000,0.7808676958084106,1000,3.8710807122565027,4.285426018971991,3.0420225113630295
95,7,cover,test,k_oracle_1000,all,inject,,1000,0.7808676958084106,1000,47.36956622297319,56.64467276625373,51.31723880767822
95,7,cover,test,k_attr_3000,all,inject,,3000,0.7808676958084106,3000,13.7208790373341,17.13174433098899,4.166314005851746
95,7,cover,test,k_random_3000,all,inject,,3000,0.7808676958084106,3000,1.2677788950983593,1.3238994705319533,0.47136791981756687
95,7,cover,test,k_magnitude_3000,all,inject,,3000,0.7808676958084106,3000,9.673457760473303,11.634705156516711,4.5731935650110245
95,7,cover,test,k_oracle_3000,all,inject,,3000,0.7808676958084106,3000,57.55635577895861,66.52436791369155,76.12951993942261
95,7,cover,test,k_attr_30,all,remove,,30,0.7808676958084106,30,0.5996892094871309,0.6101617318144568,0.45722839422523975
95,7,cover,test,k_attr_100,all,remove,,100,0.7808676958084106,100,2.575097402552795,2.6916829498605135,2.0491698756814003
95,7,cover,test,k_attr_300,all,remove,,300,0.7808676958084106,300,3.561061145491573,3.810710651035563,2.8593098744750023
95,7,cover,test,k_attr_1000,all,remove,,1000,0.7808676958084106,1000,8.196607440194814,9.336522620489676,11.654242873191833
95,7,cover,test,mlp_ceiling,occluder_tokens,inject,,,0.7808676958084106,,62.57870710963449,72.682057058399,
95,7,cover,test,attr,occluder_tokens,inject,,,0.7808676958084106,,0.6827071291753084,0.7044233797468409,
95,7,cover,test,mlp_ceiling,other_tokens,inject,,,0.7808676958084106,,9.154946886392922,13.058617102648006,
95,7,cover,test,attr,other_tokens,inject,,,0.7808676958084106,,0.09493323530359588,0.10189149740269086,
95,7,paint,test,sel_capped,all,inject,,,0.2513186037540436,12,0.02295782933723345,0.04258496647268216,-0.11310873087495565
95,7,paint,test,rand_sel_same_norm,all,inject,0,,0.2513186037540436,12,0.02104862968677068,0.023449580621644282,
95,7,paint,test,rand_sel_same_norm,all,inject,1,,0.2513186037540436,12,0.055094047056203355,0.057439498572424,
95,7,paint,test,rand_sel_same_norm,all,inject,2,,0.2513186037540436,12,0.033606657201301626,0.03630260254661499,
95,7,paint,test,sel_capped,all,remove,,,0.2513186037540436,12,-1.2549133727340012,-1.0084246003335087,-0.8349594660103321
95,7,paint,test,attr,all,inject,,,0.2513186037540436,100,1.7029408671063062,1.8697096287167816,1.9156737253069878
95,7,paint,test,rand_attr_same_norm,all,inject,0,,0.2513186037540436,100,-0.8495345525411091,-0.7585200697345088,
95,7,paint,test,rand_attr_same_norm,all,inject,1,,0.2513186037540436,100,0.1022904110862588,0.1316786832385024,
95,7,paint,test,rand_attr_same_norm,all,inject,2,,0.2513186037540436,100,-0.16417931155683352,-0.14262952712836582,
95,7,paint,test,attr,all,remove,,,0.2513186037540436,100,7.411430034414213,12.340994698838259,12.19019964337349
95,7,paint,test,rand_attr_same_norm,all,remove,0,,0.2513186037540436,100,-0.25216851283900166,0.25217493858012974,
95,7,paint,test,rand_attr_same_norm,all,remove,1,,0.2513186037540436,100,0.3734441949835965,0.42635507986513665,
95,7,paint,test,rand_attr_same_norm,all,remove,2,,0.2513186037540436,100,0.48000362392182083,0.5352006248155214,
95,7,paint,test,mlp_ceiling,all,inject,,,0.2513186037540436,,39.45886404043804,69.60672732705262,
95,7,paint,test,mlp_ceiling,all,remove,,,0.2513186037540436,,40.802092719984564,70.894524560226,
95,7,paint,test,all_tc,all,inject,,,0.2513186037540436,73728,34.40326779086509,60.45360605571945,6.117357313632965
95,7,paint,test,k_attr_10,all,inject,,10,0.2513186037540436,10,-0.007933258174896984,-0.003985277126083446,-0.027826003497466445
95,7,paint,test,k_random_10,all,inject,,10,0.2513186037540436,10,-0.056351035645940684,-0.05071548620860811,-0.10058777406811714
95,7,paint,test,k_attr_30,all,inject,,30,0.2513186037540436,30,0.16449948789573066,0.1760878677308334,0.2019145293161273
95,7,paint,test,k_random_30,all,inject,,30,0.2513186037540436,30,0.010708119778679581,0.012758197605708958,-0.018390438344795257
95,7,paint,test,k_attr_100,all,inject,,100,0.2513186037540436,100,1.7029408671063062,1.8697096287167816,1.9156737253069878
95,7,paint,test,k_random_100,all,inject,,100,0.2513186037540436,100,0.322061821782027,0.3382481713274112,0.3515247255563736
95,7,paint,test,k_attr_300,all,inject,,300,0.2513186037540436,300,6.165985580443534,7.451648285895007,4.741384461522102
95,7,paint,test,k_random_300,all,inject,,300,0.2513186037540436,300,0.19765552654600338,0.3209506112155537,-0.4588424228131771
95,7,paint,test,k_attr_1000,all,inject,,1000,0.2513186037540436,1000,5.669309070133199,9.876692403284492,4.443308711051941
95,7,paint,test,k_random_1000,all,inject,,1000,0.2513186037540436,1000,0.2355786351309619,0.3391453876782437,0.05938513204455376
95,7,paint,test,k_attr_3000,all,inject,,3000,0.2513186037540436,3000,7.398569618135165,16.31989445130806,5.062730982899666
95,7,paint,test,k_random_3000,all,inject,,3000,0.2513186037540436,3000,2.947490013166365,3.5248075059915354,2.9217641800642014
102,8,paint,test,sel_capped,all,inject,,,0.12804706394672394,12,0.856560030247544,0.8862785022444165,0.31638885848224163
102,8,paint,test,rand_sel_same_norm,all,inject,0,,0.12804706394672394,12,0.31064483998951564,0.32839753880719125,
102,8,paint,test,rand_sel_same_norm,all,inject,1,,0.12804706394672394,12,0.0,0.0,
102,8,paint,test,rand_sel_same_norm,all,inject,2,,0.12804706394672394,12,0.17907405401058618,0.1890625020773171,
102,8,paint,test,sel_capped,all,remove,,,0.12804706394672394,12,0.3826096144892155,0.40274413274255544,0.5328753963112831
102,8,paint,test,attr,all,inject,,,0.12804706394672394,100,1.9280019429558148,2.200890957139631,1.757129468023777
102,8,paint,test,rand_attr_same_norm,all,inject,0,,0.12804706394672394,100,0.7347412625465566,0.7688934039490961,
102,8,paint,test,rand_attr_same_norm,all,inject,1,,0.12804706394672394,100,-0.08789617428788254,0.11689086723594433,
102,8,paint,test,rand_attr_same_norm,all,inject,2,,0.12804706394672394,100,0.10317588789042764,0.17816374443029745,
102,8,paint,test,attr,all,remove,,,0.12804706394672394,100,0.0971943396865349,0.2970422551844433,0.2174215391278267
102,8,paint,test,rand_attr_same_norm,all,remove,0,,0.12804706394672394,100,0.1131257394747176,0.14605327490491288,
102,8,paint,test,rand_attr_same_norm,all,remove,1,,0.12804706394672394,100,-0.4095847676732989,-0.32068893971575985,
102,8,paint,test,rand_attr_same_norm,all,remove,2,,0.12804706394672394,100,-0.6493238232147647,-0.579450071227048,
102,8,paint,test,mlp_ceiling,all,inject,,,0.12804706394672394,,92.56990105308996,97.19532281258097,
102,8,paint,test,mlp_ceiling,all,remove,,,0.12804706394672394,,93.30922739344261,97.92501782753516,
102,8,paint,test,all_tc,all,inject,,,0.12804706394672394,73728,69.02790415511622,89.38810049627936,12.038833647966385
102,8,paint,test,k_attr_10,all,inject,,10,0.12804706394672394,10,0.6656043406023882,0.686710391005915,0.46124798245728016
102,8,paint,test,k_random_10,all,inject,,10,0.12804706394672394,10,0.22186423444968684,0.23230836487704692,0.013517081970348954
102,8,paint,test,k_attr_30,all,inject,,30,0.12804706394672394,30,1.0431750244062288,1.0922657829150475,1.0454241186380386
102,8,paint,test,k_random_30,all,inject,,30,0.12804706394672394,30,-0.12114380700871674,-0.10619042845360611,-0.0025550954887876287
102,8,paint,test,k_attr_100,all,inject,,100,0.12804706394672394,100,1.9280019429558148,2.200890957139631,1.757129468023777
102,8,paint,test,k_random_100,all,inject,,100,0.12804706394672394,100,0.11448729811256442,0.1363279092836048,0.02292811550432816
102,8,paint,test,k_attr_300,all,inject,,300,0.12804706394672394,300,1.5425062896444852,2.081496379153242,1.5125218778848648
102,8,paint,test,k_random_300,all,inject,,300,0.12804706394672394,300,0.5332422213980448,0.5809319772967524,0.5400444380939007
102,8,paint,test,k_attr_1000,all,inject,,1000,0.12804706394672394,1000,3.995656744317788,5.660938312490642,4.3601784855127335
102,8,paint,test,k_random_1000,all,inject,,1000,0.12804706394672394,1000,0.570120677153152,0.6210772982979129,-0.07109069265425205
102,8,paint,test,k_attr_3000,all,inject,,3000,0.12804706394672394,3000,6.288358568911101,10.138298215318734,8.084653317928314
102,8,paint,test,k_random_3000,all,inject,,3000,0.12804706394672394,3000,2.330069044987648,2.7550791648919453,2.5680959224700928
103,8,cover,test,sel_capped,all,inject,,,0.6229021549224854,129,0.03594064396906793,0.04075938105059511,0.0317172787617892
103,8,cover,test,rand_sel_same_norm,all,inject,0,,0.6229021549224854,129,-0.024812057990364345,-0.023730050767976137,
103,8,cover,test,rand_sel_same_norm,all,inject,1,,0.6229021549224854,129,0.07954594603697407,0.08213784029892411,
103,8,cover,test,rand_sel_same_norm,all,inject,2,,0.6229021549224854,129,0.09306674740233722,0.09616627076444016,
103,8,cover,test,rand_sel_same_norm,all,inject,3,,0.6229021549224854,129,-0.08727758616664527,-0.08662058311472726,
103,8,cover,test,rand_sel_same_norm,all,inject,4,,0.6229021549224854,129,0.1196299070557294,0.12049452970653995,
103,8,cover,test,sel_uncapped,all,inject,,,0.6229021549224854,457,0.7641405765277387,0.7834521715344276,0.8709635585546494
103,8,cover,test,sel_target,all,inject,,,0.6229021549224854,129,0.08026361065297527,0.08536244548214367,
103,8,cover,test,sel_xtask,all,inject,,,0.6229021549224854,132,0.21226605568848145,0.21628320885558808,0.09076274000108242
103,8,cover,test,color,all,inject,,,0.6229021549224854,130,0.007989999391422309,0.009135726649646722,
103,8,cover,test,sel_capped,all,remove,,,0.6229021549224854,129,-0.23902059257279173,-0.2333262494928343,-0.28554361779242754
103,8,cover,test,attr,all,inject,,,0.6229021549224854,100,0.1861143570815904,0.2541656812913914,0.3847850486636162
103,8,cover,test,rand_attr_same_norm,all,inject,0,,0.6229021549224854,100,-0.08642595748900028,-0.0854080479101795,
103,8,cover,test,rand_attr_same_norm,all,inject,1,,0.6229021549224854,100,0.040973865142590604,0.042713112071312245,
103,8,cover,test,rand_attr_same_norm,all,inject,2,,0.6229021549224854,100,0.07920146702130593,0.08303273308576362,
103,8,cover,test,rand_attr_same_norm,all,inject,3,,0.6229021549224854,100,0.011980214656359678,0.013055509631018614,
103,8,cover,test,rand_attr_same_norm,all,inject,4,,0.6229021549224854,100,-0.03559616495338869,-0.029752621671737294,
103,8,cover,test,attr,all,remove,,,0.6229021549224854,100,0.8515425578944802,0.9781502238046029,0.8801680989563465
103,8,cover,test,rand_attr_same_norm,all,remove,0,,0.6229021549224854,100,-0.06620695304100366,-0.06382455917102801,
103,8,cover,test,rand_attr_same_norm,all,remove,1,,0.6229021549224854,100,0.0833543529325298,0.08591596744640785,
103,8,cover,test,rand_attr_same_norm,all,remove,2,,0.6229021549224854,100,0.24718283147205922,0.24953174601747807,
103,8,cover,test,attr_xtask,all,inject,,,0.6229021549224854,100,0.11590761991410181,0.16567289685780293,0.15347900334745646
103,8,cover,test,rand_attr_raw,all,inject,0,,0.6229021549224854,100,-0.025692393252652046,-0.02157256818657625,0.01790670648915693
103,8,cover,test,rand_attr_raw,all,inject,1,,0.6229021549224854,100,0.08771775379778912,0.09408336121035947,0.14486060244962573
103,8,cover,test,single_attr_0,all,inject,,,0.6229021549224854,1,0.0,0.0,0.0
103,8,cover,test,single_attr_1,all,inject,,,0.6229021549224854,1,0.0,0.0,0.0
103,8,cover,test,single_attr_2,all,inject,,,0.6229021549224854,1,0.0,0.0,0.0
103,8,cover,test,mlp_ceiling,all,inject,,,0.6229021549224854,,62.17414677332247,74.70861356427693,
103,8,cover,test,mlp_ceiling,all,remove,,,0.6229021549224854,,75.20304167315754,85.36489133479499,
103,8,cover,test,all_tc,all,inject,,,0.6229021549224854,73728,49.596088785255986,60.86381823899929,19.457076489925385
103,8,cover,test,tc_error,all,inject,,,0.6229021549224854,,22.964578753835674,30.40163928992418,
103,8,cover,test,k_attr_10,all,inject,,10,0.6229021549224854,10,-0.013817436073315648,-0.01302093611070162,-0.029107104637660086
103,8,cover,test,k_random_10,all,inject,,10,0.6229021549224854,10,-0.026553590791844606,-0.026175140818542147,0.006492038664873689
103,8,cover,test,k_magnitude_10,all,inject,,10,0.6229021549224854,10,0.40004539467918265,0.5070623071407921,0.5058504641056061
103,8,cover,test,k_oracle_10,all,inject,,10,0.6229021549224854,10,2.6406038946797494,2.731587546099973,3.0922479927539825
103,8,cover,test,k_attr_30,all,inject,,30,0.6229021549224854,30,0.02759659670042991,0.030012177502964622,0.000767134679335868
103,8,cover,test,k_random_30,all,inject,,30,0.6229021549224854,30,0.07501030566388067,0.07574752026724642,0.04924061940982938
103,8,cover,test,k_magnitude_30,all,inject,,30,0.6229021549224854,30,0.7023544375212687,0.8367441608667283,1.0281712748110294
103,8,cover,test,k_oracle_30,all,inject,,30,0.6229021549224854,30,5.754311441947058,6.127426993699179,6.891658902168274
103,8,cover,test,k_attr_100,all,inject,,100,0.6229021549224854,100,0.1861143570815904,0.2541656812913914,0.3847850486636162
103,8,cover,test,k_random_100,all,inject,,100,0.6229021549224854,100,-0.042016871051164806,-0.040148178488742525,-0.015225773677229881
103,8,cover,test,k_magnitude_100,all,inject,,100,0.6229021549224854,100,0.8657523172912018,1.0587711908470059,1.1193625628948212
103,8,cover,test,k_oracle_100,all,inject,,100,0.6229021549224854,100,19.96868781436102,24.384884253857127,14.472538232803345
103,8,cover,test,k_attr_300,all,inject,,300,0.6229021549224854,300,0.6142539292616211,0.6869809592210114,1.0132648050785065
103,8,cover,test,k_random_300,all,inject,,300,0.6229021549224854,300,-0.21172063058032542,-0.20521977013553222,-0.11838243808597326
103,8,cover,test,k_magnitude_300,all,inject,,300,0.6229021549224854,300,1.8454315001563582,2.034651827015677,2.1730953827500343
103,8,cover,test,k_oracle_300,all,inject,,300,0.6229021549224854,300,34.89500662356596,43.036675145739565,27.996236085891724
103,8,cover,test,k_attr_1000,all,inject,,1000,0.6229021549224854,1000,2.1410901842235486,2.3059357995341774,2.2048721089959145
103,8,cover,test,k_random_1000,all,inject,,1000,0.6229021549224854,1000,0.6940390968372623,0.7189263159285934,0.6486971862614155
103,8,cover,test,k_magnitude_1000,all,inject,,1000,0.6229021549224854,1000,8.490977137693234,10.548778583162987,4.410210624337196
103,8,cover,test,k_oracle_1000,all,inject,,1000,0.6229021549224854,1000,50.493628860605035,63.170364645827824,51.62401795387268
103,8,cover,test,k_attr_3000,all,inject,,3000,0.6229021549224854,3000,11.126155487876066,13.516821609467288,6.12524189054966
103,8,cover,test,k_random_3000,all,inject,,3000,0.6229021549224854,3000,0.5672708190677556,0.6116125228526539,0.47681299038231373
103,8,cover,test,k_magnitude_3000,all,inject,,3000,0.6229021549224854,3000,14.823008595516951,18.971770181656055,5.525753274559975
103,8,cover,test,k_oracle_3000,all,inject,,3000,0.6229021549224854,3000,63.75157359928134,80.45155529507971,80.02005219459534
103,8,cover,test,k_attr_30,all,remove,,30,0.6229021549224854,30,0.4322254760604327,0.43847520199830314,0.34823857713490725
103,8,cover,test,k_attr_100,all,remove,,100,0.6229021549224854,100,0.8515425578944802,0.9781502238046029,0.8801680989563465
103,8,cover,test,k_attr_300,all,remove,,300,0.6229021549224854,300,6.191857205027407,7.990779949237923,1.5810254961252213
103,8,cover,test,k_attr_1000,all,remove,,1000,0.6229021549224854,1000,9.090983032111954,11.169631720444304,3.4600507467985153
103,8,cover,test,mlp_ceiling,occluder_tokens,inject,,,0.6229021549224854,,17.341982691077728,22.072554107320364,
103,8,cover,test,attr,occluder_tokens,inject,,,0.6229021549224854,,0.12340003850509484,0.12638714027400264,
103,8,cover,test,mlp_ceiling,other_tokens,inject,,,0.6229021549224854,,17.424322744686314,23.42069636113727,
103,8,cover,test,attr,other_tokens,inject,,,0.6229021549224854,,-0.06482903697828668,-0.012455201561643429,
103,8,paint,test,sel_capped,all,inject,,,0.2661314308643341,12,0.1712787247411529,0.1775126592327957,0.17708716914057732
103,8,paint,test,rand_sel_same_norm,all,inject,0,,0.2661314308643341,12,0.11242021037439764,0.11482002525455473,
103,8,paint,test,rand_sel_same_norm,all,inject,1,,0.2661314308643341,12,-0.16176012938122764,-0.1590223442586901,
103,8,paint,test,rand_sel_same_norm,all,inject,2,,0.2661314308643341,12,0.0,0.0,
103,8,paint,test,sel_capped,all,remove,,,0.2661314308643341,12,0.05168037363062483,0.05696979136362304,0.41142767295241356
103,8,paint,test,attr,all,inject,,,0.2661314308643341,100,0.22013711480624032,0.26116726269361196,0.3404134651646018
103,8,paint,test,rand_attr_same_norm,all,inject,0,,0.2661314308643341,100,-0.33148228382233746,-0.32468133195210197,
103,8,paint,test,rand_attr_same_norm,all,inject,1,,0.2661314308643341,100,0.2181886023443269,0.24996028894175223,
103,8,paint,test,rand_attr_same_norm,all,inject,2,,0.2661314308643341,100,-0.13266682262231821,-0.1243363771336708,
103,8,paint,test,attr,all,remove,,,0.2661314308643341,100,0.6910388247827082,0.7183722141594396,0.9021386504173279
103,8,paint,test,rand_attr_same_norm,all,remove,0,,0.2661314308643341,100,0.053942439822041166,0.05867814246079518,
103,8,paint,test,rand_attr_same_norm,all,remove,1,,0.2661314308643341,100,-0.003919421618792107,0.025482423910986714,
103,8,paint,test,rand_attr_same_norm,all,remove,2,,0.2661314308643341,100,-0.29498686937765584,-0.2881531635331074,
103,8,paint,test,mlp_ceiling,all,inject,,,0.2661314308643341,,94.7060652153683,97.13833200888601,
103,8,paint,test,mlp_ceiling,all,remove,,,0.2661314308643341,,95.05092847458685,97.24925319021506,
103,8,paint,test,all_tc,all,inject,,,0.2661314308643341,73728,53.25261881754633,70.5047990953953,22.62135148048401
103,8,paint,test,k_attr_10,all,inject,,10,0.2661314308643341,10,-0.1065970696836116,-0.10470494480544013,0.01685131574049592
103,8,paint,test,k_random_10,all,inject,,10,0.2661314308643341,10,0.17126752639367027,0.1737851264273331,0.014342062058858573
103,8,paint,test,k_attr_30,all,inject,,30,0.2661314308643341,30,0.09458124283515668,0.10447707599424343,0.23441745433956385
103,8,paint,test,k_random_30,all,inject,,30,0.2661314308643341,30,0.35137054895083564,0.37791610283399923,0.3117361105978489
103,8,paint,test,k_attr_100,all,inject,,100,0.2661314308643341,100,0.22013711480624032,0.26116726269361196,0.3404134651646018
103,8,paint,test,k_random_100,all,inject,,100,0.2661314308643341,100,-0.12046062386665835,-0.10665857835128005,-0.0031771400244906545
103,8,paint,test,k_attr_300,all,inject,,300,0.2661314308643341,300,-1.0655675563268519,-0.9168423870875311,-1.2589327059686184
103,8,paint,test,k_random_300,all,inject,,300,0.2661314308643341,300,0.268088438725278,0.2916204723502641,0.25018793530762196
103,8,paint,test,k_attr_1000,all,inject,,1000,0.2661314308643341,1000,2.3468600785519267,2.588758970027275,1.1359225027263165
103,8,paint,test,k_random_1000,all,inject,,1000,0.2661314308643341,1000,0.30597244825775194,0.36335690430878315,0.36878599785268307
103,8,paint,test,k_attr_3000,all,inject,,3000,0.2661314308643341,3000,4.634144948498243,5.413273539819904,2.0474353805184364
103,8,paint,test,k_random_3000,all,inject,,3000,0.2661314308643341,3000,-0.7846570097343797,-0.6543910762039903,-0.7499006576836109
104,8,cover,test,sel_capped,all,inject,,,0.8964940905570984,129,0.06759670028106957,0.07193136272145932,0.15654562739655375
104,8,cover,test,rand_sel_same_norm,all,inject,0,,0.8964940905570984,129,0.014248030756602859,0.0153956754296165,
104,8,cover,test,rand_sel_same_norm,all,inject,1,,0.8964940905570984,129,0.0888723411682002,0.0904890023185803,
104,8,cover,test,rand_sel_same_norm,all,inject,2,,0.8964940905570984,129,0.14722743493892354,0.14834789160494707,
104,8,cover,test,rand_sel_same_norm,all,inject,3,,0.8964940905570984,129,-0.04844197484488166,-0.047621869553156206,
104,8,cover,test,rand_sel_same_norm,all,inject,4,,0.8964940905570984,129,-0.03979874573447617,-0.03876036826430942,
104,8,cover,test,sel_uncapped,all,inject,,,0.8964940905570984,457,0.4273677876823978,0.45412509218883135,0.5713192746043205
104,8,cover,test,sel_target,all,inject,,,0.8964940905570984,129,0.08652537203284183,0.09234705207700705,
104,8,cover,test,sel_xtask,all,inject,,,0.8964940905570984,132,0.10714279778002433,0.11013483572650007,0.18873794469982386
104,8,cover,test,color,all,inject,,,0.8964940905570984,130,-0.20854117252051552,-0.20484816358437555,
104,8,cover,test,sel_capped,all,remove,,,0.8964940905570984,129,-0.02777135999547653,-0.024820849913897422,0.007905659731477499
104,8,cover,test,attr,all,inject,,,0.8964940905570984,100,0.02134212726490059,0.036996216362467936,-0.06175264134071767
104,8,cover,test,rand_attr_same_norm,all,inject,0,,0.8964940905570984,100,0.002692698299777696,0.0036277214801075544,
104,8,cover,test,rand_attr_same_norm,all,inject,1,,0.8964940905570984,100,-0.03397453904163683,-0.03340907509337679,
104,8,cover,test,rand_attr_same_norm,all,inject,2,,0.8964940905570984,100,0.014906245896539883,0.016813119607299174,
104,8,cover,test,rand_attr_same_norm,all,inject,3,,0.8964940905570984,100,-0.04914673044926765,-0.048473320304032744,
104,8,cover,test,rand_attr_same_norm,all,inject,4,,0.8964940905570984,100,-0.044532575831879306,-0.043057216925975215,
104,8,cover,test,attr,all,remove,,,0.8964940905570984,100,0.09722967885417155,0.11440803444990037,0.05591327790170908
104,8,cover,test,rand_attr_same_norm,all,remove,0,,0.8964940905570984,100,-0.017572349645211816,-0.017308224138625695,
104,8,cover,test,rand_attr_same_norm,all,remove,1,,0.8964940905570984,100,-0.04374138793636906,-0.043398937212150615,
104,8,cover,test,rand_attr_same_norm,all,remove,2,,0.8964940905570984,100,0.06539600117680955,0.06720400254498403,
104,8,cover,test,attr_xtask,all,inject,,,0.8964940905570984,100,-0.053435101815568764,-0.04359997095773808,-0.18830273766070604
104,8,cover,test,rand_attr_raw,all,inject,0,,0.8964940905570984,100,-0.2607063845206481,-0.2532062775142571,-0.17336240271106362
104,8,cover,test,rand_attr_raw,all,inject,1,,0.8964940905570984,100,0.026634442935569158,0.02881280269208746,0.03199711500201374
104,8,cover,test,single_attr_0,all,inject,,,0.8964940905570984,1,0.0,0.0,0.0
104,8,cover,test,single_attr_1,all,inject,,,0.8964940905570984,1,0.0,0.0,0.0
104,8,cover,test,single_attr_2,all,inject,,,0.8964940905570984,1,0.0,0.0,0.0
104,8,cover,test,mlp_ceiling,all,inject,,,0.8964940905570984,,92.8530476524491,96.33190973598681,
104,8,cover,test,mlp_ceiling,all,remove,,,0.8964940905570984,,79.41068967981822,89.09595167623651,
104,8,cover,test,all_tc,all,inject,,,0.8964940905570984,73728,78.11336259842061,86.43709450746591,20.33323049545288
104,8,cover,test,tc_error,all,inject,,,0.8964940905570984,,11.612936254523154,15.610853665866232,
104,8,cover,test,k_attr_10,all,inject,,10,0.8964940905570984,10,0.02148839729599894,0.02185936062346501,0.01991850440390408
104,8,cover,test,k_random_10,all,inject,,10,0.8964940905570984,10,-0.0042351822640895875,-0.004044485094304781,-0.0035629476769827306
104,8,cover,test,k_magnitude_10,all,inject,,10,0.8964940905570984,10,-0.19095552559975637,-0.17407733988625324,-0.24681962095201015
104,8,cover,test,k_oracle_10,all,inject,,10,0.8964940905570984,10,1.710382014105083,1.7650330176510014,2.2593632340431213
104,8,cover,test,k_attr_30,all,inject,,30,0.8964940905570984,30,0.13230124312905156,0.13377637242359475,0.12472317321226001
104,8,cover,test,k_random_30,all,inject,,30,0.8964940905570984,30,-0.026188984204500443,-0.02581314082798698,0.0014745077351108193
104,8,cover,test,k_magnitude_30,all,inject,,30,0.8964940905570984,30,0.03845572090348526,0.06136765653000425,-0.3058271948248148
104,8,cover,test,k_oracle_30,all,inject,,30,0.8964940905570984,30,4.027219523059966,4.25612495652289,5.250056833028793
104,8,cover,test,k_attr_100,all,inject,,100,0.8964940905570984,100,0.02134212726490059,0.036996216362467936,-0.06175264134071767
104,8,cover,test,k_random_100,all,inject,,100,0.8964940905570984,100,0.10353258746698124,0.10585969817962453,0.0722851196769625
104,8,cover,test,k_magnitude_100,all,inject,,100,0.8964940905570984,100,0.6230305488284293,0.6665541191293425,0.2393385861068964
104,8,cover,test,k_oracle_100,all,inject,,100,0.8964940905570984,100,11.176931886368136,13.069973248694277,12.089042365550995
104,8,cover,test,k_attr_300,all,inject,,300,0.8964940905570984,300,0.46091016526851325,0.481743346537573,0.40286374278366566
104,8,cover,test,k_random_300,all,inject,,300,0.8964940905570984,300,0.15691450018034958,0.16245016253197453,0.17604143358767033
104,8,cover,test,k_magnitude_300,all,inject,,300,0.8964940905570984,300,0.31051133010985277,0.43841036640490355,-0.1044030417688191
104,8,cover,test,k_oracle_300,all,inject,,300,0.8964940905570984,300,19.220892679351167,23.47500307567328,23.197980225086212
104,8,cover,test,k_attr_1000,all,inject,,1000,0.8964940905570984,1000,1.1404408379278141,1.188327241520309,1.1252818629145622
104,8,cover,test,k_random_1000,all,inject,,1000,0.8964940905570984,1000,0.3807475395884774,0.4075550184789922,0.38109549786895514
104,8,cover,test,k_magnitude_1000,all,inject,,1000,0.8964940905570984,1000,0.631999561189911,0.7755376115514694,0.13785260962322354
104,8,cover,test,k_oracle_1000,all,inject,,1000,0.8964940905570984,1000,28.648614506995195,35.81093190839072,42.535242438316345
104,8,cover,test,k_attr_3000,all,inject,,3000,0.8964940905570984,3000,5.946707843896637,7.1583346026588135,2.7920812368392944
104,8,cover,test,k_random_3000,all,inject,,3000,0.8964940905570984,3000,0.9514333631967964,1.0420385817446693,1.4724861830472946
104,8,cover,test,k_magnitude_3000,all,inject,,3000,0.8964940905570984,3000,5.88196340922199,7.259616198285564,2.650102786719799
104,8,cover,test,k_oracle_3000,all,inject,,3000,0.8964940905570984,3000,37.7121306058405,47.219558808500445,65.08614420890808
104,8,cover,test,k_attr_30,all,remove,,30,0.8964940905570984,30,0.07148615338075093,0.07213021926363608,0.05555945681408048
104,8,cover,test,k_attr_100,all,remove,,100,0.8964940905570984,100,0.09722967885417155,0.11440803444990037,0.05591327790170908
104,8,cover,test,k_attr_300,all,remove,,300,0.8964940905570984,300,-0.1685961567549299,-0.15036621743732623,-0.26351590640842915
104,8,cover,test,k_attr_1000,all,remove,,1000,0.8964940905570984,1000,0.7061651155948812,0.7389722907603737,0.3302315715700388
104,8,cover,test,mlp_ceiling,occluder_tokens,inject,,,0.8964940905570984,,21.748405573553054,28.835201845534154,
104,8,cover,test,attr,occluder_tokens,inject,,,0.8964940905570984,,-0.19221211813964523,-0.17864044039518767,
104,8,cover,test,mlp_ceiling,other_tokens,inject,,,0.8964940905570984,,14.289744310012686,18.115219277604087,
104,8,cover,test,attr,other_tokens,inject,,,0.8964940905570984,,0.1729842576879026,0.17870720796644946,
104,8,paint,test,sel_capped,all,inject,,,0.2552284002304077,12,0.1643382495465917,0.16806993353362848,0.22064652293920517
104,8,paint,test,rand_sel_same_norm,all,inject,0,,0.2552284002304077,12,-0.1740065791348,-0.17110961914082923,
104,8,paint,test,rand_sel_same_norm,all,inject,1,,0.2552284002304077,12,0.020469301652348282,0.022282259017130174,
104,8,paint,test,rand_sel_same_norm,all,inject,2,,0.2552284002304077,12,-0.19225730274154973,-0.18889884261451392,
104,8,paint,test,sel_capped,all,remove,,,0.2552284002304077,12,0.33248311195037683,0.3360710131679975,0.2717748284339905
104,8,paint,test,attr,all,inject,,,0.2552284002304077,100,0.7779735835079737,0.8638206939943913,0.898374430835247
104,8,paint,test,rand_attr_same_norm,all,inject,0,,0.2552284002304077,100,0.5974046840487968,0.6086670315938577,
104,8,paint,test,rand_attr_same_norm,all,inject,1,,0.2552284002304077,100,0.5145116022290397,0.547940800846127,
104,8,paint,test,rand_attr_same_norm,all,inject,2,,0.2552284002304077,100,-0.14887826358669365,-0.13814964644114214,
104,8,paint,test,attr,all,remove,,,0.2552284002304077,100,0.9074568042854558,0.9706195947957114,0.7848018780350685
104,8,paint,test,rand_attr_same_norm,all,remove,0,,0.2552284002304077,100,0.3061871237466818,0.3161810921940522,
104,8,paint,test,rand_attr_same_norm,all,remove,1,,0.2552284002304077,100,0.5110319377154116,0.5625908649255458,
104,8,paint,test,rand_attr_same_norm,all,remove,2,,0.2552284002304077,100,0.2080208835919084,0.2183443417134827,
104,8,paint,test,mlp_ceiling,all,inject,,,0.2552284002304077,,90.51608460325518,94.8710112815248,
104,8,paint,test,mlp_ceiling,all,remove,,,0.2552284002304077,,87.71604425432658,94.5315800542869,
104,8,paint,test,all_tc,all,inject,,,0.2552284002304077,73728,50.842721032259995,66.98876130775137,62.394869327545166
104,8,paint,test,k_attr_10,all,inject,,10,0.2552284002304077,10,0.011291394579471259,0.016245151499257416,-0.022306956816464663
104,8,paint,test,k_random_10,all,inject,,10,0.2552284002304077,10,-0.18239046880188514,-0.17839994646244967,0.049241119995713234
104,8,paint,test,k_attr_30,all,inject,,30,0.2552284002304077,30,0.09622790354649746,0.1293915579020366,0.3068953286856413
104,8,paint,test,k_random_30,all,inject,,30,0.2552284002304077,30,-0.05507911916380337,-0.051001377255757006,0.08822893723845482
104,8,paint,test,k_attr_100,all,inject,,100,0.2552284002304077,100,0.7779735835079737,0.8638206939943913,0.898374430835247
104,8,paint,test,k_random_100,all,inject,,100,0.2552284002304077,100,0.04893716099543255,0.056906922602272335,0.042134354589506984
104,8,paint,test,k_attr_300,all,inject,,300,0.2552284002304077,300,2.0359190120928905,2.728996291554475,3.3290281891822815
104,8,paint,test,k_random_300,all,inject,,300,0.2552284002304077,300,-0.5861366429224413,-0.5602197026425508,-0.3574008122086525
104,8,paint,test,k_attr_1000,all,inject,,1000,0.2552284002304077,1000,5.224033178717901,6.498602378913134,7.917524129152298
104,8,paint,test,k_random_1000,all,inject,,1000,0.2552284002304077,1000,1.849698576980685,1.9463843764592974,1.8831808120012283
104,8,paint,test,k_attr_3000,all,inject,,3000,0.2552284002304077,3000,10.009184913108804,12.65346726982482,14.214646816253662
104,8,paint,test,k_random_3000,all,inject,,3000,0.2552284002304077,3000,3.0712126187114386,3.4707465709281093,2.7992840856313705
105,8,cover,test,sel_capped,all,inject,,,0.35351839661598206,129,0.09119794802088244,0.09950855848227406,0.15760529786348343
105,8,cover,test,rand_sel_same_norm,all,inject,0,,0.35351839661598206,129,0.049519018919819136,0.0511295497090227,
105,8,cover,test,rand_sel_same_norm,all,inject,1,,0.35351839661598206,129,0.34455930222863085,0.3489411819661223,
105,8,cover,test,rand_sel_same_norm,all,inject,2,,0.35351839661598206,129,0.03728679276172597,0.04145610876557686,
105,8,cover,test,rand_sel_same_norm,all,inject,3,,0.35351839661598206,129,-0.10267145580942216,-0.1002442254081008,
105,8,cover,test,rand_sel_same_norm,all,inject,4,,0.35351839661598206,129,0.29130570288976587,0.2934421556695879,
105,8,cover,test,sel_uncapped,all,inject,,,0.35351839661598206,457,-0.0627881601829916,-0.03807705720475157,-0.4252474755048752
105,8,cover,test,sel_target,all,inject,,,0.35351839661598206,129,0.17808806174348657,0.1871926721183305,
105,8,cover,test,sel_xtask,all,inject,,,0.35351839661598206,132,0.20852109856687173,0.22063729311526678,0.23088273592293262
105,8,cover,test,color,all,inject,,,0.35351839661598206,130,0.07378957654157192,0.07536361738795433,
105,8,cover,test,sel_capped,all,remove,,,0.35351839661598206,129,0.9678295824123717,0.9938264344138985,1.0386591777205467
105,8,cover,test,attr,all,inject,,,0.35351839661598206,100,0.7895982071990715,0.8713978313404317,0.24436591193079948
105,8,cover,test,rand_attr_same_norm,all,inject,0,,0.35351839661598206,100,-0.10979497827916518,-0.10643100710829694,
105,8,cover,test,rand_attr_same_norm,all,inject,1,,0.35351839661598206,100,0.33725031526855576,0.34134410513686353,
105,8,cover,test,rand_attr_same_norm,all,inject,2,,0.35351839661598206,100,0.17408371479303852,0.1779911294000888,
105,8,cover,test,rand_attr_same_norm,all,inject,3,,0.35351839661598206,100,-0.08003635778426332,-0.07785350671148987,
105,8,cover,test,rand_attr_same_norm,all,inject,4,,0.35351839661598206,100,-0.32311286298245534,-0.32046857244519483,
105,8,cover,test,attr,all,remove,,,0.35351839661598206,100,28.049050973987843,34.71511869763564,39.97883498668671
105,8,cover,test,rand_attr_same_norm,all,remove,0,,0.35351839661598206,100,-0.6574294672220704,-0.6338640455089727,
105,8,cover,test,rand_attr_same_norm,all,remove,1,,0.35351839661598206,100,1.5858815662543657,1.612808920833068,
105,8,cover,test,rand_attr_same_norm,all,remove,2,,0.35351839661598206,100,-1.7791102745725818,-1.715197950033707,
105,8,cover,test,attr_xtask,all,inject,,,0.35351839661598206,100,0.3779766313056099,0.4367675148889856,0.2990915672853589
105,8,cover,test,rand_attr_raw,all,inject,0,,0.35351839661598206,100,0.10171041254131152,0.1045482772060292,-0.0744364457204938
105,8,cover,test,rand_attr_raw,all,inject,1,,0.35351839661598206,100,0.12603155138769528,0.12759954610832572,-0.0014622566595789976
105,8,cover,test,single_attr_0,all,inject,,,0.35351839661598206,1,0.0,0.0,0.0
105,8,cover,test,single_attr_1,all,inject,,,0.35351839661598206,1,0.0,0.0,0.0
105,8,cover,test,single_attr_2,all,inject,,,0.35351839661598206,1,0.028578391920019985,0.02978013867452708,0.0006928602033440256
105,8,cover,test,mlp_ceiling,all,inject,,,0.35351839661598206,,95.42210411318932,100.69981066634806,
105,8,cover,test,mlp_ceiling,all,remove,,,0.35351839661598206,,91.29157017946808,104.9673353664971,
105,8,cover,test,all_tc,all,inject,,,0.35351839661598206,73728,86.63407893992544,97.20118466528234,3.9732590317726135
105,8,cover,test,tc_error,all,inject,,,0.35351839661598206,,0.20673389529636266,8.708988246662242,
105,8,cover,test,k_attr_10,all,inject,,10,0.35351839661598206,10,0.06996226387735449,0.07350366948414211,0.016756595869082958
105,8,cover,test,k_random_10,all,inject,,10,0.35351839661598206,10,-0.06743320264550601,-0.0656707798084403,0.012294400949031115
105,8,cover,test,k_magnitude_10,all,inject,,10,0.35351839661598206,10,-0.4160137122327878,-0.25372106428993774,-0.5150096956640482
105,8,cover,test,k_oracle_10,all,inject,,10,0.35351839661598206,10,16.66922804368094,21.513792751599656,6.350620836019516
105,8,cover,test,k_attr_30,all,inject,,30,0.35351839661598206,30,0.058353872823124764,0.06359683867689266,-0.1223009661771357
105,8,cover,test,k_random_30,all,inject,,30,0.35351839661598206,30,0.07761688920578935,0.07965334420591931,0.005853865877725184
105,8,cover,test,k_magnitude_30,all,inject,,30,0.35351839661598206,30,-0.34000699201128803,-0.16035801589495688,-0.5577025003731251
105,8,cover,test,k_oracle_30,all,inject,,30,0.35351839661598206,30,22.7218111045852,28.060758136942912,12.867525219917297
105,8,cover,test,k_attr_100,all,inject,,100,0.35351839661598206,100,0.7895982071990715,0.8713978313404317,0.24436591193079948
105,8,cover,test,k_random_100,all,inject,,100,0.35351839661598206,100,-0.06666605407184001,-0.06038231146977333,-0.19410091917961836
105,8,cover,test,k_magnitude_100,all,inject,,100,0.35351839661598206,100,1.695010558409138,1.9541313937171925,1.5895839780569077
105,8,cover,test,k_oracle_100,all,inject,,100,0.35351839661598206,100,45.589612268779526,58.470221592757355,26.25107169151306
105,8,cover,test,k_attr_300,all,inject,,300,0.35351839661598206,300,2.0319573863298634,2.1349884729730793,1.046463567763567
105,8,cover,test,k_random_300,all,inject,,300,0.35351839661598206,300,0.6226633054880915,0.6384523996143558,0.4427391104400158
105,8,cover,test,k_magnitude_300,all,inject,,300,0.35351839661598206,300,2.6919159147837823,3.124367725022304,2.2467169910669327
105,8,cover,test,k_oracle_300,all,inject,,300,0.35351839661598206,300,65.48066621205386,89.94138592930904,46.39236629009247
105,8,cover,test,k_attr_1000,all,inject,,1000,0.35351839661598206,1000,4.702485873296225,5.049389396792229,2.154356986284256
105,8,cover,test,k_random_1000,all,inject,,1000,0.35351839661598206,1000,-0.25605901952174825,-0.22638799755680228,-0.40298309177160263
105,8,cover,test,k_magnitude_1000,all,inject,,1000,0.35351839661598206,1000,15.008638008637421,20.367127195411342,3.9565857499837875
105,8,cover,test,k_oracle_1000,all,inject,,1000,0.35351839661598206,1000,48.03605328529691,109.86825133671651,78.74957919120789
105,8,cover,test,k_attr_3000,all,inject,,3000,0.35351839661598206,3000,26.15757450888371,31.922599949592424,4.331691935658455
105,8,cover,test,k_random_3000,all,inject,,3000,0.35351839661598206,3000,1.159094053173848,1.5599706275568983,0.9255189448595047
105,8,cover,test,k_magnitude_3000,all,inject,,3000,0.35351839661598206,3000,16.44299508628694,22.102028686969817,3.2505668699741364
105,8,cover,test,k_oracle_3000,all,inject,,3000,0.35351839661598206,3000,35.13811498444333,122.42584286615043,113.07833194732666
105,8,cover,test,k_attr_30,all,remove,,30,0.35351839661598206,30,3.619390110139775,3.7344978166890943,5.286257714033127
105,8,cover,test,k_attr_100,all,remove,,100,0.35351839661598206,100,28.049050973987843,34.71511869763564,39.97883498668671
105,8,cover,test,k_attr_300,all,remove,,300,0.35351839661598206,300,46.36173887796849,59.01959878010174,60.45605540275574
105,8,cover,test,k_attr_1000,all,remove,,1000,0.35351839661598206,1000,68.75575203363921,91.89200220118903,113.98071050643921
105,8,cover,test,mlp_ceiling,occluder_tokens,inject,,,0.35351839661598206,,81.06886600013539,92.47350331791745,
105,8,cover,test,attr,occluder_tokens,inject,,,0.35351839661598206,,0.1207289530049005,0.1502284325009397,
105,8,cover,test,mlp_ceiling,other_tokens,inject,,,0.35351839661598206,,2.188169068417767,7.937691263180753,
105,8,cover,test,attr,other_tokens,inject,,,0.35351839661598206,,0.5283040309273845,0.5934212033849822,
105,8,paint,test,sel_capped,all,inject,,,0.16399092972278595,12,-0.15084625558086096,-0.14259248009176087,-0.10724411113187671
105,8,paint,test,rand_sel_same_norm,all,inject,0,,0.16399092972278595,12,0.0,0.0,
105,8,paint,test,rand_sel_same_norm,all,inject,1,,0.16399092972278595,12,0.13695288019485163,0.14285567293500778,
105,8,paint,test,rand_sel_same_norm,all,inject,2,,0.16399092972278595,12,-0.010912978311705679,-0.009252002063829253,
105,8,paint,test,sel_capped,all,remove,,,0.16399092972278595,12,0.9794239019667472,0.9985027501364518,0.18983820918947458
105,8,paint,test,attr,all,inject,,,0.16399092972278595,100,-2.392513751397618,-2.1072889216510635,-2.9707951471209526
105,8,paint,test,rand_attr_same_norm,all,inject,0,,0.16399092972278595,100,0.21321651630654692,0.23143170058171492,
105,8,paint,test,rand_attr_same_norm,all,inject,1,,0.16399092972278595,100,-0.1552259854278537,-0.05284617437257739,
105,8,paint,test,rand_attr_same_norm,all,inject,2,,0.16399092972278595,100,-0.6442473566013351,-0.5097836798311574,
105,8,paint,test,attr,all,remove,,,0.16399092972278595,100,54.03642535899928,67.38375099027,20.368339121341705
105,8,paint,test,rand_attr_same_norm,all,remove,0,,0.16399092972278595,100,0.02951320029677129,0.07698675625644455,
105,8,paint,test,rand_attr_same_norm,all,remove,1,,0.16399092972278595,100,5.624418175151935,6.0846354220756425,
105,8,paint,test,rand_attr_same_norm,all,remove,2,,0.16399092972278595,100,4.697778195760294,5.174860480721815,
105,8,paint,test,mlp_ceiling,all,inject,,,0.16399092972278595,,92.95359792080957,96.32489387051366,
105,8,paint,test,mlp_ceiling,all,remove,,,0.16399092972278595,,93.30270191622267,102.69389914651619,
105,8,paint,test,all_tc,all,inject,,,0.16399092972278595,73728,22.31487804224258,28.279048789623843,2.58084237575531
105,8,paint,test,k_attr_10,all,inject,,10,0.16399092972278595,10,-0.7785196967446062,-0.7472430308244872,-0.8698799647390842
105,8,paint,test,k_random_10,all,inject,,10,0.16399092972278595,10,0.1528180426696557,0.16002999540364768,-0.011662626639008522
105,8,paint,test,k_attr_30,all,inject,,30,0.16399092972278595,30,-1.2411627364951938,-1.1969397845423755,-1.3439636677503586
105,8,paint,test,k_random_30,all,inject,,30,0.16399092972278595,30,-0.16280419018386283,-0.15373315610130436,-0.0013963019227958284
105,8,paint,test,k_attr_100,all,inject,,100,0.16399092972278595,100,-2.392513751397618,-2.1072889216510635,-2.9707951471209526
105,8,paint,test,k_random_100,all,inject,,100,0.16399092972278595,100,-0.0003907227871691177,0.011410379412597014,0.04505682736635208
105,8,paint,test,k_attr_300,all,inject,,300,0.16399092972278595,300,-1.6087601866201062,-1.253319728508722,-2.9446303844451904
105,8,paint,test,k_random_300,all,inject,,300,0.16399092972278595,300,0.419191031185584,0.4387505435783137,0.2471101237460971
105,8,paint,test,k_attr_1000,all,inject,,1000,0.16399092972278595,1000,-2.1737089905767615,-1.3822960950610566,-5.487323179841042
105,8,paint,test,k_random_1000,all,inject,,1000,0.16399092972278595,1000,-0.4885125228925036,-0.3837168013217717,-0.5907921120524406
105,8,paint,test,k_attr_3000,all,inject,,3000,0.16399092972278595,3000,-0.4309854074125541,0.9163958442652691,-7.039929926395416
105,8,paint,test,k_random_3000,all,inject,,3000,0.16399092972278595,3000,-0.43909972017888155,-0.24622414760790587,-0.5160561762750149
106,8,cover,test,sel_capped,all,inject,,,0.4626724123954773,129,0.22680616900412343,0.25020145589854087,0.16038381727412343
106,8,cover,test,rand_sel_same_norm,all,inject,0,,0.4626724123954773,129,-0.2696861970368447,-0.2655414359373584,
106,8,cover,test,rand_sel_same_norm,all,inject,1,,0.4626724123954773,129,-0.013146783418171992,-0.00768997311916579,
106,8,cover,test,rand_sel_same_norm,all,inject,2,,0.4626724123954773,129,-0.12835022361126214,-0.12337911852133486,
106,8,cover,test,rand_sel_same_norm,all,inject,3,,0.4626724123954773,129,-0.38465774884040016,-0.37871560953778444,
106,8,cover,test,rand_sel_same_norm,all,inject,4,,0.4626724123954773,129,-0.2094209811326575,-0.20440436786746038,
106,8,cover,test,sel_uncapped,all,inject,,,0.4626724123954773,457,6.76689612881658,9.617487889893496,1.1357237584888935
106,8,cover,test,sel_target,all,inject,,,0.4626724123954773,129,0.609454218468497,0.6292906136618905,
106,8,cover,test,sel_xtask,all,inject,,,0.4626724123954773,132,-0.22111202077204073,-0.20782543079088134,-0.18076066626235843
106,8,cover,test,color,all,inject,,,0.4626724123954773,130,0.2677602351348285,0.27519442168831737,
106,8,cover,test,sel_capped,all,remove,,,0.4626724123954773,129,-0.39302505489635653,-0.38513156184733477,-0.38003488443791866
106,8,cover,test,attr,all,inject,,,0.4626724123954773,100,0.15738780305719624,0.2354755173843799,0.22174669429659843
106,8,cover,test,rand_attr_same_norm,all,inject,0,,0.4626724123954773,100,0.3606701832111536,0.36817312475369923,
106,8,cover,test,rand_attr_same_norm,all,inject,1,,0.4626724123954773,100,0.16911104941734756,0.17237906138528214,
106,8,cover,test,rand_attr_same_norm,all,inject,2,,0.4626724123954773,100,-0.3297195245514972,-0.3186009562070851,
106,8,cover,test,rand_attr_same_norm,all,inject,3,,0.4626724123954773,100,-0.7299524435561144,-0.6925564213349681,
106,8,cover,test,rand_attr_same_norm,all,inject,4,,0.4626724123954773,100,-0.02093436850028052,-0.015348512260560002,
106,8,cover,test,attr,all,remove,,,0.4626724123954773,100,-7.1490095467161785,-4.313035306421081,-1.2297184206545353
106,8,cover,test,rand_attr_same_norm,all,remove,0,,0.4626724123954773,100,0.1252712611056861,0.12901734589144845,
106,8,cover,test,rand_attr_same_norm,all,remove,1,,0.4626724123954773,100,-0.9661243269600606,-0.9577525111223576,
106,8,cover,test,rand_attr_same_norm,all,remove,2,,0.4626724123954773,100,-0.5607447739764515,-0.5462606004800256,
106,8,cover,test,attr_xtask,all,inject,,,0.4626724123954773,100,3.6539362087923077,4.276444684536435,0.8163610473275185
106,8,cover,test,rand_attr_raw,all,inject,0,,0.4626724123954773,100,0.22174327249913084,0.23580873147079878,0.4938188474625349
106,8,cover,test,rand_attr_raw,all,inject,1,,0.4626724123954773,100,-0.27532881451570734,-0.27009390328563965,-0.3985858056694269
106,8,cover,test,single_attr_0,all,inject,,,0.4626724123954773,1,0.0,0.0,0.0
106,8,cover,test,single_attr_1,all,inject,,,0.4626724123954773,1,0.0,0.0,0.0
106,8,cover,test,single_attr_2,all,inject,,,0.4626724123954773,1,-0.11145457789549784,-0.11020840116681653,-0.03757566155400127
106,8,cover,test,mlp_ceiling,all,inject,,,0.4626724123954773,,76.72052811292448,84.00620754334639,
106,8,cover,test,mlp_ceiling,all,remove,,,0.4626724123954773,,51.0948256038277,65.1608503193891,
106,8,cover,test,all_tc,all,inject,,,0.4626724123954773,73728,52.07113369589512,64.1935947032222,21.24110907316208
106,8,cover,test,tc_error,all,inject,,,0.4626724123954773,,28.39616327776815,40.29378145903745,
106,8,cover,test,k_attr_10,all,inject,,10,0.4626724123954773,10,0.0885169513633377,0.09112444642786226,-0.046006235061213374
106,8,cover,test,k_random_10,all,inject,,10,0.4626724123954773,10,-0.19750449444788654,-0.1935190230120027,-0.1406123978085816
106,8,cover,test,k_magnitude_10,all,inject,,10,0.4626724123954773,10,0.7082902031664395,0.8119675893632686,0.6758684758096933
106,8,cover,test,k_oracle_10,all,inject,,10,0.4626724123954773,10,13.541180479377712,16.93498219506309,7.6541028916835785
106,8,cover,test,k_attr_30,all,inject,,30,0.4626724123954773,30,0.9732677776267629,1.0047662860184658,0.5723436828702688
106,8,cover,test,k_random_30,all,inject,,30,0.4626724123954773,30,0.02466390676540975,0.026611671452454147,-0.012956795399077237
106,8,cover,test,k_magnitude_30,all,inject,,30,0.4626724123954773,30,0.05386251981518431,0.20276990046648222,-0.32163155265152454
106,8,cover,test,k_oracle_30,all,inject,,30,0.4626724123954773,30,26.51409269480718,34.142949662485194,17.525921761989594
106,8,cover,test,k_attr_100,all,inject,,100,0.4626724123954773,100,0.15738780305719624,0.2354755173843799,0.22174669429659843
106,8,cover,test,k_random_100,all,inject,,100,0.4626724123954773,100,0.23265490949588852,0.2531637677107444,0.26193258818238974
106,8,cover,test,k_magnitude_100,all,inject,,100,0.4626724123954773,100,0.2710324379650242,0.47780517334737904,0.6346146576106548
106,8,cover,test,k_oracle_100,all,inject,,100,0.4626724123954773,100,36.471644236832766,47.40015335564763,40.30622839927673
106,8,cover,test,k_attr_300,all,inject,,300,0.4626724123954773,300,-0.27744157539819625,-0.2037461934755624,-0.34035597927868366
106,8,cover,test,k_random_300,all,inject,,300,0.4626724123954773,300,0.37865441608893047,0.4064152585941788,0.32185730524361134
106,8,cover,test,k_magnitude_300,all,inject,,300,0.4626724123954773,300,2.114564458853019,2.480161013247036,3.4488778561353683
106,8,cover,test,k_oracle_300,all,inject,,300,0.4626724123954773,300,56.54429615754497,71.95219906499896,79.2438805103302
106,8,cover,test,k_attr_1000,all,inject,,1000,0.4626724123954773,1000,4.787773813488306,6.9632755992427935,0.7623760029673576
106,8,cover,test,k_random_1000,all,inject,,1000,0.4626724123954773,1000,0.5658334358580652,0.6481525516378811,0.4894169978797436
106,8,cover,test,k_magnitude_1000,all,inject,,1000,0.4626724123954773,1000,8.883173985214544,12.320905602776287,5.001357942819595
106,8,cover,test,k_oracle_1000,all,inject,,1000,0.4626724123954773,1000,64.27570627728312,87.82494646299354,145.4405665397644
106,8,cover,test,k_attr_3000,all,inject,,3000,0.4626724123954773,3000,21.99181820465568,28.979316844376605,7.860210537910461
106,8,cover,test,k_random_3000,all,inject,,3000,0.4626724123954773,3000,8.124956923510974,10.91645401214422,1.8718257546424866
106,8,cover,test,k_magnitude_3000,all,inject,,3000,0.4626724123954773,3000,11.614535794871529,16.37863646870618,8.460699766874313
106,8,cover,test,k_oracle_3000,all,inject,,3000,0.4626724123954773,3000,69.46783547003454,109.34344231495747,220.61634063720703
106,8,cover,test,k_attr_30,all,remove,,30,0.4626724123954773,30,0.7486709896674437,0.7689854781824607,0.7609623484313488
106,8,cover,test,k_attr_100,all,remove,,100,0.4626724123954773,100,-7.1490095467161785,-4.313035306421081,-1.2297184206545353
106,8,cover,test,k_attr_300,all,remove,,300,0.4626724123954773,300,-7.909043067471155,-5.00458743155766,-3.709876537322998
106,8,cover,test,k_attr_1000,all,remove,,1000,0.4626724123954773,1000,-6.345973612389533,-3.365300458946815,-3.707931935787201
106,8,cover,test,mlp_ceiling,occluder_tokens,inject,,,0.4626724123954773,,16.849087680220755,20.989697626653335,
106,8,cover,test,attr,occluder_tokens,inject,,,0.4626724123954773,,0.24232336707095126,0.2622844939785506,
106,8,cover,test,mlp_ceiling,other_tokens,inject,,,0.4626724123954773,,25.70904061976037,38.470178130832934,
106,8,cover,test,attr,other_tokens,inject,,,0.4626724123954773,,-0.266987273836361,-0.2172320560972617,
106,8,paint,test,sel_capped,all,inject,,,0.13416078686714172,12,-0.37573675125046613,-0.33737572177193803,-0.006946362555027008
106,8,paint,test,rand_sel_same_norm,all,inject,0,,0.13416078686714172,12,0.0,0.0,
106,8,paint,test,rand_sel_same_norm,all,inject,1,,0.13416078686714172,12,0.5089867380887458,0.5331990255014416,
106,8,paint,test,rand_sel_same_norm,all,inject,2,,0.13416078686714172,12,0.10400540774806455,0.12123139735368897,
106,8,paint,test,sel_capped,all,remove,,,0.13416078686714172,12,-0.4805751796714608,-0.43052626361417895,-0.19951749127358198
106,8,paint,test,attr,all,inject,,,0.13416078686714172,100,7.286037529469491,7.765302870776094,8.935556560754776
106,8,paint,test,rand_attr_same_norm,all,inject,0,,0.13416078686714172,100,-0.041950921087607895,0.013913835595046251,
106,8,paint,test,rand_attr_same_norm,all,inject,1,,0.13416078686714172,100,-0.41745442654967935,-0.22160626685569518,
106,8,paint,test,rand_attr_same_norm,all,inject,2,,0.13416078686714172,100,-1.146714044439756,-0.8707091304031893,
106,8,paint,test,attr,all,remove,,,0.13416078686714172,100,11.414382468446838,12.372847599158606,12.753768265247345
106,8,paint,test,rand_attr_same_norm,all,remove,0,,0.13416078686714172,100,0.8653863027854647,0.9049045957244534,
106,8,paint,test,rand_attr_same_norm,all,remove,1,,0.13416078686714172,100,-0.6063390873958685,-0.46019711252432555,
106,8,paint,test,rand_attr_same_norm,all,remove,2,,0.13416078686714172,100,-0.8604103926326268,-0.5667493926651281,
106,8,paint,test,mlp_ceiling,all,inject,,,0.13416078686714172,,94.27602444049333,99.45012682219385,
106,8,paint,test,mlp_ceiling,all,remove,,,0.13416078686714172,,94.38649790667458,100.57305011350037,
106,8,paint,test,all_tc,all,inject,,,0.13416078686714172,73728,46.25617740363672,68.93015204281754,96.13860249519348
106,8,paint,test,k_attr_10,all,inject,,10,0.13416078686714172,10,-0.1420022573749513,-0.07088398163027262,0.5097926594316959
106,8,paint,test,k_random_10,all,inject,,10,0.13416078686714172,10,0.24822905358411473,0.27488611761537945,-0.01368154917145148
106,8,paint,test,k_attr_30,all,inject,,30,0.13416078686714172,30,0.7355905750041858,0.8007834231925283,0.5385514348745346
106,8,paint,test,k_random_30,all,inject,,30,0.13416078686714172,30,-0.35416706929332076,-0.32721440572013133,-0.06316164508461952
106,8,paint,test,k_attr_100,all,inject,,100,0.13416078686714172,100,7.286037529469491,7.765302870776094,8.935556560754776
106,8,paint,test,k_random_100,all,inject,,100,0.13416078686714172,100,-0.04760435472108693,-3.595746616939448e-05,-0.3172738943248987
106,8,paint,test,k_attr_300,all,inject,,300,0.13416078686714172,300,15.824382803876503,16.734213077937934,16.40116572380066
106,8,paint,test,k_random_300,all,inject,,300,0.13416078686714172,300,0.06795227302464069,0.16889939974234394,-0.03792386851273477
106,8,paint,test,k_attr_1000,all,inject,,1000,0.13416078686714172,1000,17.95949253713439,22.04397940870808,29.766476154327393
106,8,paint,test,k_random_1000,all,inject,,1000,0.13416078686714172,1000,-0.4231078601831362,-0.04206064823890864,1.8218012526631355
106,8,paint,test,k_attr_3000,all,inject,,3000,0.13416078686714172,3000,28.245337472224318,30.998833584000497,47.07600176334381
106,8,paint,test,k_random_3000,all,inject,,3000,0.13416078686714172,3000,0.8617765465361971,2.1414541010384207,2.3552067577838898
107,8,cover,test,sel_capped,all,inject,,,1.001736044883728,129,-0.07773256072023393,-0.06609859196688563,-0.18543921178206801
107,8,cover,test,rand_sel_same_norm,all,inject,0,,1.001736044883728,129,-0.03476068736432136,-0.03432259666183545,
107,8,cover,test,rand_sel_same_norm,all,inject,1,,1.001736044883728,129,-0.0034629784399164976,-0.002498102705259415,
107,8,cover,test,rand_sel_same_norm,all,inject,2,,1.001736044883728,129,0.032725741270767106,0.03589198901135806,
107,8,cover,test,rand_sel_same_norm,all,inject,3,,1.001736044883728,129,0.11406408366555487,0.11517932065112556,
107,8,cover,test,rand_sel_same_norm,all,inject,4,,1.001736044883728,129,0.02349113209763054,0.024058538661030446,
107,8,cover,test,sel_uncapped,all,inject,,,1.001736044883728,457,0.15026470364579714,0.2120468470645052,-0.007536281191278249
107,8,cover,test,sel_target,all,inject,,,1.001736044883728,129,-0.03893768197742453,-0.02181645503800574,
107,8,cover,test,sel_xtask,all,inject,,,1.001736044883728,132,-0.013328301899373507,-0.008504648604955478,-0.014534083311446011
107,8,cover,test,color,all,inject,,,1.001736044883728,130,-0.042031752061211236,-0.03899796891873169,
107,8,cover,test,sel_capped,all,remove,,,1.001736044883728,129,-0.2223803371370181,-0.21815654859046965,-0.20010904408991337
107,8,cover,test,attr,all,inject,,,1.001736044883728,100,0.37460263512428815,0.40642255218593726,0.4826027899980545
107,8,cover,test,rand_attr_same_norm,all,inject,0,,1.001736044883728,100,-0.07158012136132541,-0.06251141854525628,
107,8,cover,test,rand_attr_same_norm,all,inject,1,,1.001736044883728,100,0.08722897582352784,0.08969792294273979,
107,8,cover,test,rand_attr_same_norm,all,inject,2,,1.001736044883728,100,0.07423388147165255,0.07583111009280753,
107,8,cover,test,rand_attr_same_norm,all,inject,3,,1.001736044883728,100,0.4824309775440683,0.4961990674671308,
107,8,cover,test,rand_attr_same_norm,all,inject,4,,1.001736044883728,100,0.03417757415623557,0.03508542686465192,
107,8,cover,test,attr,all,remove,,,1.001736044883728,100,0.3113051013718504,0.34811874698922274,0.17999521223828197
107,8,cover,test,rand_attr_same_norm,all,remove,0,,1.001736044883728,100,0.13610338287772805,0.15242742207474097,
107,8,cover,test,rand_attr_same_norm,all,remove,1,,1.001736044883728,100,0.06731982486135601,0.06933465823192125,
107,8,cover,test,rand_attr_same_norm,all,remove,2,,1.001736044883728,100,0.0924531941573048,0.09365291987885031,
107,8,cover,test,attr_xtask,all,inject,,,1.001736044883728,100,0.2723257684509761,0.3056291254817244,0.35703484900295734
107,8,cover,test,rand_attr_raw,all,inject,0,,1.001736044883728,100,0.02419324800125855,0.02678710648315494,0.007864886720199138
107,8,cover,test,rand_attr_raw,all,inject,1,,1.001736044883728,100,0.0592038410262008,0.06039490277198745,0.057719473261386156
107,8,cover,test,single_attr_0,all,inject,,,1.001736044883728,1,0.0,0.0,0.0
107,8,cover,test,single_attr_1,all,inject,,,1.001736044883728,1,0.0,0.0,0.0
107,8,cover,test,single_attr_2,all,inject,,,1.001736044883728,1,0.0,0.0,0.0
107,8,cover,test,mlp_ceiling,all,inject,,,1.001736044883728,,64.09610729092626,81.12154885852874,
107,8,cover,test,mlp_ceiling,all,remove,,,1.001736044883728,,77.43384907911549,92.39819141348912,
107,8,cover,test,all_tc,all,inject,,,1.001736044883728,73728,28.20736957512825,41.78856332138175,12.407045066356659
107,8,cover,test,tc_error,all,inject,,,1.001736044883728,,4.210351068662055,14.776766722369667,
107,8,cover,test,k_attr_10,all,inject,,10,1.001736044883728,10,0.023241226437020757,0.023541290423595075,0.017367269902024418
107,8,cover,test,k_random_10,all,inject,,10,1.001736044883728,10,0.014316024272265082,0.014481882540805046,-0.001486290420871228
107,8,cover,test,k_magnitude_10,all,inject,,10,1.001736044883728,10,0.7855010923852435,0.8291851829831389,0.8117808029055595
107,8,cover,test,k_oracle_10,all,inject,,10,1.001736044883728,10,2.856510952829594,3.090262559763712,3.661510720849037
107,8,cover,test,k_attr_30,all,inject,,30,1.001736044883728,30,-0.0736388679940081,-0.07056460881216278,0.005188431896385737
107,8,cover,test,k_random_30,all,inject,,30,1.001736044883728,30,0.10368704861534184,0.10420622814796966,0.0585434609092772
107,8,cover,test,k_magnitude_30,all,inject,,30,1.001736044883728,30,0.8161145358103528,0.875122345411141,0.8864074945449829
107,8,cover,test,k_oracle_30,all,inject,,30,1.001736044883728,30,5.389911736890751,6.053271446292252,7.368467748165131
107,8,cover,test,k_attr_100,all,inject,,100,1.001736044883728,100,0.37460263512428815,0.40642255218593726,0.4826027899980545
107,8,cover,test,k_random_100,all,inject,,100,1.001736044883728,100,0.008389690034871222,0.011430766441282327,0.028269150061532855
107,8,cover,test,k_magnitude_100,all,inject,,100,1.001736044883728,100,0.7227747715713551,0.814276296141791,0.7663766387850046
107,8,cover,test,k_oracle_100,all,inject,,100,1.001736044883728,100,9.157388324002923,10.65967107714402,14.81034904718399
107,8,cover,test,k_attr_300,all,inject,,300,1.001736044883728,300,0.15947551227982748,0.22257557295352298,0.21022527944296598
107,8,cover,test,k_random_300,all,inject,,300,1.001736044883728,300,0.30577147602970367,0.31286328633856114,0.21022353321313858
107,8,cover,test,k_magnitude_300,all,inject,,300,1.001736044883728,300,0.8073856880932206,0.9477105075301582,0.8472833782434464
107,8,cover,test,k_oracle_300,all,inject,,300,1.001736044883728,300,13.7821424793093,17.069303096729975,26.151037216186523
107,8,cover,test,k_attr_1000,all,inject,,1000,1.001736044883728,1000,1.7895565852462103,1.9474842729246578,1.4960283413529396
107,8,cover,test,k_random_1000,all,inject,,1000,1.001736044883728,1000,0.11463529660410421,0.13569131851983846,0.13397559523582458
107,8,cover,test,k_magnitude_1000,all,inject,,1000,1.001736044883728,1000,1.443597898936011,1.7633435270373883,1.0502568446099758
107,8,cover,test,k_oracle_1000,all,inject,,1000,1.001736044883728,1000,21.336790599643873,27.848121448759958,45.649653673172
107,8,cover,test,k_attr_3000,all,inject,,3000,1.001736044883728,3000,6.095609621653542,7.704243440763196,3.9061877876520157
107,8,cover,test,k_random_3000,all,inject,,3000,1.001736044883728,3000,1.8639154195481678,2.0048268451155375,1.35776000097394
107,8,cover,test,k_magnitude_3000,all,inject,,3000,1.001736044883728,3000,2.391382967215594,3.004714994522384,1.8233677372336388
107,8,cover,test,k_oracle_3000,all,inject,,3000,1.001736044883728,3000,25.86839539502409,34.345000841106035,67.98169016838074
107,8,cover,test,k_attr_30,all,remove,,30,1.001736044883728,30,0.1842935244326216,0.1878198041217845,0.16086231917142868
107,8,cover,test,k_attr_100,all,remove,,100,1.001736044883728,100,0.3113051013718504,0.34811874698922274,0.17999521223828197
107,8,cover,test,k_attr_300,all,remove,,300,1.001736044883728,300,0.32174163776983455,0.39900653093202193,0.21715559996664524
107,8,cover,test,k_attr_1000,all,remove,,1000,1.001736044883728,1000,1.7318759787227966,1.8232956839182612,1.0707120411098003
107,8,cover,test,mlp_ceiling,occluder_tokens,inject,,,1.001736044883728,,6.002745868196657,10.232337294641528,
107,8,cover,test,attr,occluder_tokens,inject,,,1.001736044883728,,-0.019540242606042035,-0.013104784523166737,
107,8,cover,test,mlp_ceiling,other_tokens,inject,,,1.001736044883728,,9.560254099315602,22.961204157983346,
107,8,cover,test,attr,other_tokens,inject,,,1.001736044883728,,0.44389195459666464,0.46377496751141056,
107,8,paint,test,sel_capped,all,inject,,,0.4296056926250458,12,-0.2670935316428702,-0.2622964562215247,-0.1432063290849328
107,8,paint,test,rand_sel_same_norm,all,inject,0,,0.4296056926250458,12,0.0856874786466344,0.0867127153823327,
107,8,paint,test,rand_sel_same_norm,all,inject,1,,0.4296056926250458,12,-0.0863118207028446,-0.0852466966004618,
107,8,paint,test,rand_sel_same_norm,all,inject,2,,0.4296056926250458,12,-0.044411531597776666,-0.04311451738929522,
107,8,paint,test,sel_capped,all,remove,,,0.4296056926250458,12,-0.05192444767405657,-0.04787324940724184,-0.03632514562923461
107,8,paint,test,attr,all,inject,,,0.4296056926250458,100,-0.7070951271836767,-0.5863817226009903,-0.6607278250157833
107,8,paint,test,rand_attr_same_norm,all,inject,0,,0.4296056926250458,100,0.23314319805344264,0.24669521637518418,
107,8,paint,test,rand_attr_same_norm,all,inject,1,,0.4296056926250458,100,0.8876409755691483,0.9157390210558329,
107,8,paint,test,rand_attr_same_norm,all,inject,2,,0.4296056926250458,100,-0.44661268420258526,-0.427041933764627,
107,8,paint,test,attr,all,remove,,,0.4296056926250458,100,2.528557579078994,2.6663063120255353,2.292589657008648
107,8,paint,test,rand_attr_same_norm,all,remove,0,,0.4296056926250458,100,0.7712566791592934,0.8105491760440073,
107,8,paint,test,rand_attr_same_norm,all,remove,1,,0.4296056926250458,100,0.29129025488764393,0.3577403706325608,
107,8,paint,test,rand_attr_same_norm,all,remove,2,,0.4296056926250458,100,-0.6332840218727931,-0.6108156034912939,
107,8,paint,test,mlp_ceiling,all,inject,,,0.4296056926250458,,91.78023246335893,98.0996896693251,
107,8,paint,test,mlp_ceiling,all,remove,,,0.4296056926250458,,69.10461024579999,92.12454565049856,
107,8,paint,test,all_tc,all,inject,,,0.4296056926250458,73728,55.92244284235189,63.781876806694406,59.63695049285889
107,8,paint,test,k_attr_10,all,inject,,10,0.4296056926250458,10,0.08054012524995047,0.08166385574052694,-0.056286650942638516
107,8,paint,test,k_random_10,all,inject,,10,0.4296056926250458,10,-0.028289632279876464,-0.02709852445293515,0.024568551452830434
107,8,paint,test,k_attr_30,all,inject,,30,0.4296056926250458,30,-0.4457247310559964,-0.4302981359490479,-0.1676548272371292
107,8,paint,test,k_random_30,all,inject,,30,0.4296056926250458,30,-0.07983947472021136,-0.07835481604935172,-0.04992139874957502
107,8,paint,test,k_attr_100,all,inject,,100,0.4296056926250458,100,-0.7070951271836767,-0.5863817226009903,-0.6607278250157833
107,8,paint,test,k_random_100,all,inject,,100,0.4296056926250458,100,-0.2394351785531601,-0.23456658065644828,-0.077131757279858
107,8,paint,test,k_attr_300,all,inject,,300,0.4296056926250458,300,4.670876350790055,5.055477882664887,3.9061859250068665
107,8,paint,test,k_random_300,all,inject,,300,0.4296056926250458,300,0.17304680657709293,0.18820168578059532,0.3818029072135687
107,8,paint,test,k_attr_1000,all,inject,,1000,0.4296056926250458,1000,10.617110094050197,11.81973212941173,10.913559794425964
107,8,paint,test,k_random_1000,all,inject,,1000,0.4296056926250458,1000,1.805735969212996,1.8553134900832962,1.9702006131410599
107,8,paint,test,k_attr_3000,all,inject,,3000,0.4296056926250458,3000,19.64257804709273,22.703493951356922,20.83987146615982
107,8,paint,test,k_random_3000,all,inject,,3000,0.4296056926250458,3000,1.4863711331981722,1.6620357588928487,1.1710608378052711
114,9,cover,test,sel_capped,all,inject,,,1.0579086542129517,129,-0.16344801964216504,-0.1595704730648736,-0.10881648631766438
114,9,cover,test,rand_sel_same_norm,all,inject,0,,1.0579086542129517,129,-0.008203389058913935,-0.00768449455424328,
114,9,cover,test,rand_sel_same_norm,all,inject,1,,1.0579086542129517,129,-0.2122739602908652,-0.21015114722640504,
114,9,cover,test,rand_sel_same_norm,all,inject,2,,1.0579086542129517,129,-0.16751590899692914,-0.16647278448034614,
114,9,cover,test,rand_sel_same_norm,all,inject,3,,1.0579086542129517,129,0.003673495650002856,0.004890248059655672,
114,9,cover,test,rand_sel_same_norm,all,inject,4,,1.0579086542129517,129,-0.035416554687017765,-0.03410854715721437,
114,9,cover,test,sel_uncapped,all,inject,,,1.0579086542129517,457,-0.3844324466123261,-0.36661732549084014,-0.3998524509370327
114,9,cover,test,sel_target,all,inject,,,1.0579086542129517,129,-0.15112039927065446,-0.1472268810246765,
114,9,cover,test,sel_xtask,all,inject,,,1.0579086542129517,126,0.04400306905912865,0.045838585695608225,0.06304686539806426
114,9,cover,test,color,all,inject,,,1.0579086542129517,130,0.07630954767436915,0.07718139073176408,
114,9,cover,test,sel_capped,all,remove,,,1.0579086542129517,129,5.854053370032231,7.789668867949812,2.0196525380015373
114,9,cover,test,attr,all,inject,,,1.0579086542129517,100,0.3439901892875685,0.3595238944001906,0.3579846117645502
114,9,cover,test,rand_attr_same_norm,all,inject,0,,1.0579086542129517,100,-0.09687436227947543,-0.09591491542450402,
114,9,cover,test,rand_attr_same_norm,all,inject,1,,1.0579086542129517,100,-0.019618269713683745,-0.01892015549019582,
114,9,cover,test,rand_attr_same_norm,all,inject,2,,1.0579086542129517,100,0.017319517834535336,0.018275514608106988,
114,9,cover,test,rand_attr_same_norm,all,inject,3,,1.0579086542129517,100,-0.030819050928743152,-0.02952091032210049,
114,9,cover,test,rand_attr_same_norm,all,inject,4,,1.0579086542129517,100,-0.1440325809766385,-0.1426467953948816,
114,9,cover,test,attr,all,remove,,,1.0579086542129517,100,7.727834763911989,10.461541404088521,2.4050869047641754
114,9,cover,test,rand_attr_same_norm,all,remove,0,,1.0579086542129517,100,0.017871669021196634,0.01980807452410081,
114,9,cover,test,rand_attr_same_norm,all,remove,1,,1.0579086542129517,100,-0.03490947706663583,-0.034534971520052055,
114,9,cover,test,rand_attr_same_norm,all,remove,2,,1.0579086542129517,100,0.30123791169209824,0.304597347510164,
114,9,cover,test,attr_xtask,all,inject,,,1.0579086542129517,100,0.5594305676080435,0.5824843204931556,0.5507513415068388
114,9,cover,test,rand_attr_raw,all,inject,0,,1.0579086542129517,100,-0.09011332734081279,-0.08928294096358518,-0.05338022019714117
114,9,cover,test,rand_attr_raw,all,inject,1,,1.0579086542129517,100,0.0655933072965853,0.06636658871110176,0.10200643446296453
114,9,cover,test,single_attr_0,all,inject,,,1.0579086542129517,1,0.0,0.0,0.0
114,9,cover,test,single_attr_1,all,inject,,,1.0579086542129517,1,0.0,0.0,0.0
114,9,cover,test,single_attr_2,all,inject,,,1.0579086542129517,1,0.0,0.0,0.0
114,9,cover,test,mlp_ceiling,all,inject,,,1.0579086542129517,,65.11437811831608,82.808317278956,
114,9,cover,test,mlp_ceiling,all,remove,,,1.0579086542129517,,81.39050909578933,101.30758774228813,
114,9,cover,test,all_tc,all,inject,,,1.0579086542129517,73728,23.5375120811243,34.57425723444211,-1.274574175477028
114,9,cover,test,tc_error,all,inject,,,1.0579086542129517,,-2.3399040451384634,4.734790555039973,
114,9,cover,test,k_attr_10,all,inject,,10,1.0579086542129517,10,-0.013116407781010864,-0.012796205961230588,0.008788751438260078
114,9,cover,test,k_random_10,all,inject,,10,1.0579086542129517,10,-0.02599617933916054,-0.025767976495094404,-0.007595197530463338
114,9,cover,test,k_magnitude_10,all,inject,,10,1.0579086542129517,10,0.27021602971519787,0.2893391804235177,0.20001204684376717
114,9,cover,test,k_oracle_10,all,inject,,10,1.0579086542129517,10,0.11718000387858085,0.733891761813913,1.4869960956275463
114,9,cover,test,k_attr_30,all,inject,,30,1.0579086542129517,30,-0.058325194737518515,-0.057672690114458726,0.01700150896795094
114,9,cover,test,k_random_30,all,inject,,30,1.0579086542129517,30,-0.026075058080099467,-0.025549457547217127,0.0005245071406534407
114,9,cover,test,k_magnitude_30,all,inject,,30,1.0579086542129517,30,-0.964315144909822,-0.326755178335254,0.15392873901873827
114,9,cover,test,k_oracle_30,all,inject,,30,1.0579086542129517,30,1.634018192367448,2.210041457923404,3.008250705897808
114,9,cover,test,k_attr_100,all,inject,,100,1.0579086542129517,100,0.3439901892875685,0.3595238944001906,0.3579846117645502
114,9,cover,test,k_random_100,all,inject,,100,1.0579086542129517,100,-0.05782938550868977,-0.057171571587168415,-0.026633296511135995
114,9,cover,test,k_magnitude_100,all,inject,,100,1.0579086542129517,100,-1.1524184052949638,-0.49152858022612833,-0.008684014028403908
114,9,cover,test,k_oracle_100,all,inject,,100,1.0579086542129517,100,3.82226095544016,4.924693881303356,6.532019376754761
114,9,cover,test,k_attr_300,all,inject,,300,1.0579086542129517,300,-0.6022053819866313,0.01612883437439426,0.6169877015054226
114,9,cover,test,k_random_300,all,inject,,300,1.0579086542129517,300,-0.07017954266330673,-0.06709654870296108,0.006948731606826186
114,9,cover,test,k_magnitude_300,all,inject,,300,1.0579086542129517,300,-1.4388947240376648,-0.7303119807387984,-0.17768294783309102
114,9,cover,test,k_oracle_300,all,inject,,300,1.0579086542129517,300,7.121200904040514,9.010405986688216,12.526211142539978
114,9,cover,test,k_attr_1000,all,inject,,1000,1.0579086542129517,1000,-0.6350302066138402,0.0672372712153844,0.2860942855477333
114,9,cover,test,k_random_1000,all,inject,,1000,1.0579086542129517,1000,-1.417067849577336,-0.706919602024659,-0.0713766145054251
114,9,cover,test,k_magnitude_1000,all,inject,,1000,1.0579086542129517,1000,-0.7147653453237979,0.038857387960387575,0.31226142309606075
114,9,cover,test,k_oracle_1000,all,inject,,1000,1.0579086542129517,1000,13.102175802458781,15.978872808195742,23.993748426437378
114,9,cover,test,k_attr_3000,all,inject,,3000,1.0579086542129517,3000,-2.9600937800619453,0.15532076883535284,-0.30595995485782623
114,9,cover,test,k_random_3000,all,inject,,3000,1.0579086542129517,3000,-1.0206796395151319,-0.32529941246549426,0.23394457530230284
114,9,cover,test,k_magnitude_3000,all,inject,,3000,1.0579086542129517,3000,-1.700648191687959,0.0013153895334997098,0.42964606545865536
114,9,cover,test,k_oracle_3000,all,inject,,3000,1.0579086542129517,3000,16.10345555368876,20.37999324376123,37.85431385040283
114,9,cover,test,k_attr_30,all,remove,,30,1.0579086542129517,30,-0.02338191249620092,-0.019820658598254583,0.03833538212347776
114,9,cover,test,k_attr_100,all,remove,,100,1.0579086542129517,100,7.727834763911989,10.461541404088521,2.4050869047641754
114,9,cover,test,k_attr_300,all,remove,,300,1.0579086542129517,300,5.06957048609925,6.998891126079268,0.4364355467259884
114,9,cover,test,k_attr_1000,all,remove,,1000,1.0579086542129517,1000,13.904676844503294,19.165888099483745,5.036668479442596
114,9,cover,test,mlp_ceiling,occluder_tokens,inject,,,1.0579086542129517,,61.0575205188959,82.01352431965486,
114,9,cover,test,attr,occluder_tokens,inject,,,1.0579086542129517,,0.08727369266656737,0.101017864009601,
114,9,cover,test,mlp_ceiling,other_tokens,inject,,,1.0579086542129517,,-3.721149677932467,1.5121532344090753,
114,9,cover,test,attr,other_tokens,inject,,,1.0579086542129517,,0.21933924180176367,0.2302250736314721,
115,9,cover,test,sel_capped,all,inject,,,0.7499030828475952,129,0.22932472880753396,0.23651009887072444,0.24291679728776217
115,9,cover,test,rand_sel_same_norm,all,inject,0,,0.7499030828475952,129,0.06574049743404142,0.06637250785250653,
115,9,cover,test,rand_sel_same_norm,all,inject,1,,0.7499030828475952,129,0.32438655317111875,0.3328924406232203,
115,9,cover,test,rand_sel_same_norm,all,inject,2,,0.7499030828475952,129,-0.20144204654437559,-0.19826705015890297,
115,9,cover,test,rand_sel_same_norm,all,inject,3,,0.7499030828475952,129,0.0023288557306488933,0.0038489512323266273,
115,9,cover,test,rand_sel_same_norm,all,inject,4,,0.7499030828475952,129,-0.24208177129110275,-0.2366312468137228,
115,9,cover,test,sel_uncapped,all,inject,,,0.7499030828475952,457,0.5116408608786149,0.5312091249474962,0.5249336361885071
115,9,cover,test,sel_target,all,inject,,,0.7499030828475952,129,0.2636534929736145,0.2697767698355059,
115,9,cover,test,sel_xtask,all,inject,,,0.7499030828475952,126,-0.24540416615599359,-0.24012720002847493,-0.18819522811099887
115,9,cover,test,color,all,inject,,,0.7499030828475952,130,0.06155968475718421,0.06264183712264516,
115,9,cover,test,sel_capped,all,remove,,,0.7499030828475952,129,0.8959100047483237,0.9251735745828419,1.065306831151247
115,9,cover,test,attr,all,inject,,,0.7499030828475952,100,0.3402672826927189,0.36259935167011315,0.2624926157295704
115,9,cover,test,rand_attr_same_norm,all,inject,0,,0.7499030828475952,100,-0.026157898326140128,-0.025425964283479905,
115,9,cover,test,rand_attr_same_norm,all,inject,1,,0.7499030828475952,100,0.08334601089268201,0.08421676252567434,
115,9,cover,test,rand_attr_same_norm,all,inject,2,,0.7499030828475952,100,-0.22992085228807913,-0.21470421106942936,
115,9,cover,test,rand_attr_same_norm,all,inject,3,,0.7499030828475952,100,0.1368143129406696,0.14834445244427,
115,9,cover,test,rand_attr_same_norm,all,inject,4,,0.7499030828475952,100,-0.07579511347250989,-0.0748197794660094,
115,9,cover,test,attr,all,remove,,,0.7499030828475952,100,2.3401343868981295,2.424320392654786,2.779456600546837
115,9,cover,test,rand_attr_same_norm,all,remove,0,,0.7499030828475952,100,0.07860881630065153,0.08320812754243215,
115,9,cover,test,rand_attr_same_norm,all,remove,1,,0.7499030828475952,100,0.07370470713407018,0.08169976675782184,
115,9,cover,test,rand_attr_same_norm,all,remove,2,,0.7499030828475952,100,0.11198378289787314,0.11668456266523483,
115,9,cover,test,attr_xtask,all,inject,,,0.7499030828475952,100,0.05209324388619763,0.07440069025637205,0.11270594550296664
115,9,cover,test,rand_attr_raw,all,inject,0,,0.7499030828475952,100,-0.04362034214944188,-0.042863000761547386,-0.09580543264746666
115,9,cover,test,rand_attr_raw,all,inject,1,,0.7499030828475952,100,0.1735196227158342,0.17727802140383653,0.0807297183200717
115,9,cover,test,single_attr_0,all,inject,,,0.7499030828475952,1,0.0,0.0,0.0
115,9,cover,test,single_attr_1,all,inject,,,0.7499030828475952,1,0.0,0.0,0.0
115,9,cover,test,single_attr_2,all,inject,,,0.7499030828475952,1,0.0,0.0,0.0
115,9,cover,test,mlp_ceiling,all,inject,,,0.7499030828475952,,62.714908475969786,74.68707424242965,
115,9,cover,test,mlp_ceiling,all,remove,,,0.7499030828475952,,72.58654639915189,85.43250340761107,
115,9,cover,test,all_tc,all,inject,,,0.7499030828475952,73728,53.65692346553445,65.62614688536364,4.206002131104469
115,9,cover,test,tc_error,all,inject,,,0.7499030828475952,,21.034368028832663,28.415844216937877,
115,9,cover,test,k_attr_10,all,inject,,10,0.7499030828475952,10,-0.04797601771393545,-0.04651272449687442,-0.008885665738489479
115,9,cover,test,k_random_10,all,inject,,10,0.7499030828475952,10,-0.01600790253080131,-0.01578326333617876,-0.000699524662195472
115,9,cover,test,k_magnitude_10,all,inject,,10,0.7499030828475952,10,0.5784464322645566,0.6315449990720259,0.4506489261984825
115,9,cover,test,k_oracle_10,all,inject,,10,0.7499030828475952,10,2.458166836045217,2.539078701512187,2.3261845111846924
115,9,cover,test,k_attr_30,all,inject,,30,0.7499030828475952,30,-0.007487310915599288,-0.005306328356448444,0.047224402078427374
115,9,cover,test,k_random_30,all,inject,,30,0.7499030828475952,30,0.002972669089629232,0.0037009174855179437,-0.0008263865311164409
115,9,cover,test,k_magnitude_30,all,inject,,30,0.7499030828475952,30,1.3927034168049301,1.4744319714698724,1.190718449652195
115,9,cover,test,k_oracle_30,all,inject,,30,0.7499030828475952,30,5.566672596108225,5.805861253830316,5.453696101903915
115,9,cover,test,k_attr_100,all,inject,,100,0.7499030828475952,100,0.3402672826927189,0.36259935167011315,0.2624926157295704
115,9,cover,test,k_random_100,all,inject,,100,0.7499030828475952,100,-0.07010412131160937,-0.06827249855483723,-0.10902308858931065
115,9,cover,test,k_magnitude_100,all,inject,,100,0.7499030828475952,100,1.6531934811751303,1.779767911103021,1.2168304063379765
115,9,cover,test,k_oracle_100,all,inject,,100,0.7499030828475952,100,16.110944461480326,18.43445292860739,12.74784505367279
115,9,cover,test,k_attr_300,all,inject,,300,0.7499030828475952,300,0.7050471629052812,0.7601486054300366,0.5317963659763336
115,9,cover,test,k_random_300,all,inject,,300,0.7499030828475952,300,0.08073896420445204,0.08323706314036614,0.0418085022829473
115,9,cover,test,k_magnitude_300,all,inject,,300,0.7499030828475952,300,1.8347488484086627,1.9334998508806762,1.285841315984726
115,9,cover,test,k_oracle_300,all,inject,,300,0.7499030828475952,300,28.47907598634989,34.42482192121507,24.69048500061035
115,9,cover,test,k_attr_1000,all,inject,,1000,0.7499030828475952,1000,3.015637670107807,3.250849228153418,2.2095579653978348
115,9,cover,test,k_random_1000,all,inject,,1000,0.7499030828475952,1000,0.9057182230814864,0.930315177470989,0.9057413786649704
115,9,cover,test,k_magnitude_1000,all,inject,,1000,0.7499030828475952,1000,3.3775641059268557,3.7310831264837314,1.216135174036026
115,9,cover,test,k_oracle_1000,all,inject,,1000,0.7499030828475952,1000,46.89215394992213,59.07741692305474,46.10229730606079
115,9,cover,test,k_attr_3000,all,inject,,3000,0.7499030828475952,3000,17.19965669646172,21.102853493423478,4.487418755888939
115,9,cover,test,k_random_3000,all,inject,,3000,0.7499030828475952,3000,1.146440832836959,1.2121540185545217,0.895655807107687
115,9,cover,test,k_magnitude_3000,all,inject,,3000,0.7499030828475952,3000,4.57600280289312,5.409992959955395,1.8112622201442719
115,9,cover,test,k_oracle_3000,all,inject,,3000,0.7499030828475952,3000,57.946655850602234,74.37733863831691,72.3215401172638
115,9,cover,test,k_attr_30,all,remove,,30,0.7499030828475952,30,0.19198355398645228,0.1950317293079592,0.11932620545849204
115,9,cover,test,k_attr_100,all,remove,,100,0.7499030828475952,100,2.3401343868981295,2.424320392654786,2.779456600546837
115,9,cover,test,k_attr_300,all,remove,,300,0.7499030828475952,300,8.596084692773065,10.152159466429586,5.972525104880333
115,9,cover,test,k_attr_1000,all,remove,,1000,0.7499030828475952,1000,21.426259604940224,26.616547275593444,12.63292133808136
115,9,cover,test,mlp_ceiling,occluder_tokens,inject,,,0.7499030828475952,,26.487188988470656,32.58925103569514,
115,9,cover,test,attr,occluder_tokens,inject,,,0.7499030828475952,,0.31733639947458814,0.3325438507039967,
115,9,cover,test,mlp_ceiling,other_tokens,inject,,,0.7499030828475952,,18.604290531190536,25.3135537100128,
115,9,cover,test,attr,other_tokens,inject,,,0.7499030828475952,,0.030235382933030408,0.04169643131768223,
115,9,paint,test,sel_capped,all,inject,,,0.1374412328004837,12,0.20956196248180792,0.24163287704245998,0.13013724237680435
115,9,paint,test,rand_sel_same_norm,all,inject,0,,0.1374412328004837,12,0.02166200015720765,0.031832056799230936,
115,9,paint,test,rand_sel_same_norm,all,inject,1,,0.1374412328004837,12,-0.24056963037450974,-0.23279842076453253,
115,9,paint,test,rand_sel_same_norm,all,inject,2,,0.1374412328004837,12,-0.00202742443913273,0.007297387099129501,
115,9,paint,test,sel_capped,all,remove,,,0.1374412328004837,12,1.1788985230700821,1.2664895313423612,0.9342677891254425
115,9,paint,test,attr,all,inject,,,0.1374412328004837,100,1.075792606405901,1.5439105454531816,1.453476957976818
115,9,paint,test,rand_attr_same_norm,all,inject,0,,0.1374412328004837,100,0.2730843142941586,0.2896142301877885,
115,9,paint,test,rand_attr_same_norm,all,inject,1,,0.1374412328004837,100,-0.23482345415661854,-0.0021731728506713985,
115,9,paint,test,rand_attr_same_norm,all,inject,2,,0.1374412328004837,100,-0.4316245686979858,-0.33517853728651514,
115,9,paint,test,attr,all,remove,,,0.1374412328004837,100,0.5949027080210612,1.7297356734625817,0.3266137558966875
115,9,paint,test,rand_attr_same_norm,all,remove,0,,0.1374412328004837,100,0.5904467109917322,0.6196728636443495,
115,9,paint,test,rand_attr_same_norm,all,remove,1,,0.1374412328004837,100,-0.32761877915439275,-0.043442496546977266,
115,9,paint,test,rand_attr_same_norm,all,remove,2,,0.1374412328004837,100,0.8117720719573063,0.8914088583384756,
115,9,paint,test,mlp_ceiling,all,inject,,,0.1374412328004837,,87.85429242073936,94.21312984533863,
115,9,paint,test,mlp_ceiling,all,remove,,,0.1374412328004837,,95.20044770030981,99.94230958412415,
115,9,paint,test,all_tc,all,inject,,,0.1374412328004837,73728,6.893644241220143,22.45791823496032,9.946499764919281
115,9,paint,test,k_attr_10,all,inject,,10,0.1374412328004837,10,0.18349817450487027,0.20592635619897545,0.12608665274456143
115,9,paint,test,k_random_10,all,inject,,10,0.1374412328004837,10,-0.1371601421365387,-0.12702994905371562,-0.014164808089844882
115,9,paint,test,k_attr_30,all,inject,,30,0.1374412328004837,30,0.14820797905356065,0.18733232359328855,0.19263291032984853
115,9,paint,test,k_random_30,all,inject,,30,0.1374412328004837,30,-0.08855616480683004,-0.08068294883814287,-0.005642928590532392
115,9,paint,test,k_attr_100,all,inject,,100,0.1374412328004837,100,1.075792606405901,1.5439105454531816,1.453476957976818
115,9,paint,test,k_random_100,all,inject,,100,0.1374412328004837,100,0.21715125182617534,0.2346355887453348,0.09183903457596898
115,9,paint,test,k_attr_300,all,inject,,300,0.1374412328004837,300,1.4963910218707022,2.0658279631266,1.7416095361113548
115,9,paint,test,k_random_300,all,inject,,300,0.1374412328004837,300,0.4294236747881097,0.5002944427159197,0.32960246317088604
115,9,paint,test,k_attr_1000,all,inject,,1000,0.1374412328004837,1000,2.4957811682626785,3.9625117234368052,2.3729078471660614
115,9,paint,test,k_random_1000,all,inject,,1000,0.1374412328004837,1000,-0.5422330399711628,-0.394816304455382,-0.41404017247259617
115,9,paint,test,k_attr_3000,all,inject,,3000,0.1374412328004837,3000,2.4060107171607337,4.970196290215608,2.502223663032055
115,9,paint,test,k_random_3000,all,inject,,3000,0.1374412328004837,3000,-0.7005022483269618,-0.3275348129908085,-0.7001442834734917
116,9,cover,test,sel_capped,all,inject,,,0.7067393064498901,129,0.3232067016622375,0.3256112765914362,0.21762168034911156
116,9,cover,test,rand_sel_same_norm,all,inject,0,,0.7067393064498901,129,-0.10623154800348811,-0.10540070684795272,
116,9,cover,test,rand_sel_same_norm,all,inject,1,,0.7067393064498901,129,0.1342316067024063,0.1362141611759358,
116,9,cover,test,rand_sel_same_norm,all,inject,2,,0.7067393064498901,129,0.0389386358472632,0.0398887584884555,
116,9,cover,test,rand_sel_same_norm,all,inject,3,,0.7067393064498901,129,0.20433295848114597,0.20580533857417077,
116,9,cover,test,rand_sel_same_norm,all,inject,4,,0.7067393064498901,129,-0.195140168125163,-0.19415764369810326,
116,9,cover,test,sel_uncapped,all,inject,,,0.7067393064498901,457,0.10747974339126998,0.12204046213339945,-0.07227248861454427
116,9,cover,test,sel_target,all,inject,,,0.7067393064498901,129,0.3100163125643207,0.3127040189876235,
116,9,cover,test,sel_xtask,all,inject,,,0.7067393064498901,126,-0.06111097148564504,-0.058309503250949385,-0.10554351611062884
116,9,cover,test,color,all,inject,,,0.7067393064498901,130,-0.020586790145804557,-0.01871270427688388,
116,9,cover,test,sel_capped,all,remove,,,0.7067393064498901,129,-0.28484999474576167,-0.27054387944837355,-0.2779431641101837
116,9,cover,test,attr,all,inject,,,0.7067393064498901,100,0.638367603324852,0.6617242224194642,0.3177480772137642
116,9,cover,test,rand_attr_same_norm,all,inject,0,,0.7067393064498901,100,0.014160270649243856,0.015161629400880292,
116,9,cover,test,rand_attr_same_norm,all,inject,1,,0.7067393064498901,100,0.07154352347678028,0.07263931578985612,
116,9,cover,test,rand_attr_same_norm,all,inject,2,,0.7067393064498901,100,0.15370514150234715,0.1561249012220513,
116,9,cover,test,rand_attr_same_norm,all,inject,3,,0.7067393064498901,100,0.06758809349792783,0.06857993443205194,
116,9,cover,test,rand_attr_same_norm,all,inject,4,,0.7067393064498901,100,-0.09785683165166592,-0.09734951233795332,
116,9,cover,test,attr,all,remove,,,0.7067393064498901,100,1.2195627976376744,1.342296147015192,1.32262222468853
116,9,cover,test,rand_attr_same_norm,all,remove,0,,0.7067393064498901,100,-0.02401089370958065,-0.018580046162093463,
116,9,cover,test,rand_attr_same_norm,all,remove,1,,0.7067393064498901,100,-0.1777582039750314,-0.16725625806065594,
116,9,cover,test,rand_attr_same_norm,all,remove,2,,0.7067393064498901,100,0.35156097797121033,0.37253325707932455,
116,9,cover,test,attr_xtask,all,inject,,,0.7067393064498901,100,0.050914564567883236,0.06261953989300233,-0.2887175651267171
116,9,cover,test,rand_attr_raw,all,inject,0,,0.7067393064498901,100,0.09662550376913215,0.09899822940240557,-0.0012022628652630374
116,9,cover,test,rand_attr_raw,all,inject,1,,0.7067393064498901,100,0.3815514022884825,0.3884532707584366,0.3912166692316532
116,9,cover,test,single_attr_0,all,inject,,,0.7067393064498901,1,0.0,0.0,0.0
116,9,cover,test,single_attr_1,all,inject,,,0.7067393064498901,1,0.0,0.0,0.0
116,9,cover,test,single_attr_2,all,inject,,,0.7067393064498901,1,-0.015366297273922136,-0.01524145803511834,4.545536569366959e-05
116,9,cover,test,mlp_ceiling,all,inject,,,0.7067393064498901,,78.4508322342748,86.06527743494654,
116,9,cover,test,mlp_ceiling,all,remove,,,0.7067393064498901,,83.49456208498557,102.18148320258807,
116,9,cover,test,all_tc,all,inject,,,0.7067393064498901,73728,67.43891939002378,77.81666463586434,6.791997700929642
116,9,cover,test,tc_error,all,inject,,,0.7067393064498901,,24.63424079949276,35.082091256226384,
116,9,cover,test,k_attr_10,all,inject,,10,0.7067393064498901,10,-0.01913618469513434,-0.018412964659091643,-0.016064483497757465
116,9,cover,test,k_random_10,all,inject,,10,0.7067393064498901,10,0.019827752409984356,0.01998205872611174,5.052424967288971e-05
116,9,cover,test,k_magnitude_10,all,inject,,10,0.7067393064498901,10,0.441979239811896,0.47755168830154865,0.2581787062808871
116,9,cover,test,k_oracle_10,all,inject,,10,0.7067393064498901,10,4.408314060802976,4.989479469286763,3.2867450267076492
116,9,cover,test,k_attr_30,all,inject,,30,0.7067393064498901,30,0.2196908220024496,0.22318181488636002,0.17166892066597939
116,9,cover,test,k_random_30,all,inject,,30,0.7067393064498901,30,-0.05580614108757764,-0.054928974804853134,5.101901479065418e-06
116,9,cover,test,k_magnitude_30,all,inject,,30,0.7067393064498901,30,0.7214485003860127,0.7798019077438507,0.38263050373643637
116,9,cover,test,k_oracle_30,all,inject,,30,0.7067393064498901,30,8.305542712824487,9.589546773799928,7.234988361597061
116,9,cover,test,k_attr_100,all,inject,,100,0.7067393064498901,100,0.638367603324852,0.6617242224194642,0.3177480772137642
116,9,cover,test,k_random_100,all,inject,,100,0.7067393064498901,100,0.08061824129607098,0.08435306163416685,0.07183823036029935
116,9,cover,test,k_magnitude_100,all,inject,,100,0.7067393064498901,100,1.3814655466868109,1.4640905524573697,0.6984459701925516
116,9,cover,test,k_oracle_100,all,inject,,100,0.7067393064498901,100,15.854982635746728,19.634771548703817,15.715087950229645
116,9,cover,test,k_attr_300,all,inject,,300,0.7067393064498901,300,1.2783544871527774,1.3122562109819738,0.751521298661828
116,9,cover,test,k_random_300,all,inject,,300,0.7067393064498901,300,0.10192190041458105,0.10560829560528849,0.05778574268333614
116,9,cover,test,k_magnitude_300,all,inject,,300,0.7067393064498901,300,2.493396793386049,2.589367067432995,1.1410193517804146
116,9,cover,test,k_oracle_300,all,inject,,300,0.7067393064498901,300,29.23584803659709,38.20907587089125,29.748916625976562
116,9,cover,test,k_attr_1000,all,inject,,1000,0.7067393064498901,1000,3.2471465663072574,3.3897944022126785,2.5068601593375206
116,9,cover,test,k_random_1000,all,inject,,1000,0.7067393064498901,1000,-0.25469932912871585,-0.23931477027261513,-0.37263529375195503
116,9,cover,test,k_magnitude_1000,all,inject,,1000,0.7067393064498901,1000,4.960783893691534,5.1820061851023365,1.6820691525936127
116,9,cover,test,k_oracle_1000,all,inject,,1000,0.7067393064498901,1000,44.299301904560615,56.60854644247075,53.47661375999451
116,9,cover,test,k_attr_3000,all,inject,,3000,0.7067393064498901,3000,8.133359219331371,8.72418386185982,5.289433524012566
116,9,cover,test,k_random_3000,all,inject,,3000,0.7067393064498901,3000,1.062070901208878,1.1498846730489722,0.025983992964029312
116,9,cover,test,k_magnitude_3000,all,inject,,3000,0.7067393064498901,3000,7.205123538451752,7.72208929146878,2.8703849762678146
116,9,cover,test,k_oracle_3000,all,inject,,3000,0.7067393064498901,3000,59.155677627565154,74.1904168707652,80.00723719596863
116,9,cover,test,k_attr_30,all,remove,,30,0.7067393064498901,30,0.4879010228286518,0.5038412181379335,0.4094191361218691
116,9,cover,test,k_attr_100,all,remove,,100,0.7067393064498901,100,1.2195627976376744,1.342296147015192,1.32262222468853
116,9,cover,test,k_attr_300,all,remove,,300,0.7067393064498901,300,0.9201139771064071,1.173704549596557,1.3556198216974735
116,9,cover,test,k_attr_1000,all,remove,,1000,0.7067393064498901,1000,7.34709733005946,8.21894122782425,6.65070042014122
116,9,cover,test,mlp_ceiling,occluder_tokens,inject,,,0.7067393064498901,,65.67160755252668,76.7354718787412,
116,9,cover,test,attr,occluder_tokens,inject,,,0.7067393064498901,,0.3759092217855975,0.3920486118869668,
116,9,cover,test,mlp_ceiling,other_tokens,inject,,,0.7067393064498901,,11.152608922336782,15.799902486574883,
116,9,cover,test,attr,other_tokens,inject,,,0.7067393064498901,,0.21863660292492648,0.22234257805176347,
116,9,paint,test,sel_capped,all,inject,,,0.1824057400226593,12,0.13201490526705273,0.14788693122286423,0.2957905177026987
116,9,paint,test,rand_sel_same_norm,all,inject,0,,0.1824057400226593,12,0.08295862394720466,0.08989464554664779,
116,9,paint,test,rand_sel_same_norm,all,inject,1,,0.1824057400226593,12,0.05332062417562344,0.05740643969977988,
116,9,paint,test,rand_sel_same_norm,all,inject,2,,0.1824057400226593,12,0.27362049734001026,0.2834075926714692,
116,9,paint,test,sel_capped,all,remove,,,0.1824057400226593,12,0.9648851788924495,1.0252179746428252,0.9297015145421028
116,9,paint,test,attr,all,inject,,,0.1824057400226593,100,2.518151641012256,2.830720617216332,2.4420375004410744
116,9,paint,test,rand_attr_same_norm,all,inject,0,,0.1824057400226593,100,0.34194801390273755,0.37005878196672065,
116,9,paint,test,rand_attr_same_norm,all,inject,1,,0.1824057400226593,100,0.36509963775959164,0.3909264743312982,
116,9,paint,test,rand_attr_same_norm,all,inject,2,,0.1824057400226593,100,-0.38303111777575616,-0.3547533933827889,
116,9,paint,test,attr,all,remove,,,0.1824057400226593,100,6.98201999470307,7.908986117562582,6.675392389297485
116,9,paint,test,rand_attr_same_norm,all,remove,0,,0.1824057400226593,100,0.7160828302035127,0.7382061578112992,
116,9,paint,test,rand_attr_same_norm,all,remove,1,,0.1824057400226593,100,0.7760777227951654,0.8473950805858802,
116,9,paint,test,rand_attr_same_norm,all,remove,2,,0.1824057400226593,100,-0.24377826658874557,-0.2202058375882332,
116,9,paint,test,mlp_ceiling,all,inject,,,0.1824057400226593,,83.78747087053537,94.07071955176816,
116,9,paint,test,mlp_ceiling,all,remove,,,0.1824057400226593,,27.340499281025256,49.80680664957582,
116,9,paint,test,all_tc,all,inject,,,0.1824057400226593,73728,60.07039678484887,80.93152435904408,1.8922142684459686
116,9,paint,test,k_attr_10,all,inject,,10,0.1824057400226593,10,-0.13794577291703636,-0.12957437297280266,-0.0009219362254953012
116,9,paint,test,k_random_10,all,inject,,10,0.1824057400226593,10,0.16438960016639248,0.1719303568805021,0.022411291138269007
116,9,paint,test,k_attr_30,all,inject,,30,0.1824057400226593,30,0.3378307173523276,0.36051285190704574,0.197352422401309
116,9,paint,test,k_random_30,all,inject,,30,0.1824057400226593,30,0.21583129932892797,0.2243816761465074,0.002189500810345635
116,9,paint,test,k_attr_100,all,inject,,100,0.1824057400226593,100,2.518151641012256,2.830720617216332,2.4420375004410744
116,9,paint,test,k_random_100,all,inject,,100,0.1824057400226593,100,-0.017335125555484332,-0.006165302927556578,-0.0169749982887879
116,9,paint,test,k_attr_300,all,inject,,300,0.1824057400226593,300,2.6797636998549645,2.979187512243236,3.0635755509138107
116,9,paint,test,k_random_300,all,inject,,300,0.1824057400226593,300,0.4315972447443639,0.4556832502663211,0.40590199641883373
116,9,paint,test,k_attr_1000,all,inject,,1000,0.1824057400226593,1000,1.9928287150718038,2.752984513985297,1.0571116581559181
116,9,paint,test,k_random_1000,all,inject,,1000,0.1824057400226593,1000,0.08711676669355128,0.16103828506986917,0.14709178358316422
116,9,paint,test,k_attr_3000,all,inject,,3000,0.1824057400226593,3000,29.268799175756442,44.53504939551991,1.9564950838685036
116,9,paint,test,k_random_3000,all,inject,,3000,0.1824057400226593,3000,-0.5573545127939283,-0.17690420349601305,-1.4870399609208107
117,9,cover,test,sel_capped,all,inject,,,0.7214221358299255,129,-0.09191590335155819,-0.08696999105818441,-0.13748185010626912
117,9,cover,test,rand_sel_same_norm,all,inject,0,,0.7214221358299255,129,-0.1344161646405828,-0.1313487046466489,
117,9,cover,test,rand_sel_same_norm,all,inject,1,,0.7214221358299255,129,-0.24605370945733895,-0.24269724720410807,
117,9,cover,test,rand_sel_same_norm,all,inject,2,,0.7214221358299255,129,-0.08492616364501604,-0.08377647964603742,
117,9,cover,test,rand_sel_same_norm,all,inject,3,,0.7214221358299255,129,0.052637862494631094,0.053470609583412355,
117,9,cover,test,rand_sel_same_norm,all,inject,4,,0.7214221358299255,129,-0.2504574107145441,-0.245083642079384,
117,9,cover,test,sel_uncapped,all,inject,,,0.7214221358299255,457,-0.5689615072721033,-0.5017814183088912,-0.5408163648098707
117,9,cover,test,sel_target,all,inject,,,0.7214221358299255,129,-0.1286657404848457,-0.12241888638894352,
117,9,cover,test,sel_xtask,all,inject,,,0.7214221358299255,126,-0.41755019537810245,-0.4037412797481829,-0.29758696909993887
117,9,cover,test,color,all,inject,,,0.7214221358299255,130,-0.022291155707199195,-0.02028426645573851,
117,9,cover,test,sel_capped,all,remove,,,0.7214221358299255,129,4.000147065445359,5.337111170232014,1.675754226744175
117,9,cover,test,attr,all,inject,,,0.7214221358299255,100,0.016433324203712907,0.04837512046483242,-0.015182571951299906
117,9,cover,test,rand_attr_same_norm,all,inject,0,,0.7214221358299255,100,0.11851161507189234,0.12072128713036126,
117,9,cover,test,rand_attr_same_norm,all,inject,1,,0.7214221358299255,100,-0.03605582042482958,-0.03447968060571222,
117,9,cover,test,rand_attr_same_norm,all,inject,2,,0.7214221358299255,100,-0.023943576441598502,-0.022759332487973988,
117,9,cover,test,rand_attr_same_norm,all,inject,3,,0.7214221358299255,100,-0.10608541114913717,-0.10285435372191962,
117,9,cover,test,rand_attr_same_norm,all,inject,4,,0.7214221358299255,100,0.0614039544906797,0.062437133176352536,
117,9,cover,test,attr,all,remove,,,0.7214221358299255,100,6.394950863203941,8.025859843362369,4.710678383708
117,9,cover,test,rand_attr_same_norm,all,remove,0,,0.7214221358299255,100,-0.07015352227939253,-0.06555518064431835,
117,9,cover,test,rand_attr_same_norm,all,remove,1,,0.7214221358299255,100,0.07832474281104229,0.0808116996532129,
117,9,cover,test,rand_attr_same_norm,all,remove,2,,0.7214221358299255,100,0.8896220128880583,0.9254244338940809,
117,9,cover,test,attr_xtask,all,inject,,,0.7214221358299255,100,-0.2981627973169587,-0.2542261091423999,-0.33741872757673264
117,9,cover,test,rand_attr_raw,all,inject,0,,0.7214221358299255,100,-0.007485465926881929,-0.002703457966063801,0.04167640581727028
117,9,cover,test,rand_attr_raw,all,inject,1,,0.7214221358299255,100,0.01729258298560632,0.018610506850200145,0.042760223732329905
117,9,cover,test,single_attr_0,all,inject,,,0.7214221358299255,1,0.0,0.0,0.0
117,9,cover,test,single_attr_1,all,inject,,,0.7214221358299255,1,0.0,0.0,0.0
117,9,cover,test,single_attr_2,all,inject,,,0.7214221358299255,1,-0.01546665807408143,-0.015316274591144678,-0.00032574487249803497
117,9,cover,test,mlp_ceiling,all,inject,,,0.7214221358299255,,69.72112714923135,83.25023086191575,
117,9,cover,test,mlp_ceiling,all,remove,,,0.7214221358299255,,82.59650860023027,101.50760537556442,
117,9,cover,test,all_tc,all,inject,,,0.7214221358299255,73728,37.51468072546228,46.93654782024803,-7.037562876939774
117,9,cover,test,tc_error,all,inject,,,0.7214221358299255,,-15.927369499039745,0.6918681649250386,
117,9,cover,test,k_attr_10,all,inject,,10,0.7214221358299255,10,-0.0426737654661391,-0.042466719014860856,0.00010375740657764254
117,9,cover,test,k_random_10,all,inject,,10,0.7214221358299255,10,-0.03325496727999422,-0.03287240493950681,0.005253009294392541
117,9,cover,test,k_magnitude_10,all,inject,,10,0.7214221358299255,10,0.598878584668594,0.6250315696968438,0.4437061492353678
117,9,cover,test,k_oracle_10,all,inject,,10,0.7214221358299255,10,4.343834053995321,5.579272210323582,2.756737172603607
117,9,cover,test,k_attr_30,all,inject,,30,0.7214221358299255,30,-0.1884751089668235,-0.1851629144520062,-0.1722153276205063
117,9,cover,test,k_random_30,all,inject,,30,0.7214221358299255,30,-0.06338685937197219,-0.06184612574272031,-0.006037818093318492
117,9,cover,test,k_magnitude_30,all,inject,,30,0.7214221358299255,30,0.7698876064726967,0.8240457213605574,0.6825540214776993
117,9,cover,test,k_oracle_30,all,inject,,30,0.7214221358299255,30,6.9889465446023475,8.356300854959745,6.53676763176918
117,9,cover,test,k_attr_100,all,inject,,100,0.7214221358299255,100,0.016433324203712907,0.04837512046483242,-0.015182571951299906
117,9,cover,test,k_random_100,all,inject,,100,0.7214221358299255,100,0.040955247902352276,0.042170536327056446,0.030063948361203074
117,9,cover,test,k_magnitude_100,all,inject,,100,0.7214221358299255,100,1.2535346312272044,1.3817354759709268,1.0161835700273514
117,9,cover,test,k_oracle_100,all,inject,,100,0.7214221358299255,100,10.950914428979164,12.758965752020126,13.55031281709671
117,9,cover,test,k_attr_300,all,inject,,300,0.7214221358299255,300,-0.02651309068359975,0.02588705324742969,-0.009252809104509652
117,9,cover,test,k_random_300,all,inject,,300,0.7214221358299255,300,-0.06667517663345723,-0.06098598402577528,0.02836438943631947
117,9,cover,test,k_magnitude_300,all,inject,,300,0.7214221358299255,300,0.4096929347859768,0.5442228640602781,0.455000763759017
117,9,cover,test,k_oracle_300,all,inject,,300,0.7214221358299255,300,16.225185288002475,18.62155164672565,24.90077167749405
117,9,cover,test,k_attr_1000,all,inject,,1000,0.7214221358299255,1000,-0.4907606960161459,-0.33435211354041994,-0.3710975870490074
117,9,cover,test,k_random_1000,all,inject,,1000,0.7214221358299255,1000,0.03708858338383747,0.09107667754772375,0.0631167902611196
117,9,cover,test,k_magnitude_1000,all,inject,,1000,0.7214221358299255,1000,1.4850800866364144,2.765566436379951,0.0627526140306145
117,9,cover,test,k_oracle_1000,all,inject,,1000,0.7214221358299255,1000,22.8979824355938,27.173004535481702,45.570772886276245
117,9,cover,test,k_attr_3000,all,inject,,3000,0.7214221358299255,3000,-3.66870451453738,-1.2401893633136627,-1.53123177587986
117,9,cover,test,k_random_3000,all,inject,,3000,0.7214221358299255,3000,-3.722895652522351,-2.02933427435811,-0.8475667797029018
117,9,cover,test,k_magnitude_3000,all,inject,,3000,0.7214221358299255,3000,-0.8592339955822537,-0.3545301169463033,-1.1073088273406029
117,9,cover,test,k_oracle_3000,all,inject,,3000,0.7214221358299255,3000,28.38585346085064,36.06014958109787,71.88599109649658
117,9,cover,test,k_attr_30,all,remove,,30,0.7214221358299255,30,0.08880109026719873,0.09779185604907223,0.3297187853604555
117,9,cover,test,k_attr_100,all,remove,,100,0.7214221358299255,100,6.394950863203941,8.025859843362369,4.710678383708
117,9,cover,test,k_attr_300,all,remove,,300,0.7214221358299255,300,4.756104765126978,5.750171596746891,3.961286321282387
117,9,cover,test,k_attr_1000,all,remove,,1000,0.7214221358299255,1000,6.794043518978676,7.878185911190872,5.846908688545227
117,9,cover,test,mlp_ceiling,occluder_tokens,inject,,,0.7214221358299255,,56.89442807859408,70.42972147799875,
117,9,cover,test,attr,occluder_tokens,inject,,,0.7214221358299255,,0.24897023205358026,0.2620219395047962,
117,9,cover,test,mlp_ceiling,other_tokens,inject,,,0.7214221358299255,,-13.548701589752676,-2.304402796830122,
117,9,cover,test,attr,other_tokens,inject,,,0.7214221358299255,,-0.328030302091431,-0.31103225778011356,
117,9,paint,test,sel_capped,all,inject,,,0.47654300928115845,12,-0.4300652965298024,-0.42463961593012367,-0.326200551353395
117,9,paint,test,rand_sel_same_norm,all,inject,0,,0.47654300928115845,12,0.07098754043900479,0.0720512589937337,
117,9,paint,test,rand_sel_same_norm,all,inject,1,,0.47654300928115845,12,-0.12895454883732338,-0.12828057983743535,
117,9,paint,test,rand_sel_same_norm,all,inject,2,,0.47654300928115845,12,-0.053564292472918495,-0.052791593711640716,
117,9,paint,test,sel_capped,all,remove,,,0.47654300928115845,12,0.40324250021732677,0.40933129897557563,0.09097667061723769
117,9,paint,test,attr,all,inject,,,0.47654300928115845,100,5.165123735704458,7.777394118304295,-0.15501631423830986
117,9,paint,test,rand_attr_same_norm,all,inject,0,,0.47654300928115845,100,0.6427402403857863,0.659506675402872,
117,9,paint,test,rand_attr_same_norm,all,inject,1,,0.47654300928115845,100,0.4161191935275088,0.4311291301679563,
117,9,paint,test,rand_attr_same_norm,all,inject,2,,0.47654300928115845,100,-0.458926850500907,-0.3643096869940222,
117,9,paint,test,attr,all,remove,,,0.47654300928115845,100,62.90335350619414,85.1523927744696,19.417797029018402
117,9,paint,test,rand_attr_same_norm,all,remove,0,,0.47654300928115845,100,-0.13437038973416193,-0.11288726083881874,
117,9,paint,test,rand_attr_same_norm,all,remove,1,,0.47654300928115845,100,-0.8249401349457397,-0.798854384519869,
117,9,paint,test,rand_attr_same_norm,all,remove,2,,0.47654300928115845,100,1.8652256110488152,2.0567800995935093,
117,9,paint,test,mlp_ceiling,all,inject,,,0.47654300928115845,,72.13444481064258,86.0272483602337,
117,9,paint,test,mlp_ceiling,all,remove,,,0.47654300928115845,,96.97503436494887,101.4469452141631,
117,9,paint,test,all_tc,all,inject,,,0.47654300928115845,73728,45.74110404355687,56.168825185151626,7.594051212072372
117,9,paint,test,k_attr_10,all,inject,,10,0.47654300928115845,10,-0.6824584915819942,-0.6586232090762979,-0.7052698638290167
117,9,paint,test,k_random_10,all,inject,,10,0.47654300928115845,10,-0.028073567882191952,-0.02680640181687531,-0.022054018336348236
117,9,paint,test,k_attr_30,all,inject,,30,0.47654300928115845,30,-0.29623273857060095,-0.2668313338612844,-0.6283052731305361
117,9,paint,test,k_random_30,all,inject,,30,0.47654300928115845,30,-0.03435869501999811,-0.03341633717944623,0.004300188447814435
117,9,paint,test,k_attr_100,all,inject,,100,0.47654300928115845,100,5.165123735704458,7.777394118304295,-0.15501631423830986
117,9,paint,test,k_random_100,all,inject,,100,0.47654300928115845,100,0.026228679816864275,0.028388231457924823,0.09386147139593959
117,9,paint,test,k_attr_300,all,inject,,300,0.47654300928115845,300,8.191428087201292,10.913327173451048,1.128353737294674
117,9,paint,test,k_random_300,all,inject,,300,0.47654300928115845,300,0.17163712865373437,0.1841705955433834,0.21981364116072655
117,9,paint,test,k_attr_1000,all,inject,,1000,0.47654300928115845,1000,11.421270496237367,14.629445261197311,1.1019635945558548
117,9,paint,test,k_random_1000,all,inject,,1000,0.47654300928115845,1000,0.05331413815897745,0.07303053072297683,0.09336070506833494
117,9,paint,test,k_attr_3000,all,inject,,3000,0.47654300928115845,3000,24.279008363284106,31.181246057284987,3.4640248864889145
117,9,paint,test,k_random_3000,all,inject,,3000,0.47654300928115845,3000,4.4505329224965635,6.964816871806232,0.36456421948969364
118,9,cover,test,sel_capped,all,inject,,,0.658423125743866,129,0.11946762899801566,0.12286549357751542,0.15941321616992354
118,9,cover,test,rand_sel_same_norm,all,inject,0,,0.658423125743866,129,0.020739587636164902,0.02130815218831444,
118,9,cover,test,rand_sel_same_norm,all,inject,1,,0.658423125743866,129,-0.007441266275387548,-0.006042526699637025,
118,9,cover,test,rand_sel_same_norm,all,inject,2,,0.658423125743866,129,0.0712623456446404,0.07219770335661738,
118,9,cover,test,rand_sel_same_norm,all,inject,3,,0.658423125743866,129,-0.08559266743777272,-0.08461748998346429,
118,9,cover,test,rand_sel_same_norm,all,inject,4,,0.658423125743866,129,-0.04357938667851613,-0.042926500616154654,
118,9,cover,test,sel_uncapped,all,inject,,,0.658423125743866,457,0.7026836628085231,0.728850424811835,0.9991627186536789
118,9,cover,test,sel_target,all,inject,,,0.658423125743866,129,0.18522597233677773,0.1891080645337277,
118,9,cover,test,sel_xtask,all,inject,,,0.658423125743866,126,0.07729140080208197,0.08062637235074617,0.1996392384171486
118,9,cover,test,color,all,inject,,,0.658423125743866,130,0.048748441475665594,0.04980685963969032,
118,9,cover,test,sel_capped,all,remove,,,0.658423125743866,129,-0.28752980467037226,-0.27260190090046876,-0.4611399956047535
118,9,cover,test,attr,all,inject,,,0.658423125743866,100,0.7060421905313641,0.7299247294732104,0.9334939531981945
118,9,cover,test,rand_attr_same_norm,all,inject,0,,0.658423125743866,100,0.02283979904236233,0.023697314344252856,
118,9,cover,test,rand_attr_same_norm,all,inject,1,,0.658423125743866,100,-0.10732804496480508,-0.10654186085858693,
118,9,cover,test,rand_attr_same_norm,all,inject,2,,0.658423125743866,100,0.11676089102192755,0.11797691240560072,
118,9,cover,test,rand_attr_same_norm,all,inject,3,,0.658423125743866,100,-0.022097482941885183,-0.021194983494393867,
118,9,cover,test,rand_attr_same_norm,all,inject,4,,0.658423125743866,100,-0.026759590158231816,-0.025945264832739203,
118,9,cover,test,attr,all,remove,,,0.658423125743866,100,2.2371958846357454,2.3125060715419212,1.7326220870018005
118,9,cover,test,rand_attr_same_norm,all,remove,0,,0.658423125743866,100,-0.25353715885030326,-0.2472194105724476,
118,9,cover,test,rand_attr_same_norm,all,remove,1,,0.658423125743866,100,-0.6030594105448817,-0.5903645088532383,
118,9,cover,test,rand_attr_same_norm,all,remove,2,,0.658423125743866,100,0.7982342291549704,0.8206849319011835,
118,9,cover,test,attr_xtask,all,inject,,,0.658423125743866,100,0.9544283998552672,0.9815239113913893,1.1232595890760422
118,9,cover,test,rand_attr_raw,all,inject,0,,0.658423125743866,100,-0.43066102252955485,-0.42650696424714085,-0.29304390773177147
118,9,cover,test,rand_attr_raw,all,inject,1,,0.658423125743866,100,0.05481370717458356,0.05527794016743075,0.11069976026192307
118,9,cover,test,single_attr_0,all,inject,,,0.658423125743866,1,0.0,0.0,0.0
118,9,cover,test,single_attr_1,all,inject,,,0.658423125743866,1,0.0,0.0,0.0
118,9,cover,test,single_attr_2,all,inject,,,0.658423125743866,1,0.0,0.0,0.0
118,9,cover,test,mlp_ceiling,all,inject,,,0.658423125743866,,32.626630300419855,43.18925350656058,
118,9,cover,test,mlp_ceiling,all,remove,,,0.658423125743866,,68.61860269495145,81.03897432122425,
118,9,cover,test,all_tc,all,inject,,,0.658423125743866,73728,31.995620878165376,42.118796669164674,15.74888676404953
118,9,cover,test,tc_error,all,inject,,,0.658423125743866,,-1.7432931514007155,0.5583694942051092,
118,9,cover,test,k_attr_10,all,inject,,10,0.658423125743866,10,-0.02350064142448982,-0.023282967257224053,-0.0034140917705371976
118,9,cover,test,k_random_10,all,inject,,10,0.658423125743866,10,-0.014384637605346917,-0.013921409048440294,-0.01747574278851971
118,9,cover,test,k_magnitude_10,all,inject,,10,0.658423125743866,10,1.0259985351025458,1.0508285040062624,1.0158617049455643
118,9,cover,test,k_oracle_10,all,inject,,10,0.658423125743866,10,3.654449320495612,3.858721328746013,4.953361675143242
118,9,cover,test,k_attr_30,all,inject,,30,0.658423125743866,30,0.050595179091450504,0.052995695837735515,0.12542408658191562
118,9,cover,test,k_random_30,all,inject,,30,0.658423125743866,30,-0.07354360975826424,-0.07187058116195887,0.023518885427620262
118,9,cover,test,k_magnitude_30,all,inject,,30,0.658423125743866,30,1.3227891857579999,1.360487984028853,1.3083410449326038
118,9,cover,test,k_oracle_30,all,inject,,30,0.658423125743866,30,1.5430398043472016,3.2603429030890396,9.491592645645142
118,9,cover,test,k_attr_100,all,inject,,100,0.658423125743866,100,0.7060421905313641,0.7299247294732104,0.9334939531981945
118,9,cover,test,k_random_100,all,inject,,100,0.658423125743866,100,0.044439387038819333,0.04507461890452388,0.13491918798536062
118,9,cover,test,k_magnitude_100,all,inject,,100,0.658423125743866,100,1.5423427514235977,1.6054052486481203,1.6417663544416428
118,9,cover,test,k_oracle_100,all,inject,,100,0.658423125743866,100,11.593076435836236,12.635278479378178,19.476592540740967
118,9,cover,test,k_attr_300,all,inject,,300,0.658423125743866,300,1.1571440637298314,1.1905882024334036,1.3499608263373375
118,9,cover,test,k_random_300,all,inject,,300,0.658423125743866,300,-0.21256493115877628,-0.20774458703810525,-0.15793086495250463
118,9,cover,test,k_magnitude_300,all,inject,,300,0.658423125743866,300,2.9765608259696985,3.1035792732693666,3.358924016356468
118,9,cover,test,k_oracle_300,all,inject,,300,0.658423125743866,300,28.623120412633607,34.292538907144575,36.256641149520874
118,9,cover,test,k_attr_1000,all,inject,,1000,0.658423125743866,1000,6.560544432733351,8.14470762169331,2.796219475567341
118,9,cover,test,k_random_1000,all,inject,,1000,0.658423125743866,1000,0.026125905682217176,0.05030624651609142,-0.1298998948186636
118,9,cover,test,k_magnitude_1000,all,inject,,1000,0.658423125743866,1000,4.164221323536932,4.366641636326555,4.83359694480896
118,9,cover,test,k_oracle_1000,all,inject,,1000,0.658423125743866,1000,43.24127527371322,53.512971528767494,66.48048758506775
118,9,cover,test,k_attr_3000,all,inject,,3000,0.658423125743866,3000,17.98322311297137,22.088415327055735,9.968015551567078
118,9,cover,test,k_random_3000,all,inject,,3000,0.658423125743866,3000,0.1591996456436373,0.22783362852591912,0.4531172104179859
118,9,cover,test,k_magnitude_3000,all,inject,,3000,0.658423125743866,3000,5.392528153922327,5.957985231596515,6.49227648973465
118,9,cover,test,k_oracle_3000,all,inject,,3000,0.658423125743866,3000,58.62483498177298,75.11739822838692,102.89359092712402
118,9,cover,test,k_attr_30,all,remove,,30,0.658423125743866,30,-0.28306685543222354,-0.2675736302676849,-0.378415803425014
118,9,cover,test,k_attr_100,all,remove,,100,0.658423125743866,100,2.2371958846357454,2.3125060715419212,1.7326220870018005
118,9,cover,test,k_attr_300,all,remove,,300,0.658423125743866,300,21.149681071129546,28.03025000573214,7.079874724149704
118,9,cover,test,k_attr_1000,all,remove,,1000,0.658423125743866,1000,35.14793861987323,46.426106896145306,19.047407805919647
118,9,cover,test,mlp_ceiling,occluder_tokens,inject,,,0.658423125743866,,-38.42717883580755,-3.4999736522735674,
118,9,cover,test,attr,occluder_tokens,inject,,,0.658423125743866,,0.374896788640966,0.37847948062697934,
118,9,cover,test,mlp_ceiling,other_tokens,inject,,,0.658423125743866,,-11.821872742216154,-4.565728501562561,
118,9,cover,test,attr,other_tokens,inject,,,0.658423125743866,,0.3911462691328582,0.4082280719035488,
118,9,paint,test,sel_capped,all,inject,,,0.1451582908630371,12,-0.7421103807581098,-0.7270526350678957,-0.41499435901641846
118,9,paint,test,rand_sel_same_norm,all,inject,0,,0.1451582908630371,12,0.22574765372725958,0.2322650616873815,
118,9,paint,test,rand_sel_same_norm,all,inject,1,,0.1451582908630371,12,0.1798097359231865,0.18721800979579312,
118,9,paint,test,rand_sel_same_norm,all,inject,2,,0.1451582908630371,12,0.13105908304015257,0.13571718762012136,
118,9,paint,test,sel_capped,all,remove,,,0.1451582908630371,12,-4.929913622342896,-4.5948569289703975,-4.455844685435295
118,9,paint,test,attr,all,inject,,,0.1451582908630371,100,-0.18197574724310162,0.13893303553849834,-1.2104684486985207
118,9,paint,test,rand_attr_same_norm,all,inject,0,,0.1451582908630371,100,-1.1722843350776335,-1.1409256398288157,
118,9,paint,test,rand_attr_same_norm,all,inject,1,,0.1451582908630371,100,-0.052918428218995395,-0.03696127528501152,
118,9,paint,test,rand_attr_same_norm,all,inject,2,,0.1451582908630371,100,0.03914218560602256,0.08121963293546175,
118,9,paint,test,attr,all,remove,,,0.1451582908630371,100,65.44554442232581,79.04272620511571,31.66293501853943
118,9,paint,test,rand_attr_same_norm,all,remove,0,,0.1451582908630371,100,1.2767661512586237,1.405436619757924,
118,9,paint,test,rand_attr_same_norm,all,remove,1,,0.1451582908630371,100,-0.5691169079459657,-0.5402679057571549,
118,9,paint,test,rand_attr_same_norm,all,remove,2,,0.1451582908630371,100,1.7978099264500558,1.9566933571419196,
118,9,paint,test,mlp_ceiling,all,inject,,,0.1451582908630371,,18.561700731557494,25.46199666380644,
118,9,paint,test,mlp_ceiling,all,remove,,,0.1451582908630371,,95.6629119989636,100.11164396727843,
118,9,paint,test,all_tc,all,inject,,,0.1451582908630371,73728,13.81330091091555,20.92967154224564,25.94868838787079
118,9,paint,test,k_attr_10,all,inject,,10,0.1451582908630371,10,-0.6918096439446852,-0.6729013890612189,-0.7221956737339497
118,9,paint,test,k_random_10,all,inject,,10,0.1451582908630371,10,-0.011384391250213177,-0.006370266552012627,-0.0390233239158988
118,9,paint,test,k_attr_30,all,inject,,30,0.1451582908630371,30,-1.0615200595232244,-0.9909808394847864,-1.6822032630443573
118,9,paint,test,k_random_30,all,inject,,30,0.1451582908630371,30,0.45641246111445266,0.4673380738968361,0.023391880677081645
118,9,paint,test,k_attr_100,all,inject,,100,0.1451582908630371,100,-0.18197574724310162,0.13893303553849834,-1.2104684486985207
118,9,paint,test,k_random_100,all,inject,,100,0.1451582908630371,100,0.280431740462983,0.29008551525724374,0.1303580473177135
118,9,paint,test,k_attr_300,all,inject,,300,0.1451582908630371,300,1.1861632322555438,1.691590660791721,0.4234954249113798
118,9,paint,test,k_random_300,all,inject,,300,0.1451582908630371,300,-1.0677614570706817,-1.044047810864632,-1.011358667165041
118,9,paint,test,k_attr_1000,all,inject,,1000,0.1451582908630371,1000,2.979528216044336,4.114194476200218,1.8682535737752914
118,9,paint,test,k_random_1000,all,inject,,1000,0.1451582908630371,1000,0.3223969266044513,0.3632437191458832,0.5298066884279251
118,9,paint,test,k_attr_3000,all,inject,,3000,0.1451582908630371,3000,10.882697860514623,13.429090756969634,10.477221012115479
118,9,paint,test,k_random_3000,all,inject,,3000,0.1451582908630371,3000,-1.4358601959798767,-1.2916844164755124,-1.010744459927082
119,9,cover,test,sel_capped,all,inject,,,0.7890999913215637,129,-0.1861181679657653,-0.18412497703962197,-0.10460132034495473
119,9,cover,test,rand_sel_same_norm,all,inject,0,,0.7890999913215637,129,-0.037978983300801517,-0.03772706378572428,
119,9,cover,test,rand_sel_same_norm,all,inject,1,,0.7890999913215637,129,-0.058970151676485116,-0.05827393828796499,
119,9,cover,test,rand_sel_same_norm,all,inject,2,,0.7890999913215637,129,-0.0009290801404215898,-0.0005687692607000481,
119,9,cover,test,rand_sel_same_norm,all,inject,3,,0.7890999913215637,129,0.049769992237269634,0.05017981155091415,
119,9,cover,test,rand_sel_same_norm,all,inject,4,,0.7890999913215637,129,-0.06410652968853459,-0.06380607470646249,
119,9,cover,test,sel_uncapped,all,inject,,,0.7890999913215637,457,-0.08268057899971648,-0.07317842405618886,-0.06915280828252435
119,9,cover,test,sel_target,all,inject,,,0.7890999913215637,129,-0.05700624243658581,-0.05523022227081228,
119,9,cover,test,sel_xtask,all,inject,,,0.7890999913215637,126,-0.21455708445889954,-0.2136784640475925,-0.182461179792881
119,9,cover,test,color,all,inject,,,0.7890999913215637,130,-0.05475530030778497,-0.054109942510136524,
119,9,cover,test,sel_capped,all,remove,,,0.7890999913215637,129,0.2662230044623848,0.27411336139444226,0.27986285276710987
119,9,cover,test,attr,all,inject,,,0.7890999913215637,100,0.03065964463364601,0.039410317509515146,-0.07816553697921336
119,9,cover,test,rand_attr_same_norm,all,inject,0,,0.7890999913215637,100,0.09122358419327847,0.09273541395491781,
119,9,cover,test,rand_attr_same_norm,all,inject,1,,0.7890999913215637,100,-0.034859389008201624,-0.03463685718752514,
119,9,cover,test,rand_attr_same_norm,all,inject,2,,0.7890999913215637,100,0.03037261174473338,0.031025510969932137,
119,9,cover,test,rand_attr_same_norm,all,inject,3,,0.7890999913215637,100,-0.04623495560545088,-0.0456773326177502,
119,9,cover,test,rand_attr_same_norm,all,inject,4,,0.7890999913215637,100,0.01000083012933084,0.010177872424300242,
119,9,cover,test,attr,all,remove,,,0.7890999913215637,100,-0.10121686082553705,-0.06989230336665743,-0.20821115467697382
119,9,cover,test,rand_attr_same_norm,all,remove,0,,0.7890999913215637,100,-0.19596037465647864,-0.18340724643095868,
119,9,cover,test,rand_attr_same_norm,all,remove,1,,0.7890999913215637,100,0.042012550739667365,0.043319122765041095,
119,9,cover,test,rand_attr_same_norm,all,remove,2,,0.7890999913215637,100,-0.08617029464907944,-0.08474721148900034,
119,9,cover,test,attr_xtask,all,inject,,,0.7890999913215637,100,-0.14399231476993624,-0.1332691427327371,-0.1021297532133758
119,9,cover,test,rand_attr_raw,all,inject,0,,0.7890999913215637,100,0.0739789503675592,0.07511543245817316,0.0947848369833082
119,9,cover,test,rand_attr_raw,all,inject,1,,0.7890999913215637,100,0.02401256720629963,0.024698944227272614,0.0729687511920929
119,9,cover,test,single_attr_0,all,inject,,,0.7890999913215637,1,0.0,0.0,0.0
119,9,cover,test,single_attr_1,all,inject,,,0.7890999913215637,1,0.0,0.0,0.0
119,9,cover,test,single_attr_2,all,inject,,,0.7890999913215637,1,0.0,0.0,0.0
119,9,cover,test,mlp_ceiling,all,inject,,,0.7890999913215637,,74.05754072788973,85.32858186973286,
119,9,cover,test,mlp_ceiling,all,remove,,,0.7890999913215637,,70.54752694351292,83.90711961283105,
119,9,cover,test,all_tc,all,inject,,,0.7890999913215637,73728,48.45469801458595,62.01945464730654,1.5467402525246143
119,9,cover,test,tc_error,all,inject,,,0.7890999913215637,,-7.178027843851997,-4.974137258653914,
119,9,cover,test,k_attr_10,all,inject,,10,0.7890999913215637,10,-0.038998705406134704,-0.038822612840959204,-0.028087029932066798
119,9,cover,test,k_random_10,all,inject,,10,0.7890999913215637,10,-0.015091887158913408,-0.014960914441711078,-0.00017814763850765303
119,9,cover,test,k_magnitude_10,all,inject,,10,0.7890999913215637,10,0.008127562854354231,0.01720433197657497,-0.042640711762942374
119,9,cover,test,k_oracle_10,all,inject,,10,0.7890999913215637,10,1.6740815570718492,1.7411112399377795,2.109122648835182
119,9,cover,test,k_attr_30,all,inject,,30,0.7890999913215637,30,0.08948627986568036,0.09041469330816172,0.0923844869248569
119,9,cover,test,k_random_30,all,inject,,30,0.7890999913215637,30,0.026950877569065224,0.028644358379565655,0.031029176898300648
119,9,cover,test,k_magnitude_30,all,inject,,30,0.7890999913215637,30,0.10653452276740971,0.11804249457055105,0.007875141454860568
119,9,cover,test,k_oracle_30,all,inject,,30,0.7890999913215637,30,3.227125876989334,3.3781008631596827,4.179254174232483
119,9,cover,test,k_attr_100,all,inject,,100,0.7890999913215637,100,0.03065964463364601,0.039410317509515146,-0.07816553697921336
119,9,cover,test,k_random_100,all,inject,,100,0.7890999913215637,100,0.09470574634555806,0.09532339305184566,0.13960918877273798
119,9,cover,test,k_magnitude_100,all,inject,,100,0.7890999913215637,100,0.11775901942313594,0.1381708957258742,0.029731434187851846
119,9,cover,test,k_oracle_100,all,inject,,100,0.7890999913215637,100,6.113385091405998,6.467689501403686,8.881834149360657
119,9,cover,test,k_attr_300,all,inject,,300,0.7890999913215637,300,0.25983274593562866,0.27538185445394053,0.16065320232883096
119,9,cover,test,k_random_300,all,inject,,300,0.7890999913215637,300,0.04464116772230353,0.04663898579113612,0.012235638860147446
119,9,cover,test,k_magnitude_300,all,inject,,300,0.7890999913215637,300,0.03459501661051689,0.07089581481449975,0.00300593237625435
119,9,cover,test,k_oracle_300,all,inject,,300,0.7890999913215637,300,9.890042987707215,10.933164899465838,17.182576656341553
119,9,cover,test,k_attr_1000,all,inject,,1000,0.7890999913215637,1000,3.277621004945952,4.27752324008593,1.0798534378409386
119,9,cover,test,k_random_1000,all,inject,,1000,0.7890999913215637,1000,0.21863597288022119,0.2311124011719166,0.24946951307356358
119,9,cover,test,k_magnitude_1000,all,inject,,1000,0.7890999913215637,1000,0.3417504217306244,0.42984468527329844,0.6322747562080622
119,9,cover,test,k_oracle_1000,all,inject,,1000,0.7890999913215637,1000,18.90425043589343,23.101891322522675,31.685906648635864
119,9,cover,test,k_attr_3000,all,inject,,3000,0.7890999913215637,3000,5.727348516315667,7.143177959269348,2.4184267967939377
119,9,cover,test,k_random_3000,all,inject,,3000,0.7890999913215637,3000,-0.6034639884383131,-0.5766930843603935,-0.43874746188521385
119,9,cover,test,k_magnitude_3000,all,inject,,3000,0.7890999913215637,3000,3.6101410532490608,4.847441218806705,0.5094928201287985
119,9,cover,test,k_oracle_3000,all,inject,,3000,0.7890999913215637,3000,37.9230118874671,48.14347468069365,48.678964376449585
119,9,cover,test,k_attr_30,all,remove,,30,0.7890999913215637,30,-0.06948461960702979,-0.06690615102357339,0.0022081483621150255
119,9,cover,test,k_attr_100,all,remove,,100,0.7890999913215637,100,-0.10121686082553705,-0.06989230336665743,-0.20821115467697382
119,9,cover,test,k_attr_300,all,remove,,300,0.7890999913215637,300,-0.35256702954422625,-0.3022634270207776,-0.6260787602514029
119,9,cover,test,k_attr_1000,all,remove,,1000,0.7890999913215637,1000,2.135577567956737,2.43016785029669,1.5221421606838703
119,9,cover,test,mlp_ceiling,occluder_tokens,inject,,,0.7890999913215637,,25.56173658221328,34.21184019303836,
119,9,cover,test,attr,occluder_tokens,inject,,,0.7890999913215637,,0.16349544422153972,0.16926497508936825,
119,9,cover,test,mlp_ceiling,other_tokens,inject,,,0.7890999913215637,,-8.108021957411715,-5.186245729728511,
119,9,cover,test,attr,other_tokens,inject,,,0.7890999913215637,,-0.12042540389114453,-0.11773671447413829,
119,9,paint,test,sel_capped,all,inject,,,0.19167949259281158,12,0.5680072124049973,0.5823456746747908,0.6028931122273207
119,9,paint,test,rand_sel_same_norm,all,inject,0,,0.19167949259281158,12,-0.06530936277855393,-0.06290265704196785,
119,9,paint,test,rand_sel_same_norm,all,inject,1,,0.19167949259281158,12,0.11191448477085864,0.11436611818697917,
119,9,paint,test,rand_sel_same_norm,all,inject,2,,0.19167949259281158,12,-0.002425487583246344,-0.00012864987148671964,
119,9,paint,test,sel_capped,all,remove,,,0.19167949259281158,12,1.162585952244477,1.2584716050820175,1.4875893481075764
119,9,paint,test,attr,all,inject,,,0.19167949259281158,100,1.3617402500257891,1.4376615570362388,1.1506014503538609
119,9,paint,test,rand_attr_same_norm,all,inject,0,,0.19167949259281158,100,-0.0030318594790745834,0.01422312016302266,
119,9,paint,test,rand_attr_same_norm,all,inject,1,,0.19167949259281158,100,-0.0932024699859424,-0.08945451017603065,
119,9,paint,test,rand_attr_same_norm,all,inject,2,,0.19167949259281158,100,-0.36199624780179906,-0.34514432459471456,
119,9,paint,test,attr,all,remove,,,0.19167949259281158,100,3.403301135244796,3.7053051798740952,3.655267506837845
119,9,paint,test,rand_attr_same_norm,all,remove,0,,0.19167949259281158,100,0.33748483001335705,0.4109208199486577,
119,9,paint,test,rand_attr_same_norm,all,remove,1,,0.19167949259281158,100,-0.5034208315022326,-0.47649678851217536,
119,9,paint,test,rand_attr_same_norm,all,remove,2,,0.19167949259281158,100,-0.5321613045640383,-0.5007288954736404,
119,9,paint,test,mlp_ceiling,all,inject,,,0.19167949259281158,,84.61305174303546,94.46656652339826,
119,9,paint,test,mlp_ceiling,all,remove,,,0.19167949259281158,,89.30803093709412,95.03854749494123,
119,9,paint,test,all_tc,all,inject,,,0.19167949259281158,73728,70.27871456621126,79.87349465274252,32.1112334728241
119,9,paint,test,k_attr_10,all,inject,,10,0.19167949259281158,10,0.2556323980772435,0.26089972320929633,0.1382055110298097
119,9,paint,test,k_random_10,all,inject,,10,0.19167949259281158,10,-0.07780217863202488,-0.07542107497284747,0.011947676830459386
119,9,paint,test,k_attr_30,all,inject,,30,0.19167949259281158,30,0.7834635853852912,0.7923855811863157,0.5544926971197128
119,9,paint,test,k_random_30,all,inject,,30,0.19167949259281158,30,0.10666703567246971,0.10956391871690294,0.0013521510481950827
119,9,paint,test,k_attr_100,all,inject,,100,0.19167949259281158,100,1.3617402500257891,1.4376615570362388,1.1506014503538609
119,9,paint,test,k_random_100,all,inject,,100,0.19167949259281158,100,0.3709363462657156,0.37702762076058205,0.1124780043028295
119,9,paint,test,k_attr_300,all,inject,,300,0.19167949259281158,300,3.6694906235081204,3.8574645144639783,2.9527202248573303
119,9,paint,test,k_random_300,all,inject,,300,0.19167949259281158,300,0.11214770473078062,0.1255271200983164,0.3062468022108078
119,9,paint,test,k_attr_1000,all,inject,,1000,0.19167949259281158,1000,7.1147402555453265,7.90789130685482,4.871582612395287
119,9,paint,test,k_random_1000,all,inject,,1000,0.19167949259281158,1000,0.13987755796623924,0.22439692364440414,-0.09788412135094404
119,9,paint,test,k_attr_3000,all,inject,,3000,0.19167949259281158,3000,14.8708043048984,17.77140933171611,11.608397960662842
119,9,paint,test,k_random_3000,all,inject,,3000,0.19167949259281158,3000,1.7275379831744209,1.9007997617920183,1.2473918497562408
